District_Name,Level,Name,Total/Rural/Urban,No of Households,Total Population Person,Total Worker Population Person,Main Cultivator Population Person,Main Agricultural Labourers Population Person,Main Household Industries Population Person,Main Other Workers Population Person,Marginal Cultivator Population Person,Marginal Agriculture Labourers Population Person,Marginal Household Industries Population Person,Marginal Other Workers Population Person,Non Working Population Person
Nagpur,CD BLOCK,Narkhed,Rural,27638,118003,62941,18594,30192,571,4233,2259,6312,149,631,55062
Nagpur,VILLAGE,Khargad,Rural,85,366,220,55,25,0,0,59,81,0,0,146
Nagpur,VILLAGE,Ambada,Rural,366,1513,784,277,239,13,52,62,119,2,20,729
Nagpur,VILLAGE,Saiwada,Rural,144,557,359,120,187,2,50,0,0,0,0,198
Nagpur,VILLAGE,Thadipavni,Rural,554,2204,1292,235,713,5,43,32,246,0,18,912
Nagpur,VILLAGE,Khedi Kh,Rural,139,517,272,21,230,0,4,0,17,0,0,245
Nagpur,VILLAGE,Kharbadi,Rural,171,733,381,87,6,0,8,103,174,0,3,352
Nagpur,VILLAGE,Mahendri,Rural,245,1029,559,196,306,4,19,1,32,0,1,470
Nagpur,VILLAGE,Nandni,Rural,76,330,191,118,59,3,7,1,3,0,0,139
Nagpur,VILLAGE,Mirjapur,Rural,0,0,0,0,0,0,0,0,0,0,0,0
Nagpur,VILLAGE,Shabaspur,Rural,0,0,0,0,0,0,0,0,0,0,0,0
Nagpur,VILLAGE,Gaulkheda,Rural,0,0,0,0,0,0,0,0,0,0,0,0
Nagpur,VILLAGE,Mundmalipura,Rural,0,0,0,0,0,0,0,0,0,0,0,0
Nagpur,VILLAGE,Jalalkheda,Rural,792,3423,1366,233,732,44,309,14,18,3,13,2057
Nagpur,VILLAGE,Ramgaon,Rural,0,0,0,0,0,0,0,0,0,0,0,0
Nagpur,VILLAGE,Madna,Rural,218,906,565,94,404,11,35,3,14,0,4,341
Nagpur,VILLAGE,Thugaon (Deo),Rural,495,2130,1035,344,547,12,64,6,39,9,14,1095
Nagpur,VILLAGE,Mohgaon,Rural,3,16,9,0,2,0,0,0,0,0,7,7
Nagpur,VILLAGE,Dindargaon,Rural,194,810,418,94,267,9,42,0,3,0,3,392
Nagpur,VILLAGE,Sonpur,Rural,0,0,0,0,0,0,0,0,0,0,0,0
Nagpur,VILLAGE,Bopapur,Rural,19,73,66,3,57,2,4,0,0,0,0,7
Nagpur,VILLAGE,Milanpur,Rural,0,0,0,0,0,0,0,0,0,0,0,0
Nagpur,VILLAGE,Mohanpur,Rural,0,0,0,0,0,0,0,0,0,0,0,0
Nagpur,VILLAGE,Narsingi,Rural,294,1203,641,255,150,6,39,51,138,0,2,562
Nagpur,VILLAGE,Naigaon (Thakre),Rural,60,245,153,77,74,0,2,0,0,0,0,92
Nagpur,VILLAGE,Karimabad,Rural,348,1366,555,89,355,5,54,6,21,17,8,811
Nagpur,VILLAGE,Peth Ismailpur[Muktapur),Rural,267,1091,574,172,288,3,68,18,24,0,1,517
Nagpur,VILLAGE,Sinjar,Rural,283,1218,505,150,277,2,30,0,41,1,4,713
Nagpur,VILLAGE,Bhayyapur,Rural,0,0,0,0,0,0,0,0,0,0,0,0
Nagpur,VILLAGE,Mahajanpur,Rural,62,263,143,2,121,0,1,0,19,0,0,120
Nagpur,VILLAGE,Mamdapur,Rural,0,0,0,0,0,0,0,0,0,0,0,0
Nagpur,VILLAGE,Baradpavni,Rural,117,532,292,84,164,4,18,4,3,0,15,240
Nagpur,VILLAGE,Utara,Rural,64,219,127,18,109,0,0,0,0,0,0,92
Nagpur,VILLAGE,Tara,Rural,47,207,127,57,22,0,0,24,24,0,0,80
Nagpur,VILLAGE,Banor,Rural,89,411,232,21,195,0,1,0,15,0,0,179
Nagpur,VILLAGE,Pimpaldhara,Rural,115,428,272,143,110,0,0,0,3,6,10,156
Nagpur,VILLAGE,Dawasa,Rural,329,1292,760,293,211,13,60,46,120,3,14,532
Nagpur,VILLAGE,Sakharkheda,Rural,168,730,316,196,111,3,2,1,1,0,2,414
Nagpur,VILLAGE,Mendhala,Rural,520,2216,1376,423,304,9,69,56,496,2,17,840
Nagpur,VILLAGE,Wadvihara,Rural,252,1025,648,238,372,1,24,0,11,0,2,377
Nagpur,VILLAGE,Datewadi,Rural,216,890,556,145,331,7,23,11,27,3,9,334
Nagpur,VILLAGE,Khadki,Rural,108,456,262,49,197,4,6,1,5,0,0,194
Nagpur,VILLAGE,Rampur,Rural,0,0,0,0,0,0,0,0,0,0,0,0
Nagpur,VILLAGE,Sahajapur,Rural,55,265,179,78,23,2,0,49,26,1,0,86
Nagpur,VILLAGE,Bharsingi,Rural,246,1026,539,117,73,17,113,53,138,8,20,487
Nagpur,VILLAGE,Jolwadi,Rural,132,612,378,46,3,0,3,14,310,0,2,234
Nagpur,VILLAGE,Karanjoli,Rural,97,392,193,46,80,5,36,2,19,1,4,199
Nagpur,VILLAGE,Umatha,Rural,183,812,395,107,83,1,14,31,156,0,3,417
Nagpur,VILLAGE,Telegaon,Rural,1,1,1,0,0,0,0,0,1,0,0,0
Nagpur,VILLAGE,Wadhona,Rural,233,948,580,67,224,3,23,15,241,2,5,368
Nagpur,VILLAGE,Ramthi,Rural,293,1130,622,75,187,0,25,67,229,9,30,508
Nagpur,VILLAGE,Chichkumbha,Rural,0,0,0,0,0,0,0,0,0,0,0,0
Nagpur,VILLAGE,Udapur (Rayyatwari),Rural,44,201,115,12,0,0,2,43,58,0,0,86
Nagpur,VILLAGE,Khalangondri,Rural,57,237,134,32,100,0,2,0,0,0,0,103
Nagpur,VILLAGE,Rampuri(Mal),Rural,76,359,196,23,0,1,0,62,109,1,0,163
Nagpur,VILLAGE,Rampuri (Rayyatwari),Rural,0,0,0,0,0,0,0,0,0,0,0,0
Nagpur,VILLAGE,Arambhi,Rural,238,1010,615,121,404,9,10,5,66,0,0,395
Nagpur,VILLAGE,Hiwara,Rural,204,801,502,332,162,0,2,2,2,0,2,299
Nagpur,VILLAGE,Math,Rural,0,0,0,0,0,0,0,0,0,0,0,0
Nagpur,VILLAGE,Gaimukh,Rural,100,495,264,50,111,0,19,23,58,0,3,231
Nagpur,VILLAGE,Belona,Rural,1284,5970,3058,632,1931,28,166,131,155,7,8,2912
Nagpur,VILLAGE,Pilapur,Rural,110,482,110,47,62,0,1,0,0,0,0,372
Nagpur,VILLAGE,Manikwada,Rural,205,898,546,174,225,0,48,50,42,0,7,352
Nagpur,VILLAGE,Gondegaon,Rural,76,341,226,38,186,0,2,0,0,0,0,115
Nagpur,VILLAGE,Nawegaon,Rural,0,0,0,0,0,0,0,0,0,0,0,0
Nagpur,VILLAGE,Mohadi (Dalvi),Rural,346,1484,809,131,381,1,20,53,222,0,1,675
Nagpur,VILLAGE,Bamhani,Rural,0,0,0,0,0,0,0,0,0,0,0,0
Nagpur,VILLAGE,Palasgaon,Rural,0,0,0,0,0,0,0,0,0,0,0,0
Nagpur,VILLAGE,Sardi,Rural,64,297,165,27,91,1,12,6,26,0,2,132
Nagpur,VILLAGE,Pithori,Rural,151,947,308,92,155,2,12,2,42,0,3,639
Nagpur,VILLAGE,Ambada (Deshmukh),Rural,295,1150,718,253,367,4,21,47,25,1,0,432
Nagpur,VILLAGE,Banor,Rural,160,710,437,91,294,2,20,1,20,0,9,273
Nagpur,VILLAGE,Pimpalgaon (wakhaji),Rural,229,971,429,186,150,17,17,6,42,7,4,542
Nagpur,VILLAGE,Narkhed (kamthi Tola),Rural,66,276,108,27,41,1,9,2,19,1,8,168
Nagpur,VILLAGE,Bhaiwadi,Rural,52,196,111,57,50,0,1,2,1,0,0,85
Nagpur,VILLAGE,Indora,Rural,21,88,46,14,9,0,1,2,17,0,3,42
Nagpur,VILLAGE,Gangaldoh,Rural,57,244,120,14,24,0,6,3,70,1,2,124
Nagpur,VILLAGE,Gondhani,Rural,70,296,162,25,92,0,12,9,18,2,4,134
Nagpur,VILLAGE,Yerla,Rural,159,619,356,188,103,0,15,4,38,0,8,263
Nagpur,VILLAGE,Nasirpur,Rural,0,0,0,0,0,0,0,0,0,0,0,0
Nagpur,VILLAGE,Khairgaon,Rural,1225,5058,2451,643,1571,19,188,7,18,0,5,2607
Nagpur,VILLAGE,Dewali,Rural,120,487,263,61,44,0,27,45,84,1,1,224
Nagpur,VILLAGE,Junona (Gharad),Rural,67,264,155,46,9,0,13,64,22,1,0,109
Nagpur,VILLAGE,Parsodi,Rural,111,468,241,21,52,3,19,2,140,1,3,227
Nagpur,VILLAGE,Nandori,Rural,7,28,28,0,4,0,24,0,0,0,0,0
Nagpur,VILLAGE,Kharsoli,Rural,606,2380,1264,229,756,36,137,10,69,5,22,1116
Nagpur,VILLAGE,Pardi,Rural,31,124,60,0,57,0,2,0,1,0,0,64
Nagpur,VILLAGE,Dhotra,Rural,25,110,60,23,36,0,1,0,0,0,0,50
Nagpur,VILLAGE,Khedikaryat,Rural,161,717,369,228,114,2,21,0,4,0,0,348
Nagpur,VILLAGE,Mohadi (Dhotra),Rural,201,902,534,192,319,1,13,1,4,0,4,368
Nagpur,VILLAGE,Toyapar,Rural,133,507,321,46,254,0,9,2,6,0,4,186
Nagpur,VILLAGE,Mogra,Rural,145,612,308,119,122,3,16,11,34,0,3,304
Nagpur,VILLAGE,Koni,Rural,221,918,489,100,189,5,41,8,141,0,5,429
Nagpur,VILLAGE,Yeni,Rural,107,415,199,74,59,1,20,18,26,0,1,216
Nagpur,VILLAGE,Nanda (shinde),Rural,108,480,284,38,216,1,6,4,18,1,0,196
Nagpur,VILLAGE,Mhasora,Rural,397,1732,1003,373,465,1,126,12,15,0,11,729
Nagpur,VILLAGE,Khedi Gowargondi,Rural,349,1455,735,221,463,1,18,10,18,1,3,720
Nagpur,VILLAGE,Mannath,Rural,201,753,472,107,251,0,9,25,77,0,3,281
Nagpur,VILLAGE,Chorkhairi,Rural,65,258,177,54,101,0,14,1,6,0,1,81
Nagpur,VILLAGE,Pipla (kh),Rural,136,620,387,224,136,0,24,1,1,0,1,233
Nagpur,VILLAGE,Shemda,Rural,165,776,413,153,217,1,15,14,13,0,0,363
Nagpur,VILLAGE,Khapri,Rural,24,101,60,16,37,0,7,0,0,0,0,41
Nagpur,VILLAGE,Umari,Rural,177,774,380,151,190,3,33,2,1,0,0,394
Nagpur,VILLAGE,Shindi (Umari),Rural,349,1594,933,391,473,8,38,7,15,1,0,661
Nagpur,VILLAGE,Junona (Fuke),Rural,141,532,295,56,117,0,67,7,40,0,8,237
Nagpur,VILLAGE,Sawargaon,Rural,1806,8037,3612,1099,1826,64,474,27,86,0,36,4425
Nagpur,VILLAGE,Sipikhapa,Rural,0,0,0,0,0,0,0,0,0,0,0,0
Nagpur,VILLAGE,Ambola,Rural,121,555,362,158,195,0,4,1,4,0,0,193
Nagpur,VILLAGE,Khandala[Bk],Rural,299,1249,659,138,247,14,43,35,157,3,22,590
Nagpur,VILLAGE,Singarkheda,Rural,256,1105,586,353,167,4,37,8,6,0,11,519
Nagpur,VILLAGE,Malapur,Rural,209,897,509,115,373,2,14,2,3,0,0,388
Nagpur,VILLAGE,Borkhedi (Theke),Rural,2,5,5,5,0,0,0,0,0,0,0,0
Nagpur,VILLAGE,Lohgad (Theke),Rural,2,8,6,6,0,0,0,0,0,0,0,2
Nagpur,VILLAGE,Lohgad(Mal],Rural,1,2,2,2,0,0,0,0,0,0,0,0
Nagpur,VILLAGE,Borkhedi(Mal),Rural,0,0,0,0,0,0,0,0,0,0,0,0
Nagpur,VILLAGE,Khutkheri,Rural,7,33,17,6,10,0,1,0,0,0,0,16
Nagpur,VILLAGE,Pipla (kewalram),Rural,510,2131,1163,287,639,30,91,17,97,2,0,968
Nagpur,VILLAGE,Mohgaon (Bhadade),Rural,480,2184,1332,466,621,6,71,88,73,1,6,852
Nagpur,VILLAGE,Thugaon (Nipani),Rural,226,938,730,337,179,0,13,112,85,0,4,208
Nagpur,VILLAGE,Tinkheda,Rural,432,1748,937,397,448,15,64,0,11,2,0,811
Nagpur,VILLAGE,Wadgaon (Umari),Rural,228,1001,614,153,330,3,74,4,22,5,23,387
Nagpur,VILLAGE,Pimpalgaon Raut,Rural,213,799,550,230,195,5,30,48,35,1,6,249
Nagpur,VILLAGE,Bhidhnur,Rural,744,3224,1726,437,763,24,178,44,254,10,16,1498
Nagpur,VILLAGE,Parsodi [Dixit],Rural,206,918,522,67,59,4,31,91,265,0,5,396
Nagpur,VILLAGE,Nababpur,Rural,0,0,0,0,0,0,0,0,0,0,0,0
Nagpur,VILLAGE,Wiwara,Rural,157,635,405,255,133,0,13,2,2,0,0,230
Nagpur,VILLAGE,Khushalpur,Rural,30,122,57,48,3,0,2,2,2,0,0,65
Nagpur,VILLAGE,Babulkheda,Rural,17,31,26,0,1,0,25,0,0,0,0,5
Nagpur,VILLAGE,Thaturwada,Rural,230,935,486,74,375,2,17,3,3,4,8,449
Nagpur,VILLAGE,Warjali,Rural,3,12,6,2,4,0,0,0,0,0,0,6
Nagpur,VILLAGE,Narayanpur,Rural,2,2,2,1,0,0,1,0,0,0,0,0
Nagpur,VILLAGE,Naigaon (Dhote),Rural,64,280,140,55,43,0,15,19,8,0,0,140
Nagpur,VILLAGE,Rohana,Rural,490,2045,1011,406,520,0,53,9,20,0,3,1034
Nagpur,VILLAGE,Indarwada,Rural,142,553,284,73,139,1,64,0,4,1,2,269
Nagpur,VILLAGE,Panwadi,Rural,57,256,141,55,55,0,3,16,12,0,0,115
Nagpur,VILLAGE,Maiwadi,Rural,254,1179,713,522,122,2,32,16,14,2,3,466
Nagpur,VILLAGE,Jamgaon Kh,Rural,180,832,488,258,186,4,22,8,3,0,7,344
Nagpur,VILLAGE,Jamgaon Bk,Rural,277,1185,662,167,420,10,43,1,3,5,13,523
Nagpur,VILLAGE,Ranwadi,Rural,105,434,233,59,96,0,10,25,42,0,1,201
Nagpur,VILLAGE,Ambada,Rural,0,0,0,0,0,0,0,0,0,0,0,0
Nagpur,VILLAGE,Khaprikene,Rural,338,1575,689,110,511,0,39,3,25,0,1,886
Nagpur,VILLAGE,Kakaddara,Rural,0,0,0,0,0,0,0,0,0,0,0,0
Nagpur,VILLAGE,Kukadi,Rural,0,0,0,0,0,0,0,0,0,0,0,0
Nagpur,VILLAGE,Khapa,Rural,345,1900,890,157,270,3,11,176,265,2,6,1010
Nagpur,VILLAGE,Ghogra,Rural,204,932,577,230,241,9,14,2,30,4,47,355
Nagpur,VILLAGE,Junewani,Rural,23,111,63,13,46,0,2,0,2,0,0,48
Nagpur,VILLAGE,Sonegaon,Rural,0,0,0,0,0,0,0,0,0,0,0,0
Nagpur,VILLAGE,Lohara,Rural,136,555,273,65,182,0,15,9,1,0,1,282
Nagpur,VILLAGE,Sawanga (Lohari),Rural,776,3235,1565,400,814,25,118,40,129,7,32,1670
Nagpur,VILLAGE,Kharala,Rural,167,648,395,148,213,0,17,2,13,0,2,253
Nagpur,VILLAGE,Jatlapur,Rural,35,152,99,37,58,0,4,0,0,0,0,53
Nagpur,VILLAGE,Kharashi,Rural,48,219,125,39,84,0,1,0,1,0,0,94
Nagpur,VILLAGE,Gumgaon,Rural,94,365,229,26,202,0,1,0,0,0,0,136
Nagpur,VILLAGE,Salai,Rural,0,0,0,0,0,0,0,0,0,0,0,0
Nagpur,VILLAGE,Agra,Rural,306,1254,691,181,394,3,52,15,38,2,6,563
Nagpur,CD BLOCK,Katol,Rural,27844,120541,64555,16759,32637,650,6995,1475,5102,132,805,55986
Nagpur,VILLAGE,Mukani,Rural,55,229,141,112,22,0,7,0,0,0,0,88
Nagpur,VILLAGE,Rajni,Rural,145,532,363,108,133,7,9,55,41,4,6,169
Nagpur,VILLAGE,Khamli,Rural,152,601,343,148,48,4,6,100,33,3,1,258
Nagpur,VILLAGE,Nanda,Rural,0,0,0,0,0,0,0,0,0,0,0,0
Nagpur,VILLAGE,Sonoli,Rural,381,1572,856,358,247,25,73,24,120,2,7,716
Nagpur,VILLAGE,Gollarkhapa,Rural,60,266,171,37,117,0,10,1,3,1,2,95
Nagpur,VILLAGE,Tapani,Rural,147,620,343,124,168,1,28,1,20,0,1,277
Nagpur,VILLAGE,Bid Jatamzari,Rural,0,0,0,0,0,0,0,0,0,0,0,0
Nagpur,VILLAGE,Jatamzari,Rural,89,408,233,36,5,0,6,2,180,0,4,175
Nagpur,VILLAGE,Panjra,Rural,0,0,0,0,0,0,0,0,0,0,0,0
Nagpur,VILLAGE,Gondimohgaon,Rural,309,1359,852,266,569,1,5,2,9,0,0,507
Nagpur,VILLAGE,Gondikhapa,Rural,93,408,250,66,43,0,7,1,130,2,1,158
Nagpur,VILLAGE,Zilpa,Rural,472,2038,1156,359,569,9,46,35,134,0,4,882
Nagpur,VILLAGE,Bori,Rural,123,506,219,58,156,1,3,0,1,0,0,287
Nagpur,VILLAGE,Mendki,Rural,353,1476,808,223,338,2,38,1,205,0,1,668
Nagpur,VILLAGE,Pardi,Rural,0,0,0,0,0,0,0,0,0,0,0,0
Nagpur,VILLAGE,Gondidigras,Rural,295,1278,804,242,349,7,22,138,46,0,0,474
Nagpur,VILLAGE,Dorli (Bhandwalkar),Rural,220,901,512,290,168,0,29,5,14,0,6,389
Nagpur,VILLAGE,Masli,Rural,395,1497,863,288,474,7,48,11,29,1,5,634
Nagpur,VILLAGE,Babulkheda,Rural,0,0,0,0,0,0,0,0,0,0,0,0
Nagpur,VILLAGE,Wandli (Kh),Rural,178,726,368,187,149,1,16,4,10,0,1,358
Nagpur,VILLAGE,Kalambha,Rural,308,1238,748,381,341,1,10,5,9,1,0,490
Nagpur,VILLAGE,Mohkhedi,Rural,84,347,170,73,66,4,20,1,5,0,1,177
Nagpur,VILLAGE,Yenwa,Rural,514,2138,1054,513,380,14,74,11,49,2,11,1084
Nagpur,VILLAGE,Yerla (Dhote),Rural,351,1351,847,167,571,8,84,3,8,3,3,504
Nagpur,VILLAGE,Isasani,Rural,0,0,0,0,0,0,0,0,0,0,0,0
Nagpur,VILLAGE,Wadvihara,Rural,91,350,177,49,111,1,12,1,1,0,2,173
Nagpur,VILLAGE,Digras (Bk),Rural,367,1532,878,150,663,3,34,17,10,0,1,654
Nagpur,VILLAGE,Harankhuri,Rural,77,325,168,50,116,0,0,0,2,0,0,157
Nagpur,VILLAGE,Panwadi,Rural,199,952,523,158,337,2,18,3,5,0,0,429
Nagpur,VILLAGE,Delwadi,Rural,3,7,6,1,5,0,0,0,0,0,0,1
Nagpur,VILLAGE,Sirsawadi,Rural,198,802,462,93,337,8,20,1,3,0,0,340
Nagpur,VILLAGE,Khanwadi,Rural,2,4,4,0,4,0,0,0,0,0,0,0
Nagpur,VILLAGE,Wadhona (Lodhi),Rural,193,861,523,162,347,2,11,0,1,0,0,338
Nagpur,VILLAGE,Karla,Rural,111,447,209,86,106,0,15,1,1,0,0,238
Nagpur,VILLAGE,Salai (Bk),Rural,0,0,0,0,0,0,0,0,0,0,0,0
Nagpur,VILLAGE,Gonhi,Rural,196,906,432,146,204,8,51,3,18,0,2,474
Nagpur,VILLAGE,Chikhali Bk.,Rural,134,567,289,74,165,0,37,6,1,0,6,278
Nagpur,VILLAGE,Isapur(Bk),Rural,142,616,207,82,111,1,10,1,1,0,1,409
Nagpur,VILLAGE,Khairi (Navghare),Rural,61,258,110,28,81,0,1,0,0,0,0,148
Nagpur,VILLAGE,Isapur (Kh),Rural,277,1132,685,116,532,2,26,2,6,0,1,447
Nagpur,VILLAGE,Gangaldoh,Rural,86,363,232,34,153,1,5,34,5,0,0,131
Nagpur,VILLAGE,Mhaskhapra,Rural,58,262,166,135,25,0,1,4,1,0,0,96
Nagpur,VILLAGE,Malegaon,Rural,96,375,239,141,92,1,4,0,1,0,0,136
Nagpur,VILLAGE,Chendkapur,Rural,83,342,231,196,33,0,0,1,1,0,0,111
Nagpur,VILLAGE,Randhoda,Rural,0,0,0,0,0,0,0,0,0,0,0,0
Nagpur,VILLAGE,Sonkhamb,Rural,224,974,539,204,213,1,91,3,25,0,2,435
Nagpur,VILLAGE,Lakholi,Rural,48,218,97,53,24,0,18,0,2,0,0,121
Nagpur,VILLAGE,Kohala,Rural,143,602,356,149,180,2,15,0,1,6,3,246
Nagpur,VILLAGE,Dhawalapur,Rural,390,1687,957,266,451,12,76,46,82,3,21,730
Nagpur,VILLAGE,Bramhapuri,Rural,0,0,0,0,0,0,0,0,0,0,0,0
Nagpur,VILLAGE,Ajangaon,Rural,206,915,568,30,389,4,11,21,109,3,1,347
Nagpur,VILLAGE,Mohgaon,Rural,0,0,0,0,0,0,0,0,0,0,0,0
Nagpur,VILLAGE,Chargaon,Rural,164,694,401,144,199,2,53,0,2,0,1,293
Nagpur,VILLAGE,Dorli (Kh),Rural,203,886,493,132,224,2,112,4,18,0,1,393
Nagpur,VILLAGE,Dorli (Bk),Rural,273,1495,565,67,156,7,86,31,203,1,14,930
Nagpur,VILLAGE,Ubagi,Rural,0,0,0,0,0,0,0,0,0,0,0,0
Nagpur,VILLAGE,Tarabodi,Rural,65,317,164,29,103,1,31,0,0,0,0,153
Nagpur,VILLAGE,Metpanjara,Rural,249,1011,548,131,143,5,160,7,60,3,39,463
Nagpur,VILLAGE,Mendhepathar,Rural,230,970,638,131,275,1,59,54,107,1,10,332
Nagpur,VILLAGE,Hatla,Rural,207,911,510,252,207,0,44,5,0,0,2,401
Nagpur,VILLAGE,Khapari (Kh),Rural,28,135,82,43,36,0,0,3,0,0,0,53
Nagpur,VILLAGE,Kondhasaoli,Rural,252,1153,657,204,277,4,45,18,103,1,5,496
Nagpur,VILLAGE,Sonmoh,Rural,18,73,39,14,24,0,1,0,0,0,0,34
Nagpur,VILLAGE,Wajbodi,Rural,113,478,263,94,129,0,14,5,19,0,2,215
Nagpur,VILLAGE,Yenvihira,Rural,18,72,51,0,6,0,45,0,0,0,0,21
Nagpur,VILLAGE,Raulgaon,Rural,219,939,422,129,178,1,47,3,36,0,28,517
Nagpur,VILLAGE,Kotwalbardi,Rural,129,582,337,148,97,0,62,11,18,0,1,245
Nagpur,VILLAGE,Ghorpad,Rural,4,19,14,0,14,0,0,0,0,0,0,5
Nagpur,VILLAGE,Murli,Rural,40,186,122,20,95,0,7,0,0,0,0,64
Nagpur,VILLAGE,Bhudakmadka,Rural,0,0,0,0,0,0,0,0,0,0,0,0
Nagpur,VILLAGE,Maragsur,Rural,110,455,278,30,34,2,9,8,189,2,4,177
Nagpur,VILLAGE,Chikhali (Malode),Rural,157,716,430,179,160,0,31,37,20,1,2,286
Nagpur,VILLAGE,Wai (Kh),Rural,223,1011,637,258,153,1,48,59,74,0,44,374
Nagpur,VILLAGE,Wai (Bk),Rural,19,74,40,15,24,0,1,0,0,0,0,34
Nagpur,VILLAGE,Alagondi,Rural,30,109,71,14,2,1,4,0,49,0,1,38
Nagpur,VILLAGE,Chaukigad,Rural,0,0,0,0,0,0,0,0,0,0,0,0
Nagpur,VILLAGE,Kalmunda,Rural,29,122,74,28,36,2,1,1,5,0,1,48
Nagpur,VILLAGE,Shekapur,Rural,85,372,235,36,138,2,16,9,33,1,0,137
Nagpur,VILLAGE,Garamsur,Rural,158,775,399,55,284,18,25,4,11,0,2,376
Nagpur,VILLAGE,Katlabodi,Rural,103,443,294,4,250,3,34,0,1,0,2,149
Nagpur,VILLAGE,Dhankundav,Rural,17,88,61,9,51,0,1,0,0,0,0,27
Nagpur,VILLAGE,Mandala,Rural,2,11,6,0,6,0,0,0,0,0,0,5
Nagpur,VILLAGE,Paradsinga,Rural,1287,5088,2721,459,1324,35,419,106,304,14,60,2367
Nagpur,VILLAGE,Lamdham,Rural,0,0,0,0,0,0,0,0,0,0,0,0
Nagpur,VILLAGE,Khangaon,Rural,352,1480,808,183,463,0,76,17,69,0,0,672
Nagpur,VILLAGE,Chichala,Rural,29,134,42,22,20,0,0,0,0,0,0,92
Nagpur,VILLAGE,Naigaon,Rural,93,414,205,11,192,0,2,0,0,0,0,209
Nagpur,VILLAGE,Dongargaon,Rural,199,845,438,64,253,1,93,2,18,3,4,407
Nagpur,VILLAGE,Bhajipani,Rural,51,208,144,22,109,0,1,1,11,0,0,64
Nagpur,VILLAGE,Pathar,Rural,57,247,179,11,149,0,1,1,16,0,1,68
Nagpur,VILLAGE,Bordoh,Rural,77,320,222,28,170,0,5,0,18,1,0,98
Nagpur,VILLAGE,Pardi (Gotmare),Rural,109,459,246,82,143,2,17,1,0,0,1,213
Nagpur,VILLAGE,Borgondi,Rural,36,138,87,14,67,0,6,0,0,0,0,51
Nagpur,VILLAGE,Amnergondi,Rural,0,0,0,0,0,0,0,0,0,0,0,0
Nagpur,VILLAGE,Dhiwarwadi,Rural,21,76,39,3,22,0,14,0,0,0,0,37
Nagpur,VILLAGE,Fetri,Rural,159,728,368,35,322,3,6,0,1,0,1,360
Nagpur,VILLAGE,Kolambi,Rural,127,553,293,49,95,1,20,8,116,0,4,260
Nagpur,VILLAGE,Junewani,Rural,109,438,263,129,91,5,35,2,0,1,0,175
Nagpur,VILLAGE,Pandhardhakani,Rural,38,154,94,13,77,0,0,0,4,0,0,60
Nagpur,VILLAGE,Mohgaon (Jangli),Rural,18,65,40,11,29,0,0,0,0,0,0,25
Nagpur,VILLAGE,Chaurepathar,Rural,53,200,141,16,121,0,2,0,2,0,0,59
Nagpur,VILLAGE,Khadki,Rural,40,157,104,28,70,0,1,0,5,0,0,53
Nagpur,VILLAGE,Jatamkohala,Rural,0,0,0,0,0,0,0,0,0,0,0,0
Nagpur,VILLAGE,Ambada (sonak),Rural,172,780,432,76,322,13,15,0,5,0,1,348
Nagpur,VILLAGE,Khandala (Kh),Rural,265,1278,702,163,431,9,82,2,7,1,7,576
Nagpur,VILLAGE,Wandli (Bk),Rural,137,556,305,9,281,0,10,2,2,0,1,251
Nagpur,VILLAGE,Saoli (Kh),Rural,115,513,227,13,33,2,58,4,63,0,54,286
Nagpur,VILLAGE,Linga,Rural,142,583,323,90,147,2,64,7,1,0,12,260
Nagpur,VILLAGE,Panjra (Bk),Rural,139,544,278,90,150,4,27,2,4,1,0,266
Nagpur,VILLAGE,Saoli (Bk),Rural,82,356,172,16,133,1,20,0,0,0,2,184
Nagpur,VILLAGE,Ridhora,Rural,842,3595,2058,437,1088,27,285,36,138,2,45,1537
Nagpur,VILLAGE,Borgaon,Rural,0,0,0,0,0,0,0,0,0,0,0,0
Nagpur,VILLAGE,Gharatwada,Rural,273,1205,685,164,430,0,82,3,6,0,0,520
Nagpur,VILLAGE,Gujarkhedi,Rural,19,86,53,1,51,0,0,0,1,0,0,33
Nagpur,VILLAGE,Waghoda,Rural,130,566,296,26,237,0,4,11,18,0,0,270
Nagpur,VILLAGE,Ladgaon,Rural,373,1698,849,131,601,5,90,4,11,1,6,849
Nagpur,VILLAGE,Parsodi,Rural,163,677,397,7,376,2,4,3,3,0,2,280
Nagpur,VILLAGE,Palgondi,Rural,0,0,0,0,0,0,0,0,0,0,0,0
Nagpur,VILLAGE,Bhorgad,Rural,167,803,324,133,153,2,26,0,10,0,0,479
Nagpur,VILLAGE,Mohgaon (Dhole),Rural,72,273,181,23,148,1,0,0,9,0,0,92
Nagpur,VILLAGE,Kolhu,Rural,70,319,194,97,78,0,5,12,2,0,0,125
Nagpur,VILLAGE,Saoli,Rural,54,243,157,86,66,0,3,2,0,0,0,86
Nagpur,VILLAGE,Chikhlagad,Rural,84,322,188,37,116,0,6,4,25,0,0,134
Nagpur,VILLAGE,Walni,Rural,121,582,390,239,126,0,24,0,1,0,0,192
Nagpur,VILLAGE,Tandulwani,Rural,101,418,325,107,135,2,30,26,24,0,1,93
Nagpur,VILLAGE,Kedarpur,Rural,64,288,182,32,124,0,1,1,22,0,2,106
Nagpur,VILLAGE,Khutamba,Rural,182,734,400,59,157,3,42,50,71,1,17,334
Nagpur,VILLAGE,Kokarda,Rural,7,35,19,18,0,0,1,0,0,0,0,16
Nagpur,VILLAGE,Borkhedi,Rural,9,36,15,4,0,0,7,0,1,0,3,21
Nagpur,VILLAGE,Panchdhar,Rural,124,472,271,52,182,0,30,3,1,0,3,201
Nagpur,VILLAGE,Kalkuhi,Rural,30,146,86,17,60,0,8,1,0,0,0,60
Nagpur,VILLAGE,Mendhepathar (Jangli),Rural,108,436,241,55,115,1,6,5,58,1,0,195
Nagpur,VILLAGE,Sabkund,Rural,125,574,300,181,98,1,12,1,7,0,0,274
Nagpur,VILLAGE,Bilavargondi,Rural,22,108,61,14,47,0,0,0,0,0,0,47
Nagpur,VILLAGE,Nandora,Rural,103,457,260,33,195,0,28,0,4,0,0,197
Nagpur,VILLAGE,Khapa,Rural,50,219,138,9,103,0,1,1,24,0,0,81
Nagpur,VILLAGE,Murti,Rural,492,1923,1260,449,682,17,45,9,48,2,8,663
Nagpur,VILLAGE,Chandanpardi,Rural,312,1234,677,283,314,16,45,10,4,1,4,557
Nagpur,VILLAGE,Ahmednagar,Rural,53,202,143,35,92,1,6,0,8,0,1,59
Nagpur,VILLAGE,Chicholi,Rural,50,237,163,51,58,2,10,13,24,3,2,74
Nagpur,VILLAGE,Shivkamath,Rural,0,0,0,0,0,0,0,0,0,0,0,0
Nagpur,VILLAGE,Junapani,Rural,166,702,273,58,177,1,12,0,24,0,1,429
Nagpur,VILLAGE,Khursapur,Rural,336,1325,797,199,519,15,43,12,3,1,5,528
Nagpur,VILLAGE,Salai (Kh),Rural,39,162,99,5,77,0,7,1,9,0,0,63
Nagpur,VILLAGE,Sonegaon (Bk),Rural,19,81,52,30,9,7,6,0,0,0,0,29
Nagpur,VILLAGE,Salai (Bk),Rural,0,0,0,0,0,0,0,0,0,0,0,0
Nagpur,VILLAGE,Kelapur,Rural,0,0,0,0,0,0,0,0,0,0,0,0
Nagpur,VILLAGE,Kachari Savanga,Rural,763,3174,1684,263,874,12,126,46,328,5,30,1490
Nagpur,VILLAGE,Sonpur,Rural,59,245,155,27,57,0,15,0,56,0,0,90
Nagpur,VILLAGE,Ganeshpur,Rural,79,498,201,45,122,0,4,2,27,0,1,297
Nagpur,VILLAGE,Dudhala,Rural,459,2002,1083,95,258,17,343,25,182,31,132,919
Nagpur,VILLAGE,Bihalgondi,Rural,96,400,257,14,166,0,10,1,65,0,1,143
Nagpur,VILLAGE,Kundi,Rural,48,184,124,16,78,1,13,3,13,0,0,60
Nagpur,VILLAGE,Ringanabodi,Rural,126,496,271,76,120,0,48,8,16,0,3,225
Nagpur,VILLAGE,Chakdoh,Rural,33,119,49,0,10,5,28,0,3,2,1,70
Nagpur,VILLAGE,Elkapar,Rural,0,0,0,0,0,0,0,0,0,0,0,0
Nagpur,VILLAGE,Akewada,Rural,3,9,7,0,4,0,2,0,0,0,1,2
Nagpur,VILLAGE,Hardoli,Rural,81,351,206,10,123,1,53,0,15,0,4,145
Nagpur,VILLAGE,Panjra (Kate),Rural,183,735,413,50,283,1,78,0,1,0,0,322
Nagpur,VILLAGE,Kondhali,Rural,2571,11817,4775,768,2237,178,1427,23,99,9,34,7042
Nagpur,VILLAGE,Shirmi,Rural,454,1979,715,50,217,5,374,1,15,5,48,1264
Nagpur,VILLAGE,Taroda,Rural,76,482,256,6,184,0,2,0,64,0,0,226
Nagpur,VILLAGE,Jamgad,Rural,183,1050,341,81,137,1,119,0,0,0,3,709
Nagpur,VILLAGE,Khapari (Barokar),Rural,241,883,609,181,250,8,98,29,38,0,5,274
Nagpur,VILLAGE,Dhamangaon,Rural,72,289,220,85,62,1,32,15,25,0,0,69
Nagpur,VILLAGE,Khairi (kh),Rural,140,674,424,254,141,0,3,7,18,0,1,250
Nagpur,VILLAGE,Borgaon,Rural,52,252,141,25,101,0,10,1,4,0,0,111
Nagpur,VILLAGE,Dhurkheda,Rural,142,621,324,55,98,2,54,12,87,2,14,297
Nagpur,VILLAGE,Vasantnagar ,Rural,120,568,274,34,99,0,9,39,89,0,4,294
Nagpur,VILLAGE,Dodki,Rural,118,532,347,120,189,2,31,3,0,1,1,185
Nagpur,VILLAGE,Mhasala,Rural,143,723,338,90,225,0,13,0,10,0,0,385
Nagpur,VILLAGE,Miniwada,Rural,96,378,210,28,144,2,11,3,22,0,0,168
Nagpur,VILLAGE,Malkapur,Rural,23,98,42,11,28,0,0,0,3,0,0,56
Nagpur,VILLAGE,Ghubadi,Rural,97,435,176,53,113,0,2,0,8,0,0,259
Nagpur,VILLAGE,Kawdimet,Rural,29,99,40,7,31,0,1,0,1,0,0,59
Nagpur,VILLAGE,Kinki Dhoda,Rural,14,74,42,10,30,0,2,0,0,0,0,32
Nagpur,VILLAGE,Pusagondi,Rural,318,1738,827,162,337,12,83,49,176,3,5,911
Nagpur,VILLAGE,Jatlapur,Rural,97,461,287,178,79,5,21,2,2,0,0,174
Nagpur,VILLAGE,Chikhali (Masod),Rural,166,745,230,186,19,3,19,2,1,0,0,515
Nagpur,VILLAGE,Masod,Rural,349,1639,882,232,445,9,75,23,95,0,3,757
Nagpur,VILLAGE,Bopapur,Rural,7,30,23,3,18,0,1,1,0,0,0,7
Nagpur,VILLAGE,Kamthi,Rural,119,573,293,35,191,8,45,2,7,0,5,280
Nagpur,VILLAGE,Pratapgad,Rural,0,0,0,0,0,0,0,0,0,0,0,0
Nagpur,VILLAGE,Dhotiwada,Rural,242,1069,596,144,223,3,58,9,153,0,6,473
Nagpur,VILLAGE,Khapa (Bk),Rural,124,562,296,51,223,1,9,3,7,0,2,266
Nagpur,CD BLOCK,Kalameshwar,Rural,19950,85457,43211,11076,18405,562,7094,1096,4212,134,632,42246
Nagpur,VILLAGE,Deoli,Rural,0,0,0,0,0,0,0,0,0,0,0,0
Nagpur,VILLAGE,Dadhera,Rural,64,254,153,76,73,0,4,0,0,0,0,101
Nagpur,VILLAGE,Tidangi,Rural,243,1085,512,138,244,0,116,1,11,0,2,573
Nagpur,VILLAGE,Telgaon,Rural,393,1706,942,239,499,11,45,7,128,0,13,764
Nagpur,VILLAGE,Nandi Kheda,Rural,132,596,226,111,92,4,16,0,2,0,1,370
Nagpur,VILLAGE,Tishti kh.,Rural,165,711,378,104,262,0,11,1,0,0,0,333
Nagpur,VILLAGE,Tishti bk.,Rural,463,1985,953,405,403,2,86,17,26,2,12,1032
Nagpur,VILLAGE,Zilpi,Rural,64,295,145,22,43,0,8,5,66,0,1,150
Nagpur,VILLAGE,Lohagad,Rural,245,1048,625,149,377,6,12,12,66,1,2,423
Nagpur,VILLAGE,Budhla,Rural,161,708,393,158,217,2,13,0,1,0,2,315
Nagpur,VILLAGE,Pilkapar,Rural,145,589,359,79,203,0,21,23,33,0,0,230
Nagpur,VILLAGE,Mandvi,Rural,295,1294,707,236,117,3,91,151,100,0,9,587
Nagpur,VILLAGE,Jirola,Rural,3,11,8,0,7,0,0,0,1,0,0,3
Nagpur,VILLAGE,Sonoli,Rural,185,679,417,197,211,1,7,1,0,0,0,262
Nagpur,VILLAGE,Dudhabardi,Rural,2,6,4,3,1,0,0,0,0,0,0,2
Nagpur,VILLAGE,Panjra,Rural,1,3,2,0,2,0,0,0,0,0,0,1
Nagpur,VILLAGE,Parsodi wakil,Rural,339,1503,831,201,328,11,125,65,57,7,37,672
Nagpur,VILLAGE,Panuabali,Rural,201,899,500,167,316,3,6,4,3,0,1,399
Nagpur,VILLAGE,Kokarda,Rural,67,298,162,36,79,22,25,0,0,0,0,136
Nagpur,VILLAGE,Khumari,Rural,275,1206,617,97,328,3,74,7,104,0,4,589
Nagpur,VILLAGE,Mhasepathar,Rural,273,1220,486,80,214,7,87,10,78,1,9,734
Nagpur,VILLAGE,Khursapar,Rural,27,134,53,2,16,0,31,1,2,0,1,81
Nagpur,VILLAGE,Ramgiri,Rural,71,314,185,97,81,1,4,0,2,0,0,129
Nagpur,VILLAGE,Chakdoh,Rural,88,330,197,41,11,0,27,20,88,0,10,133
Nagpur,VILLAGE,Pardi (Desh),Rural,328,1458,939,258,510,2,95,40,15,1,18,519
Nagpur,VILLAGE,Khairi (Desh),Rural,53,220,102,5,76,0,16,2,0,0,3,118
Nagpur,VILLAGE,Susundri,Rural,440,1881,1025,339,451,17,116,50,41,3,8,856
Nagpur,VILLAGE,Sawandri,Rural,76,297,170,42,117,1,9,0,0,0,1,127
Nagpur,VILLAGE,Yelkapar,Rural,2,8,4,0,4,0,0,0,0,0,0,4
Nagpur,VILLAGE,Kohali,Rural,582,2192,1088,137,537,19,287,2,90,4,12,1104
Nagpur,VILLAGE,Sonoli,Rural,0,0,0,0,0,0,0,0,0,0,0,0
Nagpur,VILLAGE,Wathoda,Rural,90,405,234,69,143,0,14,0,3,0,5,171
Nagpur,VILLAGE,Ubagi,Rural,169,692,453,149,205,3,57,7,13,0,19,239
Nagpur,VILLAGE,Mohali,Rural,349,1215,617,107,112,18,196,21,119,33,11,598
Nagpur,VILLAGE,Pohigond Khairi,Rural,132,571,357,112,223,1,21,0,0,0,0,214
Nagpur,VILLAGE,Bordoh,Rural,13,60,32,12,18,0,2,0,0,0,0,28
Nagpur,VILLAGE,Sonegaon,Rural,241,1025,546,102,404,4,33,0,2,0,1,479
Nagpur,VILLAGE,Linga,Rural,358,1569,843,377,384,15,57,3,7,0,0,726
Nagpur,VILLAGE,Koreghat,Rural,0,0,0,0,0,0,0,0,0,0,0,0
Nagpur,VILLAGE,Telkamthi,Rural,777,3370,1714,486,770,19,135,42,252,1,9,1656
Nagpur,VILLAGE,Nilgaon,Rural,134,599,257,64,132,3,49,1,3,0,5,342
Nagpur,VILLAGE,Borgaon bk.,Rural,244,1044,482,112,288,3,53,4,18,0,4,562
Nagpur,VILLAGE,Adasa,Rural,162,736,381,121,120,17,47,18,53,0,5,355
Nagpur,VILLAGE,Sonpur,Rural,186,872,438,226,146,1,63,0,2,0,0,434
Nagpur,VILLAGE,Dhapewada bk.,Rural,1300,6098,2813,389,1000,156,688,44,416,34,86,3285
Nagpur,VILLAGE,Kanyadhol,Rural,245,922,565,178,162,2,60,14,116,2,31,357
Nagpur,VILLAGE,Sindi,Rural,2,8,4,2,2,0,0,0,0,0,0,4
Nagpur,VILLAGE,Pipla (kinkheda),Rural,428,1814,958,228,294,7,54,130,233,1,11,856
Nagpur,VILLAGE,Mohagaon,Rural,121,528,278,73,161,5,36,1,2,0,0,250
Nagpur,VILLAGE,Sawangi,Rural,50,243,121,45,59,2,13,0,1,1,0,122
Nagpur,VILLAGE,Wadhona kh.,Rural,104,450,260,63,31,0,9,3,154,0,0,190
Nagpur,VILLAGE,Madha sawangi,Rural,186,874,455,174,215,7,29,0,20,0,10,419
Nagpur,VILLAGE,Hardoli,Rural,40,182,98,33,54,0,8,2,1,0,0,84
Nagpur,VILLAGE,Khangaon,Rural,35,172,81,34,27,0,12,3,5,0,0,91
Nagpur,VILLAGE,Dhurkheda,Rural,72,354,128,56,28,2,11,2,25,0,4,226
Nagpur,VILLAGE,Borgaon kh.,Rural,310,1286,760,208,236,5,45,26,232,2,6,526
Nagpur,VILLAGE,Dorli (mani),Rural,4,15,10,2,8,0,0,0,0,0,0,5
Nagpur,VILLAGE,Bhandagi,Rural,159,678,431,83,192,10,36,7,98,0,5,247
Nagpur,VILLAGE,Sonapar,Rural,29,135,68,14,47,0,7,0,0,0,0,67
Nagpur,VILLAGE,Dhapewada Kh.,Rural,400,1730,893,114,498,10,256,3,6,1,5,837
Nagpur,VILLAGE,Wadhona Bk.,Rural,211,909,425,174,184,3,38,6,12,0,8,484
Nagpur,VILLAGE,Sawali kh.,Rural,122,500,309,118,142,10,28,3,6,0,2,191
Nagpur,VILLAGE,Ubali,Rural,604,2722,1249,397,520,5,208,8,80,3,28,1473
Nagpur,VILLAGE,Khapari (kothe),Rural,157,1087,368,120,172,0,72,0,4,0,0,719
Nagpur,VILLAGE,Peth ubali,Rural,0,0,0,0,0,0,0,0,0,0,0,0
Nagpur,VILLAGE,Sindi,Rural,116,480,270,159,68,1,41,1,0,0,0,210
Nagpur,VILLAGE,Zunki,Rural,133,511,236,40,38,0,8,17,121,5,7,275
Nagpur,VILLAGE,Dorli (bhodji),Rural,10,32,22,1,16,0,4,0,1,0,0,10
Nagpur,VILLAGE,Waroda,Rural,386,1694,689,159,195,14,105,83,120,5,8,1005
Nagpur,VILLAGE,Sawali bk.,Rural,174,771,305,82,75,4,26,28,69,2,19,466
Nagpur,VILLAGE,Belori bk.,Rural,65,259,161,71,72,3,9,2,2,0,2,98
Nagpur,VILLAGE,Tonda khairi,Rural,184,775,436,244,164,0,24,2,0,0,2,339
Nagpur,VILLAGE,Gowari,Rural,114,456,272,85,168,6,11,2,0,0,0,184
Nagpur,VILLAGE,Khairi (Lakhmaji),Rural,115,547,278,80,128,1,67,0,1,0,1,269
Nagpur,VILLAGE,Parsodi,Rural,8,35,21,0,21,0,0,0,0,0,0,14
Nagpur,VILLAGE,Ghorad,Rural,609,2592,1254,286,601,8,270,17,66,1,5,1338
Nagpur,VILLAGE,Ghogali,Rural,136,558,295,16,119,0,28,10,119,2,1,263
Nagpur,VILLAGE,Uparwani,Rural,394,1676,886,185,333,14,123,22,162,6,41,790
Nagpur,VILLAGE,Khairi (Harji),Rural,146,637,366,91,255,0,12,0,7,0,1,271
Nagpur,VILLAGE,Nimboli,Rural,48,194,112,36,20,0,18,4,27,0,7,82
Nagpur,VILLAGE,Ladai (jangli),Rural,0,0,0,0,0,0,0,0,0,0,0,0
Nagpur,VILLAGE,Ladai (mal),Rural,84,326,226,95,49,1,81,0,0,0,0,100
Nagpur,VILLAGE,Lonara,Rural,222,908,524,152,148,2,63,36,100,7,16,384
Nagpur,VILLAGE,Gumthala,Rural,122,564,271,98,164,1,8,0,0,0,0,293
Nagpur,VILLAGE,Sawangi,Rural,278,1274,534,194,86,3,71,4,172,1,3,740
Nagpur,VILLAGE,Selu,Rural,316,1371,746,144,331,6,208,3,41,1,12,625
Nagpur,VILLAGE,Sahajapur,Rural,9,25,15,2,13,0,0,0,0,0,0,10
Nagpur,VILLAGE,Pipla,Rural,8,25,14,0,13,0,0,0,1,0,0,11
Nagpur,VILLAGE,Dahegaon,Rural,263,1123,547,88,180,0,125,29,118,0,7,576
Nagpur,VILLAGE,Dorli gangaji,Rural,11,37,19,0,16,0,0,0,3,0,0,18
Nagpur,VILLAGE,Kalambi,Rural,302,1336,628,227,211,14,31,47,95,2,1,708
Nagpur,VILLAGE,Ketapar,Rural,136,602,225,51,133,1,20,1,17,0,2,377
Nagpur,VILLAGE,Astikala,Rural,188,752,363,92,218,6,44,0,1,0,2,389
Nagpur,VILLAGE,Pilkapar,Rural,0,0,0,0,0,0,0,0,0,0,0,0
Nagpur,VILLAGE,Shahapur,Rural,3,11,7,0,7,0,0,0,0,0,0,4
Nagpur,VILLAGE,Gadaga,Rural,3,14,8,0,8,0,0,0,0,0,0,6
Nagpur,VILLAGE,Rohana,Rural,0,0,0,0,0,0,0,0,0,0,0,0
Nagpur,VILLAGE,Nimji,Rural,312,1141,664,96,340,4,220,0,1,0,3,477
Nagpur,VILLAGE,Khapari (uma),Rural,103,364,232,8,19,3,152,4,21,3,22,132
Nagpur,VILLAGE,Karli,Rural,16,52,30,0,29,0,0,0,1,0,0,22
Nagpur,VILLAGE,Nanda,Rural,0,0,0,0,0,0,0,0,0,0,0,0
Nagpur,VILLAGE,Sahuli,Rural,209,845,415,66,255,7,82,0,4,0,1,430
Nagpur,VILLAGE,Alesur,Rural,114,496,262,70,134,0,40,1,15,0,2,234
Nagpur,VILLAGE,Gondkhairi,Rural,1519,6035,2568,277,956,27,1103,13,129,2,61,3467
Nagpur,VILLAGE,Chinchbhuwan,Rural,277,1144,499,20,26,13,431,3,1,0,5,645
Nagpur,CD BLOCK,Savner,Rural,29275,127436,63588,15066,26790,824,11929,1127,5507,377,1968,63848
Nagpur,VILLAGE,Khursapar,Rural,175,797,456,217,182,3,13,4,35,0,2,341
Nagpur,VILLAGE,Sawali,Rural,156,1011,345,173,133,6,29,0,2,1,1,666
Nagpur,VILLAGE,Jatamkhora,Rural,160,626,396,99,250,0,21,8,17,0,1,230
Nagpur,VILLAGE,Bid jatamkhora,Rural,0,0,0,0,0,0,0,0,0,0,0,0
Nagpur,VILLAGE,Jaitgad,Rural,2,6,3,0,2,0,1,0,0,0,0,3
Nagpur,VILLAGE,Kawatha,Rural,161,581,308,127,77,1,103,0,0,0,0,273
Nagpur,VILLAGE,Khairi (Dhalgaon),Rural,454,1909,1095,401,591,17,70,5,8,0,3,814
Nagpur,VILLAGE,Hattisarra,Rural,139,639,360,196,146,0,15,0,3,0,0,279
Nagpur,VILLAGE,Ashti Kh.,Rural,12,44,23,6,4,0,13,0,0,0,0,21
Nagpur,VILLAGE,Kelwad,Rural,1685,7277,3415,420,1167,74,799,75,664,47,169,3862
Nagpur,VILLAGE,Raibasa,Rural,188,771,462,98,325,0,32,0,6,0,1,309
Nagpur,VILLAGE,Jalalkheda,Rural,192,770,403,149,204,1,43,0,1,0,5,367
Nagpur,VILLAGE,Borgaon Jangli,Rural,44,174,109,0,4,0,0,1,4,0,100,65
Nagpur,VILLAGE,Chhatrapur,Rural,144,606,411,62,305,6,7,12,14,4,1,195
Nagpur,VILLAGE,Jaitpur,Rural,77,335,212,89,109,0,13,1,0,0,0,123
Nagpur,VILLAGE,Joga,Rural,156,731,393,269,78,7,23,1,0,2,13,338
Nagpur,VILLAGE,Malegaon,Rural,175,742,377,58,296,3,10,0,9,0,1,365
Nagpur,VILLAGE,Khapa (Janabai),Rural,0,0,0,0,0,0,0,0,0,0,0,0
Nagpur,VILLAGE,Nanda Gomukh,Rural,952,4027,2063,448,960,34,193,45,320,33,30,1964
Nagpur,VILLAGE,Salai,Rural,234,1062,554,190,299,4,53,2,5,0,1,508
Nagpur,VILLAGE,Umari (Bharatpur),Rural,588,2483,1155,379,602,25,121,9,15,0,4,1328
Nagpur,VILLAGE,Pandhari (J),Rural,169,742,326,130,99,3,29,16,44,2,3,416
Nagpur,VILLAGE,Jakhewada,Rural,2,3,3,0,3,0,0,0,0,0,0,0
Nagpur,VILLAGE,Rampuri,Rural,234,1009,598,139,433,5,13,1,2,1,4,411
Nagpur,VILLAGE,Ashti Bk.,Rural,74,306,147,30,93,2,14,3,5,0,0,159
Nagpur,VILLAGE,Nandori,Rural,203,893,495,154,134,8,9,21,154,6,9,398
Nagpur,VILLAGE,Nandapur,Rural,125,558,361,86,230,2,22,1,6,0,14,197
Nagpur,VILLAGE,Karajghat,Rural,63,260,147,21,53,1,40,0,1,0,31,113
Nagpur,VILLAGE,Dudhbardi,Rural,13,52,30,7,23,0,0,0,0,0,0,22
Nagpur,VILLAGE,Sherdi,Rural,85,367,223,83,137,0,3,0,0,0,0,144
Nagpur,VILLAGE,Gadegaon,Rural,219,971,571,319,196,9,23,3,21,0,0,400
Nagpur,VILLAGE,Nanda Kh.,Rural,0,0,0,0,0,0,0,0,0,0,0,0
Nagpur,VILLAGE,Mangsa,Rural,496,2145,1092,389,550,7,140,0,5,0,1,1053
Nagpur,VILLAGE,Pohana,Rural,0,0,0,0,0,0,0,0,0,0,0,0
Nagpur,VILLAGE,Bhojapur,Rural,1,3,2,0,2,0,0,0,0,0,0,1
Nagpur,VILLAGE,Narsala,Rural,197,876,554,180,321,11,27,0,14,0,1,322
Nagpur,VILLAGE,Khapa (Narsala),Rural,186,785,406,165,134,2,56,11,30,0,8,379
Nagpur,VILLAGE,Pipala (Bhadao),Rural,71,297,156,31,71,0,54,0,0,0,0,141
Nagpur,VILLAGE,Bhagi Mahari,Rural,211,983,628,123,195,0,277,2,19,0,12,355
Nagpur,VILLAGE,Hetisurla,Rural,233,965,504,32,94,2,119,4,194,1,58,461
Nagpur,VILLAGE,Sawangi,Rural,228,990,566,254,287,1,19,3,0,0,2,424
Nagpur,VILLAGE,Telangkhedi,Rural,144,568,342,149,143,0,15,21,12,0,2,226
Nagpur,VILLAGE,Junewani,Rural,0,0,0,0,0,0,0,0,0,0,0,0
Nagpur,VILLAGE,Sindewani Kh.,Rural,25,116,59,24,29,0,1,2,3,0,0,57
Nagpur,VILLAGE,Sindewani Bk.,Rural,163,670,413,80,254,14,15,6,37,1,6,257
Nagpur,VILLAGE,Tekadi,Rural,90,360,151,11,37,0,10,11,74,1,7,209
Nagpur,VILLAGE,Warpani,Rural,30,132,100,28,50,0,3,1,15,0,3,32
Nagpur,VILLAGE,Kormeta,Rural,114,495,334,97,83,0,9,7,129,0,9,161
Nagpur,VILLAGE,Sarra,Rural,100,423,271,26,225,2,3,0,14,1,0,152
Nagpur,VILLAGE,Nagalwadi,Rural,175,666,391,72,174,3,46,10,18,0,68,275
Nagpur,VILLAGE,Bhondetal,Rural,15,65,44,0,43,0,1,0,0,0,0,21
Nagpur,VILLAGE,Sironji,Rural,214,871,564,286,166,6,17,51,32,1,5,307
Nagpur,VILLAGE,Bichawa,Rural,173,716,395,83,222,19,36,2,29,3,1,321
Nagpur,VILLAGE,Rajegaon,Rural,0,0,0,0,0,0,0,0,0,0,0,0
Nagpur,VILLAGE,Raiwadi,Rural,239,946,567,104,246,1,150,2,58,1,5,379
Nagpur,VILLAGE,Chorkhairi,Rural,10,39,18,0,15,1,1,0,1,0,0,21
Nagpur,VILLAGE,Sonpur,Rural,145,581,392,47,139,3,154,7,21,4,17,189
Nagpur,VILLAGE,Surewani,Rural,139,534,329,5,70,2,9,4,133,0,106,205
Nagpur,VILLAGE,Maharkund,Rural,52,215,118,1,12,0,2,0,103,0,0,97
Nagpur,VILLAGE,Tembhurdoh,Rural,247,1076,545,98,400,1,40,1,4,1,0,531
Nagpur,VILLAGE,Chargaon,Rural,111,465,253,47,24,0,85,6,46,0,45,212
Nagpur,VILLAGE,Risala,Rural,105,437,270,93,156,0,20,0,1,0,0,167
Nagpur,VILLAGE,Badegaon,Rural,703,2783,1507,349,625,26,169,8,303,10,17,1276
Nagpur,VILLAGE,Kharduka,Rural,123,540,354,76,83,0,2,10,183,0,0,186
Nagpur,VILLAGE,Pipla (Rithi),Rural,5,19,12,4,0,0,1,0,7,0,0,7
Nagpur,VILLAGE,Kocchi,Rural,390,1660,831,222,373,6,83,88,52,0,7,829
Nagpur,VILLAGE,Hingna,Rural,94,358,203,56,124,0,6,1,14,0,2,155
Nagpur,VILLAGE,Khubala,Rural,425,1789,966,207,680,5,67,2,5,0,0,823
Nagpur,VILLAGE,Mohagaon (Jangali),Rural,66,289,170,34,97,0,14,0,14,0,11,119
Nagpur,VILLAGE,Pendhari,Rural,81,340,210,49,129,1,6,6,19,0,0,130
Nagpur,VILLAGE,Hetikheda,Rural,63,300,191,71,116,0,4,0,0,0,0,109
Nagpur,VILLAGE,Gadami,Rural,103,470,273,58,204,0,8,0,3,0,0,197
Nagpur,VILLAGE,Kusumbi,Rural,11,48,28,4,24,0,0,0,0,0,0,20
Nagpur,VILLAGE,Nimtalai,Rural,280,1309,620,266,285,10,49,1,9,0,0,689
Nagpur,VILLAGE,Dhakara,Rural,87,348,222,90,104,0,8,3,2,0,15,126
Nagpur,VILLAGE,Umari  jambhalpani,Rural,203,890,528,92,335,2,87,1,8,0,3,362
Nagpur,VILLAGE,Bawangaon,Rural,114,420,291,63,73,0,144,3,6,0,2,129
Nagpur,VILLAGE,Khairi (Panjabrao),Rural,192,791,387,88,259,4,22,1,13,0,0,404
Nagpur,VILLAGE,Kothulana,Rural,423,1837,908,179,508,25,95,17,74,2,8,929
Nagpur,VILLAGE,Kirnapur,Rural,54,243,147,33,61,2,11,0,31,4,5,96
Nagpur,VILLAGE,Ramdongari,Rural,199,720,429,8,93,4,229,1,66,0,28,291
Nagpur,VILLAGE,Rajana (Halad),Rural,3,11,3,0,0,0,3,0,0,0,0,8
Nagpur,VILLAGE,Khedi,Rural,50,187,117,15,102,0,0,0,0,0,0,70
Nagpur,VILLAGE,Kodegaon,Rural,310,1363,700,207,393,0,88,0,2,0,10,663
Nagpur,VILLAGE,Tigai,Rural,111,419,224,38,37,0,20,22,90,0,17,195
Nagpur,VILLAGE,Gumgaon,Rural,81,305,167,22,35,0,38,8,31,1,32,138
Nagpur,VILLAGE,Wakodi,Rural,729,3291,1706,380,963,27,163,8,99,14,52,1585
Nagpur,VILLAGE,Dohanghat,Rural,20,80,45,11,23,0,0,0,1,0,10,35
Nagpur,VILLAGE,Wagholi,Rural,69,317,217,60,143,1,10,0,2,0,1,100
Nagpur,VILLAGE,Parsodi,Rural,220,923,582,147,32,1,32,2,359,7,2,341
Nagpur,VILLAGE,Khangaon,Rural,349,1518,682,207,358,13,52,1,38,3,10,836
Nagpur,VILLAGE,Khurajgaon,Rural,335,1447,791,140,462,4,92,5,80,0,8,656
Nagpur,VILLAGE,Pardi (Rithi),Rural,37,121,88,6,70,0,2,0,10,0,0,33
Nagpur,VILLAGE,Ajani,Rural,339,1507,856,147,514,13,78,84,17,0,3,651
Nagpur,VILLAGE,Borujwada,Rural,325,1412,687,112,326,11,205,10,18,2,3,725
Nagpur,VILLAGE,Gujarkhedi,Rural,399,1662,661,28,229,8,374,0,13,1,8,1001
Nagpur,VILLAGE,Umari,Rural,54,239,118,9,62,3,43,0,0,0,1,121
Nagpur,VILLAGE,Angewada,Rural,157,663,338,61,244,0,30,0,0,0,3,325
Nagpur,VILLAGE,Patakakhedi,Rural,182,806,439,270,135,2,31,0,0,0,1,367
Nagpur,VILLAGE,Malegaon,Rural,525,2190,1184,244,394,16,295,10,174,8,43,1006
Nagpur,VILLAGE,Manegaon,Rural,360,1540,673,170,168,16,223,6,85,3,2,867
Nagpur,VILLAGE,Pandharakhedi,Rural,111,534,268,63,24,1,34,35,88,7,16,266
Nagpur,VILLAGE,Katodi,Rural,144,595,253,130,96,4,23,0,0,0,0,342
Nagpur,VILLAGE,Erangaon,Rural,104,462,250,73,113,1,25,3,35,0,0,212
Nagpur,VILLAGE,Bramhpuri,Rural,179,769,454,256,91,4,41,48,9,0,5,315
Nagpur,VILLAGE,Sillori,Rural,207,890,529,296,174,5,25,10,17,0,2,361
Nagpur,VILLAGE,Kusumbi,Rural,161,733,426,175,110,4,50,38,44,0,5,307
Nagpur,VILLAGE,Takali,Rural,465,2165,1007,218,334,13,178,100,108,4,52,1158
Nagpur,VILLAGE,Bhendala,Rural,264,1186,606,179,293,7,46,9,61,5,6,580
Nagpur,VILLAGE,Waki,Rural,507,2087,1126,474,529,19,84,9,6,1,4,961
Nagpur,VILLAGE,Chichghat,Rural,5,15,13,0,11,0,2,0,0,0,0,2
Nagpur,VILLAGE,Bidachichghat,Rural,2,6,4,0,3,0,1,0,0,0,0,2
Nagpur,VILLAGE,Gosewadi,Rural,146,656,395,117,233,1,11,21,12,0,0,261
Nagpur,VILLAGE,Kodadongri,Rural,6,25,17,2,15,0,0,0,0,0,0,8
Nagpur,VILLAGE,Patansavangi,Rural,2129,9838,3901,579,1418,63,1482,28,232,15,84,5937
Nagpur,VILLAGE,Yeltur,Rural,152,668,348,65,228,3,11,0,41,0,0,320
Nagpur,VILLAGE,Isapur,Rural,420,1930,1062,204,526,11,199,40,70,1,11,868
Nagpur,VILLAGE,Kawadas,Rural,315,1531,451,7,34,4,294,1,48,0,63,1080
Nagpur,VILLAGE,Belori Kh.,Rural,9,45,24,20,4,0,0,0,0,0,0,21
Nagpur,VILLAGE,Itangoti,Rural,197,689,437,85,91,0,55,25,174,5,2,252
Nagpur,VILLAGE,Champa,Rural,189,829,507,83,384,0,11,4,20,1,4,322
Nagpur,VILLAGE,Sawarmendha,Rural,190,872,482,231,152,0,37,32,28,1,1,390
Nagpur,VILLAGE,Bidkawadas,Rural,7,29,17,0,16,0,1,0,0,0,0,12
Nagpur,VILLAGE,Pipla (da-B),Rural,886,4009,1615,195,421,29,620,37,167,12,134,2394
Nagpur,VILLAGE,Ranala,Rural,41,207,82,8,24,2,46,0,0,0,2,125
Nagpur,VILLAGE,Rohana,Rural,415,1645,785,63,346,14,120,2,26,106,108,860
Nagpur,VILLAGE,Dahegaon(Rangari),Rural,1103,5193,1952,244,603,63,959,2,31,9,41,3241
Nagpur,VILLAGE,Pota,Rural,390,1774,576,38,112,13,317,4,34,8,50,1198
Nagpur,VILLAGE,Bhanegaon,Rural,1465,6728,2541,263,265,77,1452,22,100,37,325,4187
Nagpur,CD BLOCK,Parseoni,Rural,21214,95709,47567,11487,18368,437,8877,678,6122,133,1465,48142
Nagpur,VILLAGE,Ghatkukada,Rural,40,152,127,11,0,0,5,2,107,1,1,25
Nagpur,VILLAGE,Ghatpendhari,Rural,195,695,567,32,3,1,11,0,515,0,5,128
Nagpur,VILLAGE,Kolitmara,Rural,66,581,185,37,130,0,7,1,4,0,6,396
Nagpur,VILLAGE,Kirangi Sarra,Rural,41,201,124,26,96,0,0,0,2,0,0,77
Nagpur,VILLAGE,Surera,Rural,37,153,102,17,30,1,3,0,41,1,9,51
Nagpur,VILLAGE,Mehakepar,Rural,32,156,95,0,4,1,1,0,79,0,10,61
Nagpur,VILLAGE,Narhar,Rural,95,394,278,118,118,1,0,2,37,1,1,116
Nagpur,VILLAGE,Banera,Rural,92,392,235,46,171,1,16,0,1,0,0,157
Nagpur,VILLAGE,Dhawalapur,Rural,79,275,205,96,95,1,9,0,4,0,0,70
Nagpur,VILLAGE,Sawangi,Rural,36,132,96,33,59,1,3,0,0,0,0,36
Nagpur,VILLAGE,Saleghat,Rural,56,233,143,19,76,1,7,0,40,0,0,90
Nagpur,VILLAGE,Pathar,Rural,0,0,0,0,0,0,0,0,0,0,0,0
Nagpur,VILLAGE,Ambazari,Rural,102,410,293,88,141,1,3,6,54,0,0,117
Nagpur,VILLAGE,Gargoti,Rural,5,19,12,10,2,0,0,0,0,0,0,7
Nagpur,VILLAGE,Pardi,Rural,5,21,15,8,7,0,0,0,0,0,0,6
Nagpur,VILLAGE,Siladevi,Rural,22,99,68,4,59,0,0,0,5,0,0,31
Nagpur,VILLAGE,Kukada (Rithi),Rural,0,0,0,0,0,0,0,0,0,0,0,0
Nagpur,VILLAGE,Borban,Rural,0,0,0,0,0,0,0,0,0,0,0,0
Nagpur,VILLAGE,Makardhokada,Rural,26,113,75,6,42,0,6,0,7,0,14,38
Nagpur,VILLAGE,Suwardhara,Rural,111,464,309,24,253,0,18,0,14,0,0,155
Nagpur,VILLAGE,Aoleghat,Rural,118,548,332,126,111,2,13,23,44,1,12,216
Nagpur,VILLAGE,Chargaon,Rural,118,537,274,79,132,1,30,2,30,0,0,263
Nagpur,VILLAGE,Bhivagad,Rural,9,37,23,7,8,0,0,0,8,0,0,14
Nagpur,VILLAGE,Kamthi,Rural,17,69,34,8,8,0,6,0,12,0,0,35
Nagpur,VILLAGE,Ghat Khairi,Rural,106,483,238,65,72,0,85,5,4,0,7,245
Nagpur,VILLAGE,Navegaon,Rural,126,555,195,0,1,0,38,51,82,9,14,360
Nagpur,VILLAGE,Bachhera,Rural,261,1444,537,35,162,7,114,7,183,1,28,907
Nagpur,VILLAGE,Rangari(Rithi),Rural,1,7,5,0,5,0,0,0,0,0,0,2
Nagpur,VILLAGE,Palasavali,Rural,124,541,360,43,283,8,16,1,9,0,0,181
Nagpur,VILLAGE,Kondasawari,Rural,103,472,305,76,182,0,1,4,40,0,2,167
Nagpur,VILLAGE,Tekadi,Rural,79,352,224,100,92,0,20,6,5,0,1,128
Nagpur,VILLAGE,Salai (Mokasa),Rural,255,1150,667,213,263,1,20,19,106,0,45,483
Nagpur,VILLAGE,Mogra,Rural,40,167,107,15,76,0,14,0,2,0,0,60
Nagpur,VILLAGE,Sawali,Rural,112,489,304,97,173,1,18,3,12,0,0,185
Nagpur,VILLAGE,Sakarla,Rural,134,564,309,103,148,0,34,2,22,0,0,255
Nagpur,VILLAGE,Kanhadevi,Rural,61,272,160,71,75,0,14,0,0,0,0,112
Nagpur,VILLAGE,Kusumdhara,Rural,30,132,86,27,58,0,1,0,0,0,0,46
Nagpur,VILLAGE,Parsodi (peth),Rural,52,235,125,80,35,1,8,0,1,0,0,110
Nagpur,VILLAGE,Bhulewadi,Rural,68,292,149,49,97,0,3,0,0,0,0,143
Nagpur,VILLAGE,Bitoli,Rural,109,501,267,103,147,0,12,0,5,0,0,234
Nagpur,VILLAGE,Neur Wada,Rural,142,645,387,134,216,0,37,0,0,0,0,258
Nagpur,VILLAGE,Pali,Rural,65,271,166,65,92,2,6,0,0,0,1,105
Nagpur,VILLAGE,Lohara (Ri),Rural,5,22,17,13,0,0,2,2,0,0,0,5
Nagpur,VILLAGE,Ghukashi,Rural,280,966,661,72,113,0,475,0,0,0,1,305
Nagpur,VILLAGE,Umari,Rural,143,600,382,137,204,12,27,1,0,0,1,218
Nagpur,VILLAGE,Salai,Rural,154,705,457,321,20,0,8,5,101,0,2,248
Nagpur,VILLAGE,Amgaon,Rural,119,491,325,65,238,10,10,0,1,0,1,166
Nagpur,VILLAGE,Suganabodi,Rural,0,0,0,0,0,0,0,0,0,0,0,0
Nagpur,VILLAGE,Kalbhairao,Rural,65,296,195,28,155,1,11,0,0,0,0,101
Nagpur,VILLAGE,Bhage Mahari,Rural,283,1243,600,187,358,11,34,0,3,4,3,643
Nagpur,VILLAGE,Pendhari,Rural,116,551,359,27,282,0,5,1,40,0,4,192
Nagpur,VILLAGE,Nimbha,Rural,185,738,413,50,316,0,45,0,1,0,1,325
Nagpur,VILLAGE,Chicholi,Rural,70,280,100,70,28,0,1,0,1,0,0,180
Nagpur,VILLAGE,Mahadula,Rural,109,461,276,65,188,2,7,1,12,0,1,185
Nagpur,VILLAGE,Karanbhad,Rural,584,2635,1480,456,795,6,117,9,68,0,29,1155
Nagpur,VILLAGE,Baburwada,Rural,218,898,466,164,175,0,49,9,29,1,39,432
Nagpur,VILLAGE,Dundakhairi,Rural,0,0,0,0,0,0,0,0,0,0,0,0
Nagpur,VILLAGE,Kalapatha,Rural,148,683,380,117,236,5,11,0,7,2,2,303
Nagpur,VILLAGE,Mahuli,Rural,428,1977,803,203,437,14,83,12,44,2,8,1174
Nagpur,VILLAGE,Gundhari (pande),Rural,94,401,237,61,146,0,18,1,11,0,0,164
Nagpur,VILLAGE,Chichbhuwan,Rural,98,428,252,75,149,2,13,5,5,0,3,176
Nagpur,VILLAGE,Dahegaon (joshi),Rural,522,2324,1194,323,523,3,120,28,180,0,17,1130
Nagpur,VILLAGE,Khandala (M],Rural,180,824,348,150,160,5,28,3,2,0,0,476
Nagpur,VILLAGE,Pardi,Rural,249,1089,624,162,349,4,33,0,3,0,73,465
Nagpur,VILLAGE,Itagaon,Rural,270,1238,663,157,223,9,97,7,132,7,31,575
Nagpur,VILLAGE,Digalwadi,Rural,123,500,255,46,121,3,61,2,18,1,3,245
Nagpur,VILLAGE,Bansingi,Rural,207,870,294,60,60,3,167,2,1,0,1,576
Nagpur,VILLAGE,Parshivni,Rural,2515,11156,4578,398,1386,58,1893,35,574,12,222,6578
Nagpur,VILLAGE,Palora,Rural,398,1837,853,209,349,14,144,29,79,8,21,984
Nagpur,VILLAGE,Naikund,Rural,469,1994,1001,144,358,19,325,13,137,3,2,993
Nagpur,VILLAGE,Amadi,Rural,367,1594,686,99,195,5,158,45,176,1,7,908
Nagpur,VILLAGE,Hiwari,Rural,82,388,150,28,33,1,17,2,53,7,9,238
Nagpur,VILLAGE,Dumari Kala,Rural,157,710,330,167,46,9,37,32,30,1,8,380
Nagpur,VILLAGE,Khandala (Du),Rural,186,919,454,142,206,10,78,2,13,0,3,465
Nagpur,VILLAGE,Mahedi,Rural,251,1180,592,258,282,2,40,6,2,1,1,588
Nagpur,VILLAGE,Pipala,Rural,156,679,423,72,3,1,1,0,345,0,1,256
Nagpur,VILLAGE,Parsodi,Rural,98,404,248,119,98,1,30,0,0,0,0,156
Nagpur,VILLAGE,Gundhari (Wandhe),Rural,160,754,414,100,285,5,14,0,5,5,0,340
Nagpur,VILLAGE,Tamaswadi,Rural,564,2400,1378,125,208,10,546,24,432,8,25,1022
Nagpur,VILLAGE,Sonegaon,Rural,103,505,269,108,141,8,7,0,4,0,1,236
Nagpur,VILLAGE,Gawana,Rural,77,345,171,120,21,0,3,6,20,0,1,174
Nagpur,VILLAGE,Bakhari,Rural,176,792,469,147,298,4,11,2,6,1,0,323
Nagpur,VILLAGE,Dumari Kh.,Rural,147,637,349,0,0,3,17,81,240,1,7,288
Nagpur,VILLAGE,Nandgaon,Rural,207,921,398,70,292,15,11,3,4,0,3,523
Nagpur,VILLAGE,Wagholi,Rural,116,498,263,47,174,1,34,1,1,0,5,235
Nagpur,VILLAGE,Yesamba,Rural,122,541,289,147,116,0,26,0,0,0,0,252
Nagpur,VILLAGE,Waghoda,Rural,155,705,377,77,281,2,16,0,1,0,0,328
Nagpur,VILLAGE,Garanda,Rural,125,490,298,137,142,7,10,0,2,0,0,192
Nagpur,VILLAGE,Hingana (Ba),Rural,133,553,351,162,166,5,12,3,3,0,0,202
Nagpur,VILLAGE,Singori,Rural,135,585,290,51,208,1,28,0,2,0,0,295
Nagpur,VILLAGE,Soholi,Rural,147,676,340,99,134,8,99,0,0,0,0,336
Nagpur,VILLAGE,Dorli,Rural,309,1270,669,96,423,7,67,0,11,2,63,601
Nagpur,VILLAGE,Satak,Rural,463,2012,978,278,185,5,125,18,349,1,17,1034
Nagpur,VILLAGE,Beldongari,Rural,147,591,198,25,10,0,123,0,21,5,14,393
Nagpur,VILLAGE,Bhagi (Ri),Rural,0,0,0,0,0,0,0,0,0,0,0,0
Nagpur,VILLAGE,Banpuri,Rural,352,1683,776,369,86,2,101,8,193,13,4,907
Nagpur,VILLAGE,Telang Khedi,Rural,125,599,355,177,37,1,10,8,106,2,14,244
Nagpur,VILLAGE,Keradi,Rural,192,916,478,98,142,2,24,13,195,0,4,438
Nagpur,VILLAGE,Champa (Ri),Rural,46,157,83,45,25,1,9,1,2,0,0,74
Nagpur,VILLAGE,Panjara (Ri),Rural,0,0,0,0,0,0,0,0,0,0,0,0
Nagpur,VILLAGE,Nimkheda,Rural,293,1422,764,244,341,17,65,10,81,3,3,658
Nagpur,VILLAGE,Khedi,Rural,256,1140,562,133,63,8,31,17,286,7,17,578
Nagpur,VILLAGE,Bori (Rani),Rural,143,697,431,108,136,8,18,10,139,3,9,266
Nagpur,VILLAGE,Borada (G),Rural,273,1252,623,152,344,2,99,1,17,0,8,629
Nagpur,VILLAGE,Warada,Rural,280,1350,678,270,358,0,48,2,0,0,0,672
Nagpur,VILLAGE,Ghat Rohana,Rural,217,978,528,251,225,9,38,0,4,0,1,450
Nagpur,VILLAGE,Juni  Kamptee,Rural,533,2334,959,59,249,4,496,1,126,2,22,1375
Nagpur,VILLAGE,Gondegaon,Rural,811,3737,1309,104,534,17,546,9,32,2,65,2428
Nagpur,VILLAGE,Hiwara   (Gahu),Rural,153,750,212,115,67,3,17,3,7,0,0,538
Nagpur,VILLAGE,Sihora,Rural,890,4906,1881,54,107,26,1125,14,125,13,417,3025
Nagpur,VILLAGE,Khandala   (Ghatate),Rural,306,1435,693,187,183,5,163,11,72,0,72,742
Nagpur,VILLAGE,Nilaj,Rural,306,1538,782,383,227,3,154,0,5,1,9,756
Nagpur,VILLAGE,Bori  (singori),Rural,188,896,490,180,157,4,31,44,59,0,15,406
Nagpur,VILLAGE,Singardip,Rural,65,310,183,53,49,2,29,2,29,0,19,127
Nagpur,CD BLOCK,Ramtek,Rural,29168,131234,65735,12606,23708,917,12780,1903,9456,401,3964,65499
Nagpur,VILLAGE,Khursapar,Rural,61,298,171,46,16,0,4,0,105,0,0,127
Nagpur,VILLAGE,Garra,Rural,117,505,282,123,105,0,17,0,37,0,0,223
Nagpur,VILLAGE,Manegaon Tek,Rural,150,725,240,12,193,4,25,0,2,0,4,485
Nagpur,VILLAGE,Karwahi,Rural,453,2066,1158,176,878,3,59,3,35,1,3,908
Nagpur,VILLAGE,Dulara,Rural,124,577,374,63,155,0,32,0,116,0,8,203
Nagpur,VILLAGE,Chawari,Rural,70,330,188,76,2,0,13,3,94,0,0,142
Nagpur,VILLAGE,Lodha,Rural,186,850,487,106,174,5,31,41,125,3,2,363
Nagpur,VILLAGE,Sitapur,Rural,101,410,282,0,2,0,0,33,245,0,2,128
Nagpur,VILLAGE,Pindkapar,Rural,137,692,412,33,26,2,8,14,312,1,16,280
Nagpur,VILLAGE,Nawegaon(kh),Rural,108,501,283,45,150,0,6,9,49,0,24,218
Nagpur,VILLAGE,Goreghat,Rural,66,324,196,46,89,0,21,8,32,0,0,128
Nagpur,VILLAGE,Navegaon,Rural,98,475,248,76,89,1,43,0,15,0,24,227
Nagpur,VILLAGE,Bandra,Rural,125,928,322,85,27,3,36,73,89,3,6,606
Nagpur,VILLAGE,Sawara,Rural,171,835,507,130,215,3,7,91,60,0,1,328
Nagpur,VILLAGE,Usripar,Rural,61,268,163,19,8,0,5,1,85,0,45,105
Nagpur,VILLAGE,Bakhari(r),Rural,0,0,0,0,0,0,0,0,0,0,0,0
Nagpur,VILLAGE,Totaladoh ,Rural,41,111,48,0,0,0,44,3,0,0,1,63
Nagpur,VILLAGE,Kadbikheda,Rural,123,617,377,37,228,12,29,4,23,0,44,240
Nagpur,VILLAGE,Dongartal,Rural,139,583,184,13,0,0,15,16,135,3,2,399
Nagpur,VILLAGE,Kamthi,Rural,70,316,200,4,127,0,4,0,8,0,57,116
Nagpur,VILLAGE,Wadamba (Malgujari),Rural,308,1399,658,125,297,2,106,27,52,0,49,741
Nagpur,VILLAGE,Wadamba (Rayatwari),Rural,316,1339,594,21,81,13,223,8,211,2,35,745
Nagpur,VILLAGE,Junewani,Rural,90,372,235,70,155,0,7,0,0,0,3,137
Nagpur,VILLAGE,Khirsadi(Rithi),Rural,0,0,0,0,0,0,0,0,0,0,0,0
Nagpur,VILLAGE,Belda,Rural,238,1277,566,8,2,0,28,95,422,1,10,711
Nagpur,VILLAGE,Karajghat,Rural,0,0,0,0,0,0,0,0,0,0,0,0
Nagpur,VILLAGE,Murzad,Rural,19,83,54,0,0,0,0,9,45,0,0,29
Nagpur,VILLAGE,Tuyapar,Rural,148,637,343,23,8,0,14,7,233,2,56,294
Nagpur,VILLAGE,Umri,Rural,56,233,170,67,46,0,10,4,13,0,30,63
Nagpur,VILLAGE,Deolapar,Rural,802,4216,1327,110,622,1,545,3,24,0,22,2889
Nagpur,VILLAGE,Zinzariya,Rural,214,1013,394,281,66,6,24,4,6,6,1,619
Nagpur,VILLAGE,Khapa,Rural,73,337,233,78,107,0,4,9,34,0,1,104
Nagpur,VILLAGE,Fulzari (fv),Rural,42,213,138,19,74,0,15,12,15,1,2,75
Nagpur,VILLAGE,Mohagaon(Rithi),Rural,0,0,0,0,0,0,0,0,0,0,0,0
Nagpur,VILLAGE,Ghoti,Rural,184,824,507,386,86,3,23,3,4,0,2,317
Nagpur,VILLAGE,Salai,Rural,127,539,312,35,177,0,45,0,54,0,1,227
Nagpur,VILLAGE,Pipriya,Rural,196,818,405,115,150,5,65,4,65,0,1,413
Nagpur,VILLAGE,Sillari,Rural,100,454,280,54,112,0,8,0,106,0,0,174
Nagpur,VILLAGE,Katta,Rural,154,764,349,1,4,2,39,3,5,3,292,415
Nagpur,VILLAGE,Sindewani,Rural,140,682,326,67,10,3,56,29,89,0,72,356
Nagpur,VILLAGE,Khidki,Rural,90,427,252,121,49,0,68,2,3,0,9,175
Nagpur,VILLAGE,Khanora,Rural,144,687,372,22,2,0,7,132,204,0,5,315
Nagpur,VILLAGE,Lakhapur,Rural,35,177,77,23,40,0,1,2,11,0,0,100
Nagpur,VILLAGE,Akola,Rural,101,484,221,7,82,0,2,13,117,0,0,263
Nagpur,VILLAGE,Fulzari,Rural,115,523,255,42,181,1,12,8,9,1,1,268
Nagpur,VILLAGE,Hiwara(bazar),Rural,466,1899,882,82,375,24,116,14,191,30,50,1017
Nagpur,VILLAGE,Warghat,Rural,304,1520,712,318,87,4,30,76,127,5,65,808
Nagpur,VILLAGE,Saundani,Rural,87,411,197,3,4,0,3,11,96,1,79,214
Nagpur,VILLAGE,Pendhari,Rural,139,649,356,158,81,0,116,1,0,0,0,293
Nagpur,VILLAGE,Bothiya(palora),Rural,231,1071,505,98,249,11,38,6,99,2,2,566
Nagpur,VILLAGE,Hiwara,Rural,120,490,310,47,257,0,4,0,2,0,0,180
Nagpur,VILLAGE,Chargaon,Rural,24,113,71,14,54,0,3,0,0,0,0,42
Nagpur,VILLAGE,Moudi,Rural,173,793,380,38,309,1,28,0,1,2,1,413
Nagpur,VILLAGE,Sitapur,Rural,116,504,254,21,40,11,104,4,43,2,29,250
Nagpur,VILLAGE,Pauni,Rural,404,1768,784,15,540,33,187,0,3,1,5,984
Nagpur,VILLAGE,Pauni,Rural,106,522,337,118,149,9,57,0,0,0,4,185
Nagpur,VILLAGE,Kharpada,Rural,86,373,118,11,70,1,15,3,17,0,1,255
Nagpur,VILLAGE,Sawangi,Rural,123,599,141,2,4,1,1,3,127,1,2,458
Nagpur,VILLAGE,Manegaon,Rural,158,689,366,59,164,16,99,7,13,7,1,323
Nagpur,VILLAGE,Salai,Rural,212,932,573,221,269,3,65,5,1,9,0,359
Nagpur,VILLAGE,Ghoti,Rural,127,553,326,207,93,1,9,14,1,0,1,227
Nagpur,VILLAGE,Ramjam,Rural,39,160,109,46,53,0,1,7,2,0,0,51
Nagpur,VILLAGE,Tangla,Rural,230,1289,530,95,236,4,84,17,58,5,31,759
Nagpur,VILLAGE,Chiknapur,Rural,28,110,71,7,52,0,3,0,8,0,1,39
Nagpur,VILLAGE,Pusda,Rural,197,776,559,45,123,0,55,44,259,3,30,217
Nagpur,VILLAGE,Sarra,Rural,0,0,0,0,0,0,0,0,0,0,0,0
Nagpur,VILLAGE,Tuyapar,Rural,21,92,49,7,25,0,6,0,11,0,0,43
Nagpur,VILLAGE,Jamuniya,Rural,59,243,145,20,99,0,21,0,5,0,0,98
Nagpur,VILLAGE,Dahoda,Rural,200,1317,534,157,285,7,36,9,38,0,2,783
Nagpur,VILLAGE,Shahapur,Rural,45,192,122,2,116,1,3,0,0,0,0,70
Nagpur,VILLAGE,Ambazari,Rural,156,716,440,116,229,2,44,5,42,0,2,276
Nagpur,VILLAGE,Pathrai,Rural,337,1463,895,261,548,5,46,8,25,0,2,568
Nagpur,VILLAGE,Chorbahuli(fo),Rural,66,234,143,5,16,0,23,1,3,0,95,91
Nagpur,VILLAGE,Maharapeth (R),Rural,0,0,0,0,0,0,0,0,0,0,0,0
Nagpur,VILLAGE,Chichda,Rural,435,1804,1058,100,361,5,45,9,23,2,513,746
Nagpur,VILLAGE,Murda,Rural,85,311,198,41,65,0,7,0,1,0,84,113
Nagpur,VILLAGE,Umri,Rural,331,1399,947,221,210,0,284,9,209,0,14,452
Nagpur,VILLAGE,Maharajpur,Rural,149,599,331,5,0,0,3,20,288,3,12,268
Nagpur,VILLAGE,Nahabi,Rural,72,313,169,38,45,1,4,15,65,0,1,144
Nagpur,VILLAGE,Mukanapur,Rural,44,184,114,16,80,2,5,0,10,0,1,70
Nagpur,VILLAGE,Dongri,Rural,178,776,493,27,436,2,8,0,18,0,2,283
Nagpur,VILLAGE,Chorkhumari,Rural,72,299,204,80,86,0,37,0,0,0,1,95
Nagpur,VILLAGE,Chorbahuli (mogra),Rural,75,289,170,27,104,0,35,1,3,0,0,119
Nagpur,VILLAGE,Bhondewada,Rural,466,1834,1158,91,296,5,592,16,32,1,125,676
Nagpur,VILLAGE,Khumari,Rural,415,1518,869,89,130,9,445,5,76,86,29,649
Nagpur,VILLAGE,Borda,Rural,519,2163,1071,291,276,10,192,11,8,0,283,1092
Nagpur,VILLAGE,Sarakha,Rural,122,552,251,120,47,1,77,1,4,0,1,301
Nagpur,VILLAGE,Chhatrapur,Rural,55,231,100,7,83,1,7,0,2,0,0,131
Nagpur,VILLAGE,Bondri,Rural,161,725,344,38,143,0,154,1,6,0,2,381
Nagpur,VILLAGE,Deoli,Rural,63,249,171,13,18,1,139,0,0,0,0,78
Nagpur,VILLAGE,Hiwara (bende),Rural,129,540,297,45,58,5,49,6,106,1,27,243
Nagpur,VILLAGE,Bhilewada,Rural,248,1063,578,121,253,0,20,10,26,0,148,485
Nagpur,VILLAGE,Soneghat,Rural,70,294,169,17,22,0,38,1,47,1,43,125
Nagpur,VILLAGE,Navegaon,Rural,0,0,0,0,0,0,0,0,0,0,0,0
Nagpur,VILLAGE,Chaugan,Rural,383,1378,942,89,143,2,703,0,0,0,5,436
Nagpur,VILLAGE,Pindkapur,Rural,160,711,370,28,6,1,24,11,252,7,41,341
Nagpur,VILLAGE,Sonpur,Rural,21,99,56,8,5,0,11,2,16,0,14,43
Nagpur,VILLAGE,Mangli,Rural,82,369,213,47,54,0,69,2,32,0,9,156
Nagpur,VILLAGE,Gudegaon,Rural,107,440,272,35,84,1,61,19,63,3,6,168
Nagpur,VILLAGE,Musewadi,Rural,388,1479,836,139,339,1,327,1,24,1,4,643
Nagpur,VILLAGE,Manegaon,Rural,5,24,5,4,1,0,0,0,0,0,0,19
Nagpur,VILLAGE,Guguldoh,Rural,297,1330,592,119,237,62,18,3,16,21,116,738
Nagpur,VILLAGE,Mandri,Rural,278,1242,749,196,452,1,27,12,61,0,0,493
Nagpur,VILLAGE,Amgaon,Rural,105,437,202,4,31,0,93,3,65,0,6,235
Nagpur,VILLAGE,Pipriyapeth (r),Rural,40,177,76,0,9,3,46,1,15,0,2,101
Nagpur,VILLAGE,Kelapur (R),Rural,0,0,0,0,0,0,0,0,0,0,0,0
Nagpur,VILLAGE,Rampuri (r),Rural,16,71,41,0,20,0,12,0,7,0,2,30
Nagpur,VILLAGE,Kawadak,Rural,307,1416,589,72,116,15,171,20,103,5,87,827
Nagpur,VILLAGE,Sitalwadi,Rural,671,2972,919,48,31,37,670,6,1,9,117,2053
Nagpur,VILLAGE,Chargaon,Rural,240,1020,417,19,40,7,189,10,12,1,139,603
Nagpur,VILLAGE,Khairi,Rural,543,2354,970,234,146,55,175,163,29,33,135,1384
Nagpur,VILLAGE,Mansar ,Rural,1639,7139,2831,114,674,80,1424,26,174,50,289,4308
Nagpur,VILLAGE,Patgowari,Rural,489,2252,1195,198,745,8,134,10,88,1,11,1057
Nagpur,VILLAGE,Hetitola (N.V.),Rural,207,972,438,16,291,2,102,0,17,0,10,534
Nagpur,VILLAGE,Hiwara,Rural,222,1011,432,102,54,4,27,4,202,9,30,579
Nagpur,VILLAGE,Bijewada,Rural,43,192,62,15,39,0,4,0,4,0,0,130
Nagpur,VILLAGE,Parsoda,Rural,554,3885,851,64,29,42,532,17,27,13,127,3034
Nagpur,VILLAGE,Bhojapur,Rural,177,752,340,49,130,2,150,0,2,0,7,412
Nagpur,VILLAGE,Kawalapur,Rural,24,105,43,23,14,0,6,0,0,0,0,62
Nagpur,VILLAGE,Dudhala (R),Rural,2,8,4,0,4,0,0,0,0,0,0,4
Nagpur,VILLAGE,Sivani (Rithi),Rural,0,0,0,0,0,0,0,0,0,0,0,0
Nagpur,VILLAGE,Manapur,Rural,207,928,494,166,48,3,74,59,125,2,17,434
Nagpur,VILLAGE,Pachpaoli,Rural,0,0,0,0,0,0,0,0,0,0,0,0
Nagpur,VILLAGE,Chakorda (rithi),Rural,0,0,0,0,0,0,0,0,0,0,0,0
Nagpur,VILLAGE,Navegaon (R),Rural,3,6,4,0,1,0,0,0,3,0,0,2
Nagpur,VILLAGE,Sagrampur,Rural,130,565,376,62,223,2,7,4,78,0,0,189
Nagpur,VILLAGE,Nawargaon,Rural,298,1274,689,209,217,4,87,26,127,0,19,585
Nagpur,VILLAGE,Sirpur,Rural,87,364,221,13,93,1,46,0,63,0,5,143
Nagpur,VILLAGE,Khindsi (R),Rural,7,37,14,1,5,1,7,0,0,0,0,23
Nagpur,VILLAGE,Panchala (KH),Rural,104,434,266,44,189,3,7,1,4,0,18,168
Nagpur,VILLAGE,Panchala (BK),Rural,323,1488,803,211,272,2,152,25,119,0,22,685
Nagpur,VILLAGE,Mahadula,Rural,324,1361,738,207,369,12,66,9,69,0,6,623
Nagpur,VILLAGE,Bhandar Bodi,Rural,377,1600,903,230,234,17,77,22,304,7,12,697
Nagpur,VILLAGE,Hasapur,Rural,98,366,247,34,73,1,117,3,10,0,9,119
Nagpur,VILLAGE,Salaimeta,Rural,153,695,442,190,230,0,7,0,15,0,0,253
Nagpur,VILLAGE,Lohara,Rural,141,464,290,19,32,0,215,0,24,0,0,174
Nagpur,VILLAGE,Bori,Rural,220,1115,605,112,454,1,21,11,3,2,1,510
Nagpur,VILLAGE,Khandala (kh),Rural,108,463,248,51,189,2,6,0,0,0,0,215
Nagpur,VILLAGE,Minsi (Rithi),Rural,9,126,22,0,16,0,3,0,3,0,0,104
Nagpur,VILLAGE,Devhada (r),Rural,17,77,41,6,34,0,1,0,0,0,0,36
Nagpur,VILLAGE,Chichala,Rural,456,2201,1140,395,548,6,72,28,69,8,14,1061
Nagpur,VILLAGE,Nagardhan,Rural,1895,8235,3811,471,1737,114,1268,21,124,7,69,4424
Nagpur,VILLAGE,Ajani,Rural,305,1543,842,382,329,1,59,7,56,0,8,701
Nagpur,VILLAGE,Hamlapuri,Rural,206,993,599,290,152,6,83,41,21,0,6,394
Nagpur,VILLAGE,Hatodi,Rural,173,758,483,103,40,0,31,6,301,1,1,275
Nagpur,VILLAGE,Lohadongari,Rural,209,886,444,71,10,5,43,32,265,4,14,442
Nagpur,VILLAGE,Kachurwahi,Rural,629,2678,1577,269,830,66,77,42,270,17,6,1101
Nagpur,VILLAGE,Khodegaon,Rural,149,668,396,101,167,8,11,20,82,2,5,272
Nagpur,VILLAGE,Kirnapur,Rural,176,733,462,152,245,0,20,8,37,0,0,271
Nagpur,VILLAGE,Chokhala,Rural,227,1049,594,154,67,2,28,98,227,1,17,455
Nagpur,VILLAGE,Wadegaon,Rural,36,149,102,24,48,0,0,9,19,0,2,47
Nagpur,VILLAGE,Masala,Rural,224,890,498,58,310,50,19,13,47,0,1,392
Nagpur,VILLAGE,Ghoti,Rural,105,471,231,110,36,0,5,0,80,0,0,240
Nagpur,VILLAGE,Asoli,Rural,164,677,419,182,195,0,6,2,32,0,2,258
Nagpur,VILLAGE,Shivani (Bhodaki),Rural,386,1767,1033,225,417,40,109,27,178,7,30,734
Nagpur,VILLAGE,Kirnapur,Rural,186,808,465,116,129,2,42,66,106,1,3,343
Nagpur,CD BLOCK,Mauda,Rural,28254,125170,67536,18681,27675,865,7571,1611,9249,202,1682,57634
Nagpur,VILLAGE,Nandapuri,Rural,316,1433,638,150,176,23,122,45,121,0,1,795
Nagpur,VILLAGE,Nerla,Rural,352,1615,887,317,418,8,88,19,32,1,4,728
Nagpur,VILLAGE,Dudhala,Rural,239,1094,702,264,144,3,70,32,184,0,5,392
Nagpur,VILLAGE,Tuman,Rural,293,1245,689,216,406,3,58,1,3,0,2,556
Nagpur,VILLAGE,Tarodi,Rural,121,549,283,115,143,6,15,1,1,1,1,266
Nagpur,VILLAGE,Aroli,Rural,1041,4522,2123,313,1247,18,298,8,228,4,7,2399
Nagpur,VILLAGE,Kargaon(rithi),Rural,0,0,0,0,0,0,0,0,0,0,0,0
Nagpur,VILLAGE,Khaparkheda (Gadi Patil Teli),Rural,129,580,357,198,150,3,3,1,0,2,0,223
Nagpur,VILLAGE,Kharda,Rural,269,1229,669,204,426,0,35,0,2,0,2,560
Nagpur,VILLAGE,Rajoli,Rural,252,1086,577,150,240,0,42,37,102,0,6,509
Nagpur,VILLAGE,Pardi Kh,Rural,91,418,244,30,4,0,10,9,186,0,5,174
Nagpur,VILLAGE,Pardikala,Rural,142,648,281,92,148,0,8,7,26,0,0,367
Nagpur,VILLAGE,Nimkheda,Rural,833,3611,1668,256,608,39,416,29,265,3,52,1943
Nagpur,VILLAGE,Khaparkheda (Kirad),Rural,62,289,144,70,5,0,5,0,60,0,4,145
Nagpur,VILLAGE,Hingana,Rural,138,586,321,88,77,0,33,8,112,0,3,265
Nagpur,VILLAGE,Barshi,Rural,182,823,467,211,244,2,5,1,4,0,0,356
Nagpur,VILLAGE,Ashti,Rural,170,775,484,308,136,5,14,7,4,0,10,291
Nagpur,VILLAGE,Chacher,Rural,991,4469,2297,769,1001,79,215,40,174,6,13,2172
Nagpur,VILLAGE,Nisatkheda,Rural,193,866,452,140,217,8,22,29,30,4,2,414
Nagpur,VILLAGE,Khopadi,Rural,167,654,324,105,201,2,10,0,6,0,0,330
Nagpur,VILLAGE,Aisamba,Rural,166,745,326,76,198,8,35,0,6,0,3,419
Nagpur,VILLAGE,Salwa,Rural,105,466,205,50,99,2,37,1,14,0,2,261
Nagpur,VILLAGE,Gangner,Rural,203,903,451,106,251,1,29,4,46,4,10,452
Nagpur,VILLAGE,Khandala,Rural,168,807,469,143,262,17,37,2,6,1,1,338
Nagpur,VILLAGE,Hiwara,Rural,86,415,263,88,43,2,33,9,8,0,80,152
Nagpur,VILLAGE,Nawegaon,Rural,185,832,390,59,250,4,46,2,25,2,2,442
Nagpur,VILLAGE,Tarsa,Rural,1035,4678,2442,762,1146,70,298,36,108,4,18,2236
Nagpur,VILLAGE,Batnor,Rural,117,499,289,3,2,0,17,29,214,4,20,210
Nagpur,VILLAGE,Dhani,Rural,254,1181,657,124,224,3,32,4,195,2,73,524
Nagpur,VILLAGE,Mangli(Gosai),Rural,97,427,232,68,155,0,3,1,3,0,2,195
Nagpur,VILLAGE,Bhendala,Rural,264,1172,646,129,278,7,55,27,125,1,24,526
Nagpur,VILLAGE,Wirshi,Rural,297,1380,777,167,588,0,22,0,0,0,0,603
Nagpur,VILLAGE,Rewaral,Rural,781,3243,1625,398,949,25,163,8,59,0,23,1618
Nagpur,VILLAGE,Khandala,Rural,75,330,45,4,31,0,2,3,2,3,0,285
Nagpur,VILLAGE,Berdipar,Rural,127,595,294,40,214,0,21,1,12,3,3,301
Nagpur,VILLAGE,Metshivadouli,Rural,133,570,332,56,256,3,17,0,0,0,0,238
Nagpur,VILLAGE,Khaparkheda,Rural,8,28,16,0,1,0,1,0,14,0,0,12
Nagpur,VILLAGE,Adegaon,Rural,317,1394,590,161,140,10,14,17,230,6,12,804
Nagpur,VILLAGE,Kathalabodi,Rural,49,204,121,32,71,0,4,0,14,0,0,83
Nagpur,VILLAGE,Wagbodi,Rural,123,520,309,99,134,0,7,4,65,0,0,211
Nagpur,VILLAGE,Sawagi,Rural,77,314,211,80,98,1,18,0,13,0,1,103
Nagpur,VILLAGE,Bhandewadi,Rural,139,633,255,4,163,0,15,3,67,0,3,378
Nagpur,VILLAGE,Kodamendhi,Rural,908,3819,1876,436,913,22,407,13,61,6,18,1943
Nagpur,VILLAGE,Bori (ghiwari),Rural,124,554,313,85,200,1,12,8,7,0,0,241
Nagpur,VILLAGE,Dhanoli,Rural,249,1012,617,64,292,0,14,53,188,0,6,395
Nagpur,VILLAGE,Khidki,Rural,65,272,149,40,28,0,22,27,26,0,6,123
Nagpur,VILLAGE,Tondli (Burj),Rural,140,584,353,60,60,1,50,17,128,5,32,231
Nagpur,VILLAGE,Tondli Rithi,Rural,0,0,0,0,0,0,0,0,0,0,0,0
Nagpur,VILLAGE,Indora,Rural,364,1497,756,273,342,6,87,4,33,2,9,741
Nagpur,VILLAGE,Nandgaon,Rural,230,1047,482,235,150,12,29,14,42,0,0,565
Nagpur,VILLAGE,Indori(Rithi),Rural,0,0,0,0,0,0,0,0,0,0,0,0
Nagpur,VILLAGE,Wakeshwar,Rural,256,1237,610,192,350,6,40,14,6,0,2,627
Nagpur,VILLAGE,Sukli,Rural,136,571,292,121,87,10,24,14,25,3,8,279
Nagpur,VILLAGE,Waygaon,Rural,140,602,327,58,130,5,19,15,93,0,7,275
Nagpur,VILLAGE,Murmadi,Rural,91,412,268,71,195,0,2,0,0,0,0,144
Nagpur,VILLAGE,Pimpalgaon,Rural,104,476,279,169,109,0,1,0,0,0,0,197
Nagpur,VILLAGE,Sirsoli,Rural,231,1014,575,280,180,0,13,9,93,0,0,439
Nagpur,VILLAGE,Shrikhanda,Rural,55,261,145,109,22,0,2,4,5,0,3,116
Nagpur,VILLAGE,Ijani,Rural,95,427,254,136,115,0,3,0,0,0,0,173
Nagpur,VILLAGE,Wagholi  (Rithi),Rural,0,0,0,0,0,0,0,0,0,0,0,0
Nagpur,VILLAGE,Dharmapuri,Rural,362,1612,863,314,472,9,62,1,5,0,0,749
Nagpur,VILLAGE,Morgaon,Rural,247,1137,590,111,122,2,23,27,293,0,12,547
Nagpur,VILLAGE,Tanda,Rural,311,1388,800,97,184,12,105,115,241,19,27,588
Nagpur,VILLAGE,Mahalgaon,Rural,150,643,359,85,219,16,31,3,4,0,1,284
Nagpur,VILLAGE,Khat,Rural,999,4280,2347,324,882,60,286,86,553,28,128,1933
Nagpur,VILLAGE,Deomundhari,Rural,164,689,434,148,232,3,43,0,6,0,2,255
Nagpur,VILLAGE,Nawargaon,Rural,186,889,527,225,220,2,24,2,46,1,7,362
Nagpur,VILLAGE,Khandala Gujar,Rural,177,838,440,62,291,2,13,35,23,0,14,398
Nagpur,VILLAGE,Charbha,Rural,78,336,157,43,112,0,2,0,0,0,0,179
Nagpur,VILLAGE,Bhobhara(sundargaon),Rural,138,599,365,103,164,2,6,20,70,0,0,234
Nagpur,VILLAGE,Pipari,Rural,267,1195,746,221,464,20,27,4,5,0,5,449
Nagpur,VILLAGE,Ashti,Rural,122,541,295,108,166,0,15,2,1,0,3,246
Nagpur,VILLAGE,Dholmara,Rural,135,563,327,31,13,0,13,23,235,0,12,236
Nagpur,VILLAGE,Ghotmundhari,Rural,240,1053,657,177,441,1,20,4,14,0,0,396
Nagpur,VILLAGE,Shiwani,Rural,78,307,186,51,102,2,6,3,21,0,1,121
Nagpur,VILLAGE,Adasa,Rural,107,482,260,118,44,0,23,45,24,3,3,222
Nagpur,VILLAGE,Panjara,Rural,105,452,298,127,126,0,5,0,40,0,0,154
Nagpur,VILLAGE,Dahegaon,Rural,504,2355,1380,412,453,11,76,17,401,0,10,975
Nagpur,VILLAGE,Chicholi,Rural,253,1116,653,143,225,9,37,17,216,3,3,463
Nagpur,VILLAGE,Bhowari,Rural,56,249,152,81,69,0,2,0,0,0,0,97
Nagpur,VILLAGE,Chikhalabodi,Rural,83,417,248,152,86,0,10,0,0,0,0,169
Nagpur,VILLAGE,Hiwara,Rural,85,393,236,57,164,0,11,0,0,0,4,157
Nagpur,VILLAGE,Niharwani,Rural,560,2459,1282,314,672,11,172,13,94,1,5,1177
Nagpur,VILLAGE,Sigori,Rural,76,370,211,55,137,0,16,1,1,0,1,159
Nagpur,VILLAGE,Narsala,Rural,146,722,249,131,107,0,5,3,3,0,0,473
Nagpur,VILLAGE,Sawargaon,Rural,86,434,275,132,124,0,15,0,1,0,3,159
Nagpur,VILLAGE,Babadeo,Rural,314,1416,746,144,356,17,133,6,48,7,35,670
Nagpur,VILLAGE,Isapur,Rural,164,660,399,150,185,1,13,20,26,0,4,261
Nagpur,VILLAGE,Ajangaon,Rural,301,1418,826,435,257,15,57,12,31,4,15,592
Nagpur,VILLAGE,Mangli(Teli),Rural,276,1275,750,385,151,1,42,3,164,0,4,525
Nagpur,VILLAGE,Dhanla,Rural,994,4214,2441,527,941,22,235,105,559,11,41,1773
Nagpur,VILLAGE,Nawegaon,Rural,96,441,218,109,61,3,36,1,8,0,0,223
Nagpur,VILLAGE,Dhamangaon,Rural,256,1145,623,133,43,0,57,57,231,1,101,522
Nagpur,VILLAGE,Kumbhari,Rural,515,2218,1811,278,26,30,1069,11,34,5,358,407
Nagpur,VILLAGE,Rahadi,Rural,233,1001,382,28,80,0,143,5,91,4,31,619
Nagpur,VILLAGE,Nanadevi,Rural,94,498,205,67,112,0,24,0,2,0,0,293
Nagpur,VILLAGE,Mangli (Chande),Rural,80,372,225,75,142,0,8,0,0,0,0,147
Nagpur,VILLAGE,Kumbhapur,Rural,104,486,285,77,130,1,5,3,66,2,1,201
Nagpur,VILLAGE,Kopara,Rural,64,281,158,114,31,1,5,7,0,0,0,123
Nagpur,VILLAGE,Kirnapur,Rural,58,284,157,69,71,2,7,3,5,0,0,127
Nagpur,VILLAGE,Sukali,Rural,33,170,98,1,76,0,0,0,19,0,2,72
Nagpur,VILLAGE,Zullar,Rural,186,812,312,120,135,9,18,4,1,0,25,500
Nagpur,VILLAGE,Chehadi,Rural,114,516,326,46,233,0,4,0,39,0,4,190
Nagpur,VILLAGE,Dahali,Rural,184,729,337,20,131,4,170,0,10,0,2,392
Nagpur,VILLAGE,Lapaka,Rural,176,751,357,93,179,0,85,0,0,0,0,394
Nagpur,VILLAGE,Korad,Rural,131,552,336,96,182,6,18,10,23,0,1,216
Nagpur,VILLAGE,Marodi,Rural,584,2477,1292,295,453,20,218,53,238,5,10,1185
Nagpur,VILLAGE,Bhamawada,Rural,5,25,14,5,8,0,1,0,0,0,0,11
Nagpur,VILLAGE,Singori,Rural,144,624,324,77,222,3,17,0,2,1,2,300
Nagpur,VILLAGE,Borgaon,Rural,193,842,412,100,207,0,84,0,15,0,6,430
Nagpur,VILLAGE,Mahadula,Rural,129,641,424,36,27,2,5,31,321,0,2,217
Nagpur,VILLAGE,Mohadi,Rural,401,1917,1221,459,226,11,114,41,307,4,59,696
Nagpur,VILLAGE,Chirwha,Rural,625,2797,1515,190,307,42,168,161,586,16,45,1282
Nagpur,VILLAGE,Pawaddauna,Rural,140,676,487,467,5,1,6,2,5,0,1,189
Nagpur,VILLAGE,Mathani,Rural,671,3025,1487,275,660,51,423,9,40,3,26,1538
Nagpur,VILLAGE,Wanjra,Rural,159,663,381,128,101,12,71,0,2,0,67,282
Nagpur,VILLAGE,Mohkhedi,Rural,118,541,331,152,133,9,24,1,9,0,3,210
Nagpur,VILLAGE,Wadhana,Rural,67,314,198,68,118,3,6,0,2,1,0,116
Nagpur,VILLAGE,Nandgaon,Rural,70,328,207,120,66,1,15,1,1,0,3,121
Nagpur,VILLAGE,Panmara,Rural,202,929,483,151,227,14,36,18,37,0,0,446
Nagpur,VILLAGE,Gowari,Rural,468,2058,1041,151,119,5,83,8,552,15,108,1017
Nagpur,VILLAGE,Borgaon(rithi),Rural,0,0,0,0,0,0,0,0,0,0,0,0
Nagpur,VILLAGE,Kotgaon,Rural,215,942,542,244,266,2,23,1,5,1,0,400
Nagpur,CD BLOCK,Kamptee,Rural,21760,96091,46642,9256,16488,765,14701,596,2802,168,1866,49449
Nagpur,VILLAGE,Tandulwani,Rural,56,250,128,36,80,0,7,1,1,0,3,122
Nagpur,VILLAGE,Babulkheda,Rural,198,871,526,153,342,1,14,2,10,0,4,345
Nagpur,VILLAGE,Chicholi,Rural,59,287,157,25,123,1,7,0,1,0,0,130
Nagpur,VILLAGE,Khapa,Rural,364,1718,919,193,561,16,134,3,8,0,4,799
Nagpur,VILLAGE,Gumthi,Rural,190,778,366,116,13,13,33,25,99,18,49,412
Nagpur,VILLAGE,Lonkhairi,Rural,379,1722,810,141,535,14,100,1,15,1,3,912
Nagpur,VILLAGE,Nanda,Rural,184,856,375,17,281,0,68,1,3,0,5,481
Nagpur,VILLAGE,Khaparkheda,Rural,103,425,176,6,36,3,124,0,1,2,4,249
Nagpur,VILLAGE,Panjara,Rural,334,1441,480,12,1,8,428,7,1,3,20,961
Nagpur,VILLAGE,Suradevi,Rural,384,1777,930,86,17,12,281,66,162,18,288,847
Nagpur,VILLAGE,Bina,Rural,699,3209,1298,98,273,19,804,9,52,1,42,1911
Nagpur,VILLAGE,Bidbina,Rural,29,122,81,22,48,0,8,0,3,0,0,41
Nagpur,VILLAGE,Waregaon,Rural,380,1707,979,77,445,65,314,2,11,13,52,728
Nagpur,VILLAGE,Kawtha,Rural,141,622,362,64,268,0,7,11,11,0,1,260
Nagpur,VILLAGE,Khasala,Rural,333,1505,494,48,55,12,349,9,2,1,18,1011
Nagpur,VILLAGE,Mhasala,Rural,853,3714,1543,60,114,26,1102,7,17,7,210,2171
Nagpur,VILLAGE,Khairy,Rural,364,1679,599,74,74,10,401,3,15,0,22,1080
Nagpur,VILLAGE,Bhilgaon,Rural,1142,5030,1788,87,55,39,1197,9,90,15,296,3242
Nagpur,VILLAGE,Ranala,Rural,1040,4899,1665,86,90,43,1288,6,8,11,133,3234
Nagpur,VILLAGE,Ghorpad,Rural,266,1184,642,78,126,22,247,19,104,2,44,542
Nagpur,VILLAGE,Ajani,Rural,604,2651,1352,241,543,3,505,5,29,2,24,1299
Nagpur,VILLAGE,Gada,Rural,383,1765,891,182,247,11,155,59,155,2,80,874
Nagpur,VILLAGE,Neri,Rural,418,1793,1078,182,479,7,369,4,24,0,13,715
Nagpur,VILLAGE,Undgaon,Rural,217,841,539,18,187,0,253,1,79,0,1,302
Nagpur,VILLAGE,Sonegaon,Rural,391,1660,957,226,181,2,36,93,391,5,23,703
Nagpur,VILLAGE,Bhowari,Rural,283,1049,559,173,109,3,220,3,7,3,41,490
Nagpur,VILLAGE,Avandhi,Rural,215,965,589,232,230,0,34,11,65,0,17,376
Nagpur,VILLAGE,Lihigaon,Rural,238,1106,650,257,303,7,71,1,2,0,9,456
Nagpur,VILLAGE,Shirpur,Rural,145,655,290,58,101,7,91,4,13,0,16,365
Nagpur,VILLAGE,Pawangaon,Rural,260,1117,536,118,357,2,57,1,1,0,0,581
Nagpur,VILLAGE,Powari,Rural,112,487,189,0,0,4,151,1,3,6,24,298
Nagpur,VILLAGE,Kapsi bk,Rural,573,2432,1133,140,185,30,628,7,118,1,24,1299
Nagpur,VILLAGE,Dhargaon,Rural,109,508,278,31,103,0,137,4,1,0,2,230
Nagpur,VILLAGE,Mahalgaon,Rural,558,2446,1230,174,564,26,459,1,2,1,3,1216
Nagpur,VILLAGE,Asoli.,Rural,246,1185,626,222,289,17,91,3,1,0,3,559
Nagpur,VILLAGE,Kadoli.,Rural,486,2016,970,178,325,14,394,2,43,2,12,1046
Nagpur,VILLAGE,Sawali,Rural,205,844,454,46,149,1,136,1,88,0,33,390
Nagpur,VILLAGE,Gumthala,Rural,739,3209,1429,318,526,24,383,10,134,2,32,1780
Nagpur,VILLAGE,Wadoda,Rural,1390,5708,2584,468,953,53,800,4,223,6,77,3124
Nagpur,VILLAGE,Bhamewada,Rural,167,773,446,84,310,3,47,0,2,0,0,327
Nagpur,VILLAGE,Asalwada,Rural,93,359,234,48,157,0,28,0,1,0,0,125
Nagpur,VILLAGE,Ambadi,Rural,125,521,298,59,171,14,39,4,4,1,6,223
Nagpur,VILLAGE,Yekardi,Rural,94,429,180,79,21,2,44,5,20,3,6,249
Nagpur,VILLAGE,Umari,Rural,150,656,421,180,223,9,8,0,0,1,0,235
Nagpur,VILLAGE,Palsad,Rural,337,1479,799,231,496,6,58,3,5,0,0,680
Nagpur,VILLAGE,Garla,Rural,119,566,348,98,235,0,11,0,2,0,2,218
Nagpur,VILLAGE,Dighori bk.,Rural,298,1298,853,196,595,7,31,2,9,0,13,445
Nagpur,VILLAGE,Tarodi bk.,Rural,265,1210,658,144,229,10,256,3,6,0,10,552
Nagpur,VILLAGE,Bidgaon.,Rural,1109,4812,1738,92,157,78,1284,11,21,7,88,3074
Nagpur,VILLAGE,Tarodi kh,Rural,186,785,298,4,74,6,206,0,4,2,2,487
Nagpur,VILLAGE,Pandhurna,Rural,123,626,362,87,147,3,27,28,60,4,6,264
Nagpur,VILLAGE,Khedi,Rural,143,623,370,152,158,18,33,4,5,0,0,253
Nagpur,VILLAGE,Parsodi,Rural,116,525,280,63,152,6,51,5,3,0,0,245
Nagpur,VILLAGE,Pandherkawada,Rural,100,491,280,110,121,4,40,1,4,0,0,211
Nagpur,VILLAGE,Kusumbi,Rural,42,184,118,50,50,1,16,0,1,0,0,66
Nagpur,VILLAGE,Temsana,Rural,182,822,480,182,228,6,42,10,9,1,2,342
Nagpur,VILLAGE,Adaka,Rural,166,774,411,149,205,3,20,17,10,2,5,363
Nagpur,VILLAGE,Kem,Rural,156,700,403,64,299,0,36,0,4,0,0,297
Nagpur,VILLAGE,Nimbha,Rural,102,416,198,56,121,0,14,1,6,0,0,218
Nagpur,VILLAGE,Selu,Rural,158,751,430,137,232,4,31,11,7,0,8,321
Nagpur,VILLAGE,Kesori,Rural,181,817,515,265,184,11,38,6,11,0,0,302
Nagpur,VILLAGE,Jakhegaon,Rural,214,988,589,356,151,8,49,1,7,10,7,399
Nagpur,VILLAGE,Chikna,Rural,132,657,369,98,211,2,15,15,26,2,0,288
Nagpur,VILLAGE,Borgaon,Rural,53,203,88,21,25,0,3,3,35,1,0,115
Nagpur,VILLAGE,Ranmangali,Rural,77,345,158,43,42,0,5,9,59,0,0,187
Nagpur,VILLAGE,Mangali,Rural,105,491,308,86,171,0,12,2,37,0,0,183
Nagpur,VILLAGE,Bhugaon,Rural,898,4045,2237,584,1056,37,212,33,262,7,46,1808
Nagpur,VILLAGE,Ninhai,Rural,0,0,0,0,0,0,0,0,0,0,0,0
Nagpur,VILLAGE,Chikhali,Rural,126,570,332,181,132,0,17,0,1,0,1,238
Nagpur,VILLAGE,Shivani,Rural,174,790,452,196,142,2,23,7,76,0,6,338
Nagpur,VILLAGE,Zharap,Rural,118,507,306,55,47,5,51,14,106,5,23,201
Nagpur,VILLAGE,Warambha,Rural,231,950,594,162,420,4,5,0,2,0,1,356
Nagpur,VILLAGE,Nerala,Rural,14,50,37,4,29,0,4,0,0,0,0,13
Nagpur,VILLAGE,Nanha,Rural,136,645,400,197,129,1,62,5,4,0,2,245
Nagpur,CD BLOCK,Nagpur(Rural),Rural,34266,148418,64336,8229,17231,1337,27232,912,4650,417,4328,84082
Nagpur,VILLAGE,Bandhara,Rural,3,14,8,0,7,0,1,0,0,0,0,6
Nagpur,VILLAGE,Kavdimet,Rural,1,1,1,0,1,0,0,0,0,0,0,0
Nagpur,VILLAGE,Sirpur,Rural,69,279,165,13,129,1,18,2,2,0,0,114
Nagpur,VILLAGE,Bhuyari,Rural,54,213,137,22,111,0,4,0,0,0,0,76
Nagpur,VILLAGE,Khairi,Rural,88,339,247,10,54,8,33,2,17,2,121,92
Nagpur,VILLAGE,Amgaon,Rural,2,2,2,0,0,0,0,0,1,0,1,0
Nagpur,VILLAGE,Dhaga,Rural,10,10,10,0,0,0,10,0,0,0,0,0
Nagpur,VILLAGE,Bajargaon,Rural,784,3233,1224,40,156,54,759,6,78,15,116,2009
Nagpur,VILLAGE,Khapri,Rural,0,0,0,0,0,0,0,0,0,0,0,0
Nagpur,VILLAGE,Shiwa,Rural,655,2830,1361,261,151,20,395,27,375,11,121,1469
Nagpur,VILLAGE,Sawanga,Rural,259,804,429,104,100,1,195,3,8,0,18,375
Nagpur,VILLAGE,Wanjara,Rural,73,327,184,55,70,2,44,2,6,0,5,143
Nagpur,VILLAGE,Pachanvari,Rural,33,72,54,1,20,0,32,0,0,0,1,18
Nagpur,VILLAGE,Satnavari,Rural,396,1678,867,72,397,19,277,7,53,4,38,811
Nagpur,VILLAGE,Malegaon kh,Rural,0,0,0,0,0,0,0,0,0,0,0,0
Nagpur,VILLAGE,Malegaon bk,Rural,14,56,43,4,35,0,1,0,3,0,0,13
Nagpur,VILLAGE,Padri  khapa,Rural,15,55,34,15,18,0,1,0,0,0,0,21
Nagpur,VILLAGE,Mohgaon bk.,Rural,7,31,19,0,19,0,0,0,0,0,0,12
Nagpur,VILLAGE,Mohgaon kh,Rural,121,546,308,7,256,2,17,0,0,0,26,238
Nagpur,VILLAGE,Dhamna,Rural,0,0,0,0,0,0,0,0,0,0,0,0
Nagpur,VILLAGE,Linga,Rural,604,2599,1237,239,504,23,356,18,45,11,41,1362
Nagpur,VILLAGE,Pethkaldongari,Rural,379,1567,596,49,133,2,187,39,44,47,95,971
Nagpur,VILLAGE,Chandrapur,Rural,28,113,39,4,28,0,0,0,7,0,0,74
Nagpur,VILLAGE,Vyahad,Rural,396,1600,728,121,180,3,240,13,160,3,8,872
Nagpur,VILLAGE,Walani,Rural,244,1098,582,201,326,6,12,18,17,1,1,516
Nagpur,VILLAGE,Brahmanwada,Rural,157,725,424,150,127,2,70,11,56,1,7,301
Nagpur,VILLAGE,Bailwada,Rural,200,869,496,161,223,10,27,32,37,3,3,373
Nagpur,VILLAGE,Gumthala ,Rural,231,1081,506,98,235,8,82,5,69,2,7,575
Nagpur,VILLAGE,Ghoghali,Rural,134,578,311,8,31,2,43,11,183,2,31,267
Nagpur,VILLAGE,Lonare,Rural,195,904,418,24,143,6,135,5,79,4,22,486
Nagpur,VILLAGE,Chakkikhapa,Rural,103,441,222,27,32,0,47,1,103,1,11,219
Nagpur,VILLAGE,Bhartwada,Rural,166,788,459,92,207,8,46,16,69,3,18,329
Nagpur,VILLAGE,Khandala,Rural,200,935,538,124,96,6,43,35,126,18,90,397
Nagpur,VILLAGE,Pardi,Rural,164,737,442,111,236,12,51,5,18,1,8,295
Nagpur,VILLAGE,Ashti ,Rural,78,336,120,39,43,1,35,0,2,0,0,216
Nagpur,VILLAGE,Borgaon,Rural,239,1103,451,154,174,1,80,7,28,2,5,652
Nagpur,VILLAGE,Mahurzari,Rural,373,1716,799,66,398,2,321,2,9,0,1,917
Nagpur,VILLAGE,Pithesur,Rural,175,745,271,18,0,0,231,0,0,0,22,474
Nagpur,VILLAGE,Godhani (Railway),Rural,2158,9804,3452,168,224,100,2310,28,181,28,413,6352
Nagpur,VILLAGE,Fetari,Rural,570,2559,1218,100,424,17,458,29,149,4,37,1341
Nagpur,VILLAGE,Gonhi,Rural,83,403,252,6,28,2,7,34,74,3,98,151
Nagpur,VILLAGE,Yerla,Rural,381,1626,831,68,366,16,340,0,4,11,26,795
Nagpur,VILLAGE,Chicholi,Rural,208,915,419,114,215,2,44,5,37,0,2,496
Nagpur,VILLAGE,Bodhala,Rural,81,368,201,47,87,0,23,1,33,3,7,167
Nagpur,VILLAGE,Lava,Rural,1411,6113,2196,106,328,60,1622,10,19,4,47,3917
Nagpur,VILLAGE,Khadgaon,Rural,423,1879,827,141,280,11,242,1,149,1,2,1052
Nagpur,VILLAGE,Drugdhamna,Rural,407,1862,748,13,8,8,665,0,7,3,44,1114
Nagpur,VILLAGE,Surabardi,Rural,409,1866,651,19,154,11,444,0,5,1,17,1215
Nagpur,VILLAGE,Kapsi kh,Rural,703,3056,1169,68,38,67,808,10,22,9,147,1887
Nagpur,VILLAGE,Kharabi,Rural,2239,10145,3472,77,40,115,2476,31,16,35,682,6673
Nagpur,VILLAGE,Gonhi,Rural,1205,5096,1777,114,43,33,1355,36,11,19,166,3319
Nagpur,VILLAGE,Bahadura,Rural,732,3172,1259,103,122,33,808,16,81,16,80,1913
Nagpur,VILLAGE,Vihirgaon,Rural,289,1342,650,173,243,3,205,4,14,0,8,692
Nagpur,VILLAGE,Umergaon,Rural,127,570,297,100,121,0,58,2,7,2,7,273
Nagpur,VILLAGE,Besa,Rural,1075,4554,1495,101,56,81,953,19,6,10,269,3059
Nagpur,VILLAGE,Beltarodi,Rural,862,3599,1321,42,17,30,1079,3,4,8,138,2278
Nagpur,VILLAGE,Ghogali,Rural,123,502,191,20,27,6,129,0,2,1,6,311
Nagpur,VILLAGE,Pipla,Rural,443,1945,732,99,92,11,464,9,11,0,46,1213
Nagpur,VILLAGE,Hudkeshwar  kh.,Rural,138,581,248,21,155,9,52,2,9,0,0,333
Nagpur,VILLAGE,Adyali,Rural,83,383,197,57,92,0,35,3,6,0,4,186
Nagpur,VILLAGE,Kalamana,Rural,183,804,357,72,110,2,117,1,42,0,13,447
Nagpur,VILLAGE,Takli,Rural,58,231,139,13,114,0,12,0,0,0,0,92
Nagpur,VILLAGE,Dhamana,Rural,72,331,178,87,65,0,25,0,0,0,1,153
Nagpur,VILLAGE,Kirnapur,Rural,63,266,131,30,68,1,10,0,21,1,0,135
Nagpur,VILLAGE,Kanhalgaon,Rural,21,103,56,11,14,0,1,1,29,0,0,47
Nagpur,VILLAGE,Gotal pajri,Rural,65,281,112,29,9,1,17,4,48,0,4,169
Nagpur,VILLAGE,Shankarpur,Rural,158,665,310,40,88,3,164,2,4,0,9,355
Nagpur,VILLAGE,Khapari,Rural,834,3595,1259,46,41,24,1020,7,13,5,103,2336
Nagpur,VILLAGE,Kalkuhi,Rural,171,804,300,8,11,12,239,2,17,2,9,504
Nagpur,VILLAGE,Telhara,Rural,128,563,290,8,46,3,214,3,7,0,9,273
Nagpur,VILLAGE,Dahegaon,Rural,118,463,214,8,22,13,132,1,23,0,15,249
Nagpur,VILLAGE,Parsodi,Rural,389,1715,763,16,71,8,470,17,85,6,90,952
Nagpur,VILLAGE,Panjari farm,Rural,252,1120,434,39,61,8,178,6,67,7,68,686
Nagpur,VILLAGE,Wela harichandra,Rural,103,464,196,29,40,0,56,1,44,0,26,268
Nagpur,VILLAGE,Kharsoli,Rural,97,473,234,70,73,1,44,4,36,3,3,239
Nagpur,VILLAGE,Pilkapar,Rural,55,267,175,30,39,0,6,39,56,0,5,92
Nagpur,VILLAGE,Chikana,Rural,237,1131,617,143,311,24,26,51,61,0,1,514
Nagpur,VILLAGE,Nimbha,Rural,55,252,138,83,36,0,17,1,1,0,0,114
Nagpur,VILLAGE,Nawegaon,Rural,107,395,243,37,26,0,159,2,12,0,7,152
Nagpur,VILLAGE,Salai gadhani,Rural,184,854,410,118,142,4,91,12,31,2,10,444
Nagpur,VILLAGE,Pewatha,Rural,65,308,149,41,41,6,42,3,4,2,10,159
Nagpur,VILLAGE,Warada,Rural,73,313,163,21,65,11,45,2,9,3,7,150
Nagpur,VILLAGE,Rui,Rural,200,1011,438,143,134,13,77,3,56,3,9,573
Nagpur,VILLAGE,Gawasi Manapur,Rural,86,303,183,12,57,7,53,0,43,2,9,120
Nagpur,VILLAGE,Jamtha,Rural,291,1267,503,124,159,9,178,6,7,1,19,764
Nagpur,VILLAGE,Dongargaon,Rural,371,1644,632,35,188,17,367,7,4,3,11,1012
Nagpur,VILLAGE,Khatmari,Rural,24,110,62,4,43,0,4,1,8,0,2,48
Nagpur,VILLAGE,Zari,Rural,15,59,34,0,18,0,5,0,9,0,2,25
Nagpur,VILLAGE,Banwadi,Rural,124,714,197,18,177,0,2,0,0,0,0,517
Nagpur,VILLAGE,Kaldongri,Rural,106,508,244,92,78,7,42,12,12,0,1,264
Nagpur,VILLAGE,Nawarmari,Rural,86,405,145,28,0,3,25,1,42,2,44,260
Nagpur,VILLAGE,Khasarmari,Rural,81,328,117,7,0,1,33,0,18,0,58,211
Nagpur,VILLAGE,Panjari lodhi,Rural,101,474,188,49,117,4,18,0,0,0,0,286
Nagpur,VILLAGE,Ghuti,Rural,160,660,219,16,32,1,163,1,3,0,3,441
Nagpur,VILLAGE,Sukli,Rural,79,395,186,24,129,0,21,2,7,1,2,209
Nagpur,VILLAGE,Mangrul,Rural,156,498,343,40,260,2,16,2,8,1,14,155
Nagpur,VILLAGE,Mohgaon,Rural,97,437,177,17,73,21,30,1,24,1,10,260
Nagpur,VILLAGE,Bothali,Rural,107,484,246,16,150,6,68,0,5,1,0,238
Nagpur,VILLAGE,Wakeshwar,Rural,105,448,251,24,140,3,50,1,13,5,15,197
Nagpur,VILLAGE,Waranga,Rural,192,887,407,85,273,23,22,0,4,0,0,480
Nagpur,VILLAGE,Tumdi,Rural,40,200,94,65,27,0,2,0,0,0,0,106
Nagpur,VILLAGE,Junapani,Rural,15,63,30,13,15,0,2,0,0,0,0,33
Nagpur,VILLAGE,Sindivihiri,Rural,0,0,0,0,0,0,0,0,0,0,0,0
Nagpur,VILLAGE,Deoli (Gujar),Rural,222,947,607,25,549,3,21,0,7,0,2,340
Nagpur,VILLAGE,Parsodi,Rural,88,365,222,45,143,4,20,2,5,2,1,143
Nagpur,VILLAGE,Vyahadghat,Rural,0,0,0,0,0,0,0,0,0,0,0,0
Nagpur,VILLAGE,Rengapar,Rural,2290,8976,3377,197,198,93,2175,31,209,46,428,5599
Nagpur,VILLAGE,Kirnapur,Rural,0,0,0,0,0,0,0,0,0,0,0,0
Nagpur,VILLAGE,Kolar,Rural,261,1198,699,154,192,15,249,6,34,2,47,499
Nagpur,VILLAGE,Ghoti,Rural,75,338,171,10,95,5,45,0,12,1,3,167
Nagpur,VILLAGE,Dhudhala,Rural,0,0,0,0,0,0,0,0,0,0,0,0
Nagpur,VILLAGE,Rampur,Rural,0,0,0,0,0,0,0,0,0,0,0,0
Nagpur,VILLAGE,Sonurli,Rural,105,459,269,34,132,6,89,1,6,0,1,190
Nagpur,VILLAGE,Rui khairi,Rural,752,2856,1161,26,155,52,857,4,24,4,39,1695
Nagpur,VILLAGE,Murarpur,Rural,110,206,127,0,0,0,120,0,0,0,7,79
Nagpur,VILLAGE,Dongargaon,Rural,2,6,3,0,1,1,1,0,0,0,0,3
Nagpur,VILLAGE,Gopalpur,Rural,0,0,0,0,0,0,0,0,0,0,0,0
Nagpur,VILLAGE,Mhasala,Rural,7,25,17,6,11,0,0,0,0,0,0,8
Nagpur,VILLAGE,Jaipur,Rural,68,313,189,68,112,1,8,0,0,0,0,124
Nagpur,VILLAGE,Kanhalgaon,Rural,66,282,174,70,97,0,5,0,1,0,1,108
Nagpur,VILLAGE,Khapari Subhedar,Rural,78,349,215,137,68,0,9,0,1,0,0,134
Nagpur,VILLAGE,Vathoda,Rural,39,188,103,2,81,0,9,0,11,0,0,85
Nagpur,VILLAGE,Jangeshwar,Rural,76,373,185,0,90,0,72,0,17,0,6,188
Nagpur,VILLAGE,Dhawalpeth,Rural,75,461,257,29,193,1,15,2,14,1,2,204
Nagpur,VILLAGE,Tarsi,Rural,112,453,282,19,11,0,23,34,193,0,2,171
Nagpur,VILLAGE,Borkhedi,Rural,556,2436,1125,48,652,24,246,9,52,18,76,1311
Nagpur,VILLAGE,Pipardol,Rural,11,39,18,1,0,1,15,0,0,0,1,21
Nagpur,VILLAGE,Sonegaon (mahar),Rural,218,966,504,159,251,1,52,3,30,1,7,462
Nagpur,VILLAGE,Kinhalmakadi,Rural,150,601,399,141,95,0,42,59,58,0,4,202
Nagpur,VILLAGE,Rahimabad,Rural,0,0,0,0,0,0,0,0,0,0,0,0
Nagpur,VILLAGE,Ridhora bk.,Rural,0,0,0,0,0,0,0,0,0,0,0,0
Nagpur,VILLAGE,Rahimapur,Rural,0,0,0,0,0,0,0,0,0,0,0,0
Nagpur,VILLAGE,Rama,Rural,297,1336,712,197,371,11,119,0,13,0,1,624
Nagpur,VILLAGE,Alagondi,Rural,107,480,308,130,119,9,34,3,6,0,7,172
Nagpur,VILLAGE,Bamhani,Rural,261,1111,555,99,251,6,115,21,49,0,14,556
Nagpur,VILLAGE,Dudha,Rural,168,708,409,62,208,1,40,1,97,0,0,299
Nagpur,VILLAGE,Nawegaon,Rural,0,0,0,0,0,0,0,0,0,0,0,0
Nagpur,VILLAGE,Mangli,Rural,61,271,159,82,63,2,10,0,1,0,1,112
Nagpur,VILLAGE,Kawtha,Rural,141,691,390,70,276,12,19,5,8,0,0,301
Nagpur,VILLAGE,Chicholi,Rural,0,0,0,0,0,0,0,0,0,0,0,0
Nagpur,VILLAGE,Chimanzari,Rural,60,255,126,19,44,1,8,6,48,0,0,129
Nagpur,VILLAGE,Tembhari,Rural,85,396,189,106,57,0,16,2,8,0,0,207
Nagpur,VILLAGE,Pohi,Rural,37,158,96,5,57,0,0,1,33,0,0,62
Nagpur,VILLAGE,Wadgaon kh.,Rural,4,13,9,0,5,0,2,0,2,0,0,4
Nagpur,VILLAGE,Daheli,Rural,166,728,410,66,126,3,24,0,188,0,3,318
Nagpur,VILLAGE,Kharda,Rural,41,178,108,35,51,1,2,6,13,0,0,70
Nagpur,VILLAGE,Chichkotha,Rural,25,105,72,18,18,0,4,0,31,0,1,33
Nagpur,VILLAGE,Mohgaon,Rural,118,503,326,57,240,3,14,5,3,0,4,177
Nagpur,VILLAGE,Sonegaon (lodhi),Rural,236,1030,619,65,400,14,55,2,74,1,8,411
Nagpur,VILLAGE,Wadmajara,Rural,0,0,0,0,0,0,0,0,0,0,0,0
Nagpur,VILLAGE,Tamaswadi,Rural,83,341,209,22,160,1,22,0,0,0,4,132
Nagpur,VILLAGE,Jasapur,Rural,80,351,189,79,100,0,9,0,0,0,1,162
Nagpur,VILLAGE,Ashta,Rural,211,868,447,108,196,14,33,3,87,1,5,421
Nagpur,CD BLOCK,Hingna,Rural,28603,121047,55105,10141,20915,827,16841,629,3915,148,1689,65942
Nagpur,VILLAGE,Khairi,Rural,80,367,205,36,164,0,3,0,2,0,0,162
Nagpur,VILLAGE,Devali (Kalbande),Rural,174,754,248,98,10,0,29,2,98,1,10,506
Nagpur,VILLAGE,Digdoh,Rural,197,775,419,130,208,3,74,0,4,0,0,356
Nagpur,VILLAGE,Walani,Rural,39,169,59,43,14,0,2,0,0,0,0,110
Nagpur,VILLAGE,Agargaon,Rural,135,652,307,115,183,0,7,1,0,0,1,345
Nagpur,VILLAGE,Dabha,Rural,124,535,187,90,84,0,12,0,1,0,0,348
Nagpur,VILLAGE,Nandera,Rural,50,151,110,31,78,0,0,1,0,0,0,41
Nagpur,VILLAGE,Ambazari,Rural,181,801,397,21,353,3,15,0,5,0,0,404
Nagpur,VILLAGE,Yerangaon,Rural,108,482,241,114,115,0,12,0,0,0,0,241
Nagpur,VILLAGE,Khapa Nipani,Rural,34,138,84,16,53,0,5,0,10,0,0,54
Nagpur,VILLAGE,Gidamgad,Rural,110,448,268,59,170,1,30,0,8,0,0,180
Nagpur,VILLAGE,Khapa kh,Rural,10,45,29,1,27,0,1,0,0,0,0,16
Nagpur,VILLAGE,Amgaon,Rural,0,0,0,0,0,0,0,0,0,0,0,0
Nagpur,VILLAGE,Gaurala,Rural,183,759,472,43,347,0,82,0,0,0,0,287
Nagpur,VILLAGE,Gothangaon,Rural,69,279,180,85,85,0,4,2,4,0,0,99
Nagpur,VILLAGE,Adegaon,Rural,353,1527,777,110,498,10,126,0,25,2,6,750
Nagpur,VILLAGE,Mohgaon-Dholya,Rural,85,359,192,68,99,0,25,0,0,0,0,167
Nagpur,VILLAGE,Kavdas,Rural,278,1541,645,239,329,5,49,1,20,0,2,896
Nagpur,VILLAGE,Dhanoli,Rural,109,414,156,25,1,1,17,9,101,0,2,258
Nagpur,VILLAGE,Khapri (karlekar),Rural,0,0,0,0,0,0,0,0,0,0,0,0
Nagpur,VILLAGE,Kergondi,Rural,0,0,0,0,0,0,0,0,0,0,0,0
Nagpur,VILLAGE,Khorikhapa,Rural,1,1,1,0,0,0,1,0,0,0,0,0
Nagpur,VILLAGE,Nawegaon,Rural,73,262,169,10,148,0,11,0,0,0,0,93
Nagpur,VILLAGE,Kokardi,Rural,33,135,95,11,78,0,6,0,0,0,0,40
Nagpur,VILLAGE,Bid nilzodi,Rural,0,0,0,0,0,0,0,0,0,0,0,0
Nagpur,VILLAGE,Degma bk,Rural,127,458,289,103,135,0,46,0,5,0,0,169
Nagpur,VILLAGE,Mandawa,Rural,92,400,243,48,182,0,11,0,2,0,0,157
Nagpur,VILLAGE,Nanhi,Rural,0,0,0,0,0,0,0,0,0,0,0,0
Nagpur,VILLAGE,Mathani,Rural,40,155,109,38,54,0,4,4,8,0,1,46
Nagpur,VILLAGE,Itewahi,Rural,29,107,70,28,36,0,2,0,4,0,0,37
Nagpur,VILLAGE,Kajali,Rural,156,729,425,250,115,0,3,11,45,0,1,304
Nagpur,VILLAGE,Pendhari,Rural,140,593,281,137,85,0,31,8,19,0,1,312
Nagpur,VILLAGE,Devali,Rural,243,1181,651,174,161,7,24,20,253,5,7,530
Nagpur,VILLAGE,Kinhi,Rural,0,0,0,0,0,0,0,0,0,0,0,0
Nagpur,VILLAGE,Singardip,Rural,23,59,41,0,0,0,41,0,0,0,0,18
Nagpur,VILLAGE,Lakhamapur,Rural,57,223,135,41,84,0,10,0,0,0,0,88
Nagpur,VILLAGE,Kinhi,Rural,42,173,91,21,62,0,7,0,1,0,0,82
Nagpur,VILLAGE,Mandawa,Rural,245,840,615,77,133,3,387,2,4,0,9,225
Nagpur,VILLAGE,Bhansoli,Rural,91,466,168,60,47,0,55,2,3,0,1,298
Nagpur,VILLAGE,Khadki,Rural,157,690,407,64,303,7,32,0,1,0,0,283
Nagpur,VILLAGE,Kanholibara,Rural,1554,6844,3384,853,1520,53,356,24,494,18,66,3460
Nagpur,VILLAGE,Mauda,Rural,0,0,0,0,0,0,0,0,0,0,0,0
Nagpur,VILLAGE,Chauki,Rural,34,143,83,11,62,4,6,0,0,0,0,60
Nagpur,VILLAGE,Bibi,Rural,118,534,294,111,165,4,14,0,0,0,0,240
Nagpur,VILLAGE,Sawali,Rural,244,993,607,345,247,0,8,2,1,0,4,386
Nagpur,VILLAGE,Dongargaon,Rural,1,1,0,0,0,0,0,0,0,0,0,1
Nagpur,VILLAGE,Wanadongri,Rural,0,0,0,0,0,0,0,0,0,0,0,0
Nagpur,VILLAGE,Khapari (Gandhi),Rural,159,633,357,96,151,0,30,30,48,0,2,276
Nagpur,VILLAGE,Borgaon,Rural,0,0,0,0,0,0,0,0,0,0,0,0
Nagpur,VILLAGE,Waranga,Rural,6,27,13,7,6,0,0,0,0,0,0,14
Nagpur,VILLAGE,Alesur,Rural,0,0,0,0,0,0,0,0,0,0,0,0
Nagpur,VILLAGE,Dhokarda,Rural,180,752,411,203,180,1,26,0,0,0,1,341
Nagpur,VILLAGE,Kinhala,Rural,1,6,2,0,2,0,0,0,0,0,0,4
Nagpur,VILLAGE,Khairi kh,Rural,81,348,219,116,95,0,8,0,0,0,0,129
Nagpur,VILLAGE,Ghodeghat,Rural,144,556,324,106,150,1,12,9,45,0,1,232
Nagpur,VILLAGE,Bid-Ajangaon,Rural,0,0,0,0,0,0,0,0,0,0,0,0
Nagpur,VILLAGE,Ajangaon,Rural,189,751,429,114,7,3,15,24,251,1,14,322
Nagpur,VILLAGE,Wadgaon,Rural,97,357,219,4,155,0,51,2,3,0,4,138
Nagpur,VILLAGE,Haladgaon,Rural,124,495,284,32,194,1,37,0,17,1,2,211
Nagpur,VILLAGE,Chicholi,Rural,204,930,442,73,319,5,40,0,5,0,0,488
Nagpur,VILLAGE,Turagondi,Rural,94,376,233,11,177,8,37,0,0,0,0,143
Nagpur,VILLAGE,Neri,Rural,317,1405,680,149,358,10,106,15,40,0,2,725
Nagpur,VILLAGE,Kinhi,Rural,54,195,100,8,85,0,6,0,0,0,1,95
Nagpur,VILLAGE,Nildoh,Rural,98,426,179,107,60,0,2,0,10,0,0,247
Nagpur,VILLAGE,Mangrul,Rural,199,813,396,80,165,2,61,0,66,1,21,417
Nagpur,VILLAGE,Sinka,Rural,2,5,3,0,3,0,0,0,0,0,0,2
Nagpur,VILLAGE,Pendhari,Rural,0,0,0,0,0,0,0,0,0,0,0,0
Nagpur,VILLAGE,Sawardhota,Rural,12,36,16,0,3,0,13,0,0,0,0,20
Nagpur,VILLAGE,Sangam,Rural,154,668,270,85,135,5,26,2,11,0,6,398
Nagpur,VILLAGE,Khairi bk,Rural,413,1882,972,269,436,5,176,43,34,4,5,910
Nagpur,VILLAGE,Girola,Rural,119,595,368,143,96,2,20,76,29,0,2,227
Nagpur,VILLAGE,Metaumari,Rural,365,1538,830,207,354,3,140,11,104,1,10,708
Nagpur,VILLAGE,Mhasala,Rural,18,70,38,0,38,0,0,0,0,0,0,32
Nagpur,VILLAGE,Bid-mhasala,Rural,0,0,0,0,0,0,0,0,0,0,0,0
Nagpur,VILLAGE,Sukali (kalar),Rural,139,591,289,69,149,0,58,3,7,0,3,302
Nagpur,VILLAGE,Umari,Rural,181,846,514,242,237,3,18,4,8,0,2,332
Nagpur,VILLAGE,Zilpi,Rural,15,45,22,0,2,0,20,0,0,0,0,23
Nagpur,VILLAGE,Mohgaon,Rural,375,1653,844,130,445,2,119,7,120,1,20,809
Nagpur,VILLAGE,Mangli,Rural,135,579,301,53,139,5,34,5,64,0,1,278
Nagpur,VILLAGE,Dhanoli,Rural,236,952,528,120,318,5,75,3,5,0,2,424
Nagpur,VILLAGE,Raipur,Rural,1891,8653,3111,198,371,203,2055,17,106,44,117,5542
Nagpur,VILLAGE,Wagdara,Rural,2333,9437,3280,44,31,72,2697,12,21,6,397,6157
Nagpur,VILLAGE,Hingna,Rural,1794,7668,2816,328,831,70,1249,28,203,3,104,4852
Nagpur,VILLAGE,Kinhi,Rural,169,781,376,133,183,3,39,4,11,0,3,405
Nagpur,VILLAGE,Nanda kh,Rural,12,40,25,0,24,0,1,0,0,0,0,15
Nagpur,VILLAGE,Mandavghorad,Rural,262,1143,626,158,384,2,74,0,8,0,0,517
Nagpur,VILLAGE,Bhivkund,Rural,4,10,7,1,6,0,0,0,0,0,0,3
Nagpur,VILLAGE,Degma kh,Rural,173,732,421,69,25,0,41,11,274,0,1,311
Nagpur,VILLAGE,Junewani,Rural,232,1017,578,226,236,1,52,17,42,3,1,439
Nagpur,VILLAGE,Khairy kh,Rural,48,204,148,4,35,0,108,1,0,0,0,56
Nagpur,VILLAGE,Ukhali,Rural,139,990,331,19,199,2,107,0,3,1,0,659
Nagpur,VILLAGE,Mondha,Rural,366,1482,722,67,40,3,335,15,236,3,23,760
Nagpur,VILLAGE,Sukali,Rural,117,513,225,30,140,0,33,0,18,0,4,288
Nagpur,VILLAGE,Takali,Rural,54,230,142,0,55,0,15,0,72,0,0,88
Nagpur,VILLAGE,Khadka,Rural,100,371,177,19,112,0,37,1,8,0,0,194
Nagpur,VILLAGE,Salaimendha,Rural,84,346,224,97,114,0,1,1,11,0,0,122
Nagpur,VILLAGE,Sawangi (Devali),Rural,468,2138,1067,235,672,4,123,2,22,2,7,1071
Nagpur,VILLAGE,Panjari,Rural,106,408,244,48,121,1,41,0,6,0,27,164
Nagpur,VILLAGE,Kirmati,Rural,31,145,77,19,26,0,29,1,0,1,1,68
Nagpur,VILLAGE,Shivmadka,Rural,33,154,75,24,34,0,8,1,5,0,3,79
Nagpur,VILLAGE,Sumthana,Rural,44,201,82,40,38,0,4,0,0,0,0,119
Nagpur,VILLAGE,Kotewada,Rural,291,1496,729,205,172,3,69,1,29,0,250,767
Nagpur,VILLAGE,Sondapar,Rural,0,0,0,0,0,0,0,0,0,0,0,0
Nagpur,VILLAGE,Gumgaon,Rural,1097,5250,2072,380,1435,28,207,2,13,4,3,3178
Nagpur,VILLAGE,Devali (Amgaon),Rural,187,851,427,33,352,5,33,1,1,0,2,424
Nagpur,VILLAGE,Bid-borgaon,Rural,76,338,211,16,185,0,9,0,1,0,0,127
Nagpur,VILLAGE,Pitesur,Rural,0,0,0,0,0,0,0,0,0,0,0,0
Nagpur,VILLAGE,Amgaon,Rural,378,1687,761,77,433,33,102,4,89,9,14,926
Nagpur,VILLAGE,Ladgaon,Rural,8,31,15,0,11,0,4,0,0,0,0,16
Nagpur,VILLAGE,Godhani,Rural,0,0,0,0,0,0,0,0,0,0,0,0
Nagpur,VILLAGE,Dhanoli,Rural,48,235,99,39,51,1,8,0,0,0,0,136
Nagpur,VILLAGE,Wagdara,Rural,699,3108,1257,111,673,29,251,17,172,0,4,1851
Nagpur,VILLAGE,Kanholi,Rural,43,209,129,17,97,0,10,3,2,0,0,80
Nagpur,VILLAGE,Kanholi (Rithi),Rural,4,14,10,0,10,0,0,0,0,0,0,4
Nagpur,VILLAGE,Wadgaon,Rural,179,748,420,181,158,4,19,46,12,0,0,328
Nagpur,VILLAGE,Menkhat,Rural,0,0,0,0,0,0,0,0,0,0,0,0
Nagpur,VILLAGE,Wayfal,Rural,0,0,0,0,0,0,0,0,0,0,0,0
Nagpur,VILLAGE,Katangdhara,Rural,140,614,312,7,274,0,27,0,3,0,1,302
Nagpur,VILLAGE,Pipardhara,Rural,142,603,402,4,367,0,6,0,25,0,0,201
Nagpur,VILLAGE,Sukali (Gharpure),Rural,122,498,320,138,94,1,51,25,11,0,0,178
Nagpur,VILLAGE,Datala,Rural,50,208,108,50,41,0,5,6,6,0,0,100
Nagpur,VILLAGE,Chinchghat,Rural,0,0,0,0,0,0,0,0,0,0,0,0
Nagpur,VILLAGE,Devalipeth,Rural,11,35,22,8,14,0,0,0,0,0,0,13
Nagpur,VILLAGE,Salaidabha,Rural,370,1566,701,94,215,4,219,18,150,0,1,865
Nagpur,VILLAGE,Pohi,Rural,87,343,198,6,109,1,78,1,1,1,1,145
Nagpur,VILLAGE,Sirul,Rural,531,2078,779,88,146,33,345,14,93,15,45,1299
Nagpur,VILLAGE,Satgaon (Vena Nagar) (N.V.),Rural,1940,7186,2682,114,426,65,1885,15,62,3,112,4504
Nagpur,VILLAGE,Turkmari,Rural,185,759,307,24,73,16,149,1,22,7,15,452
Nagpur,VILLAGE,Kirmiti,Rural,429,1572,656,49,134,15,434,2,16,2,4,916
Nagpur,VILLAGE,Wateghat,Rural,206,695,421,1,36,1,362,1,8,0,12,274
Nagpur,VILLAGE,Tembhari,Rural,423,1556,593,14,18,18,507,5,1,2,28,963
Nagpur,VILLAGE,Kinhi,Rural,133,540,261,18,8,6,200,3,15,1,10,279
Nagpur,VILLAGE,Sukali,Rural,304,1123,429,8,8,5,280,5,19,3,101,694
Nagpur,VILLAGE,Khapa,Rural,304,1128,380,25,0,2,350,1,0,1,1,748
Nagpur,VILLAGE,Umari,Rural,37,145,54,1,1,2,7,1,4,1,37,91
Nagpur,VILLAGE,Gangapur,Rural,26,104,37,1,0,0,16,0,0,0,20,67
Nagpur,VILLAGE,Amgaon,Rural,0,0,0,0,0,0,0,0,0,0,0,0
Nagpur,VILLAGE,Pipri,Rural,190,761,418,68,63,5,203,4,65,0,10,343
Nagpur,VILLAGE,Devali,Rural,48,195,127,59,52,0,10,2,4,0,0,68
Nagpur,VILLAGE,Bothali,Rural,0,0,0,0,0,0,0,0,0,0,0,0
Nagpur,VILLAGE,Dewapur,Rural,0,0,0,0,0,0,0,0,0,0,0,0
Nagpur,VILLAGE,Bid-ganeshpur,Rural,665,2399,1036,59,30,14,832,6,14,1,80,1363
Nagpur,VILLAGE,Murzari,Rural,65,267,127,7,4,2,102,0,4,0,8,140
Nagpur,VILLAGE,Khapri (Moreshwar),Rural,240,1040,532,175,228,3,79,9,34,0,4,508
Nagpur,VILLAGE,Kohala,Rural,52,165,69,3,2,0,40,0,0,0,24,96
Nagpur,VILLAGE,Junapani,Rural,0,0,0,0,0,0,0,0,0,0,0,0
Nagpur,VILLAGE,Asola,Rural,247,1082,374,91,175,2,103,0,1,0,2,708
Nagpur,VILLAGE,Sawangi,Rural,152,644,302,24,157,5,106,2,6,0,2,342
Nagpur,VILLAGE,Bhansuli,Rural,104,398,157,57,92,1,6,0,1,0,0,241
Nagpur,VILLAGE,Ghogali,Rural,0,0,0,0,0,0,0,0,0,0,0,0
Nagpur,CD BLOCK,Umred,Rural,23244,100209,51491,12297,21076,666,10520,837,4914,146,1035,48718
Nagpur,VILLAGE,Salaimendha,Rural,106,490,234,4,6,0,211,0,4,0,9,256
Nagpur,VILLAGE,Pachgaon,Rural,1010,4434,2010,373,539,53,980,2,45,4,14,2424
Nagpur,VILLAGE,Khapri Raja,Rural,165,743,393,52,50,7,210,22,16,2,34,350
Nagpur,VILLAGE,Surgaon,Rural,601,2401,1323,160,178,18,861,6,43,6,51,1078
Nagpur,VILLAGE,Undari,Rural,203,846,392,12,41,15,278,4,25,7,10,454
Nagpur,VILLAGE,Dawalimet,Rural,4,15,9,0,8,0,1,0,0,0,0,6
Nagpur,VILLAGE,Majri,Rural,7,22,9,0,0,0,9,0,0,0,0,13
Nagpur,VILLAGE,Mangli,Rural,144,629,336,128,174,1,31,0,2,0,0,293
Nagpur,VILLAGE,Khapri (Ku),Rural,108,475,292,117,108,0,57,0,4,0,6,183
Nagpur,VILLAGE,Kalandri,Rural,94,413,170,64,72,0,30,0,2,0,2,243
Nagpur,VILLAGE,Khairi,Rural,57,228,108,75,19,0,6,0,5,0,3,120
Nagpur,VILLAGE,Borgaon,Rural,108,458,287,97,135,5,38,2,1,2,7,171
Nagpur,VILLAGE,Nirwa,Rural,108,512,295,165,117,4,7,0,1,0,1,217
Nagpur,VILLAGE,Barvha,Rural,73,271,163,103,53,2,1,1,3,0,0,108
Nagpur,VILLAGE,Pipla,Rural,132,515,310,85,193,0,30,0,2,0,0,205
Nagpur,VILLAGE,Wadegaon,Rural,86,368,179,48,111,0,16,1,0,0,3,189
Nagpur,VILLAGE,Akola,Rural,82,328,158,83,66,0,7,1,0,0,1,170
Nagpur,VILLAGE,Virli,Rural,158,694,335,94,205,4,28,1,1,0,2,359
Nagpur,VILLAGE,Pusagondi,Rural,0,0,0,0,0,0,0,0,0,0,0,0
Nagpur,VILLAGE,Kolarmet,Rural,57,247,189,53,57,0,24,32,19,0,4,58
Nagpur,VILLAGE,Bhiwapur,Rural,100,385,269,43,59,3,107,31,21,0,5,116
Nagpur,VILLAGE,Uti,Rural,165,767,422,80,15,3,30,18,222,3,51,345
Nagpur,VILLAGE,Champa,Rural,229,1004,506,47,194,45,168,6,14,13,19,498
Nagpur,VILLAGE,Sukli,Rural,11,54,28,12,6,0,0,0,10,0,0,26
Nagpur,VILLAGE,Chimanazari,Rural,120,539,354,154,7,0,0,18,172,0,3,185
Nagpur,VILLAGE,Wadadh,Rural,170,772,386,98,137,6,54,40,45,1,5,386
Nagpur,VILLAGE,Matkazari,Rural,84,347,196,21,129,2,30,3,7,0,4,151
Nagpur,VILLAGE,Kachhimet ,Rural,79,373,195,82,84,0,22,2,3,0,2,178
Nagpur,VILLAGE,Pendhari,Rural,60,286,187,53,77,0,27,2,26,0,2,99
Nagpur,VILLAGE,Haladgaon,Rural,139,564,418,72,138,1,36,41,121,2,7,146
Nagpur,VILLAGE,Tikhadi,Rural,53,222,134,23,82,2,2,1,19,0,5,88
Nagpur,VILLAGE,Umra,Rural,31,127,83,15,54,0,2,1,9,0,2,44
Nagpur,VILLAGE,Mhasepathar (r),Rural,0,0,0,0,0,0,0,0,0,0,0,0
Nagpur,VILLAGE,Dudha,Rural,41,163,90,24,42,0,8,3,13,0,0,73
Nagpur,VILLAGE,Parsodi,Rural,139,601,271,105,158,2,6,0,0,0,0,330
Nagpur,VILLAGE,Masalkund,Rural,3,16,12,0,12,0,0,0,0,0,0,4
Nagpur,VILLAGE,Paradgaon,Rural,56,244,153,48,103,0,1,0,1,0,0,91
Nagpur,VILLAGE,Saiki,Rural,136,596,372,147,173,1,22,0,28,1,0,224
Nagpur,VILLAGE,Wagholi (ri),Rural,0,0,0,0,0,0,0,0,0,0,0,0
Nagpur,VILLAGE,Fukeshwar,Rural,92,411,219,29,49,1,23,14,88,0,15,192
Nagpur,VILLAGE,Thara,Rural,5,20,9,0,2,0,0,5,2,0,0,11
Nagpur,VILLAGE,Khapri,Rural,58,245,140,12,118,0,9,0,1,0,0,105
Nagpur,VILLAGE,Davha,Rural,180,752,422,112,260,4,29,2,10,0,5,330
Nagpur,VILLAGE,Dahegaon,Rural,77,347,213,31,156,0,25,0,1,0,0,134
Nagpur,VILLAGE,Sukli (ri),Rural,0,0,0,0,0,0,0,0,0,0,0,0
Nagpur,VILLAGE,Makardhokada,Rural,1096,4845,2256,469,782,58,382,34,398,24,109,2589
Nagpur,VILLAGE,Bopeshwar (ri),Rural,0,0,0,0,0,0,0,0,0,0,0,0
Nagpur,VILLAGE,Ukadwadi,Rural,88,362,183,37,20,1,64,3,52,0,6,179
Nagpur,VILLAGE,Welsakra,Rural,242,984,503,160,148,1,89,46,33,2,24,481
Nagpur,VILLAGE,Heoti,Rural,360,1541,832,183,481,5,92,8,50,1,12,709
Nagpur,VILLAGE,Udasa,Rural,574,3217,1052,133,472,9,416,0,11,0,11,2165
Nagpur,VILLAGE,Rajulwadi,Rural,91,374,157,26,106,1,23,0,1,0,0,217
Nagpur,VILLAGE,Thombra,Rural,226,989,543,121,309,5,56,4,44,0,4,446
Nagpur,VILLAGE,Gaosut,Rural,202,907,470,163,198,4,62,4,30,2,7,437
Nagpur,VILLAGE,Aptur,Rural,393,1717,998,423,327,17,111,52,34,1,33,719
Nagpur,VILLAGE,Salai,Rural,90,430,294,106,162,3,7,5,6,2,3,136
Nagpur,VILLAGE,Sonpuri,Rural,114,491,307,199,63,0,26,1,8,1,9,184
Nagpur,VILLAGE,Bramhi (ri),Rural,0,0,0,0,0,0,0,0,0,0,0,0
Nagpur,VILLAGE,Kumbhapur (ri),Rural,0,0,0,0,0,0,0,0,0,0,0,0
Nagpur,VILLAGE,Bramhni,Rural,395,1763,967,198,611,8,97,9,34,4,6,796
Nagpur,VILLAGE,Amboli,Rural,203,857,404,149,196,0,42,0,17,0,0,453
Nagpur,VILLAGE,Piraya,Rural,96,442,230,87,60,0,56,11,13,0,3,212
Nagpur,VILLAGE,Kotgaon,Rural,140,632,336,76,165,2,89,0,2,0,2,296
Nagpur,VILLAGE,Khapri (ri),Rural,0,0,0,0,0,0,0,0,0,0,0,0
Nagpur,VILLAGE,Hatkawada (ri),Rural,0,0,0,0,0,0,0,0,0,0,0,0
Nagpur,VILLAGE,Ghoturli,Rural,214,1031,316,5,7,24,252,0,12,3,13,715
Nagpur,VILLAGE,Wayagaon (rt),Rural,1207,5702,1715,26,11,20,1550,42,4,2,60,3987
Nagpur,VILLAGE,Ganpawli (ri),Rural,0,0,0,0,0,0,0,0,0,0,0,0
Nagpur,VILLAGE,Katara,Rural,0,0,0,0,0,0,0,0,0,0,0,0
Nagpur,VILLAGE,Shirpur,Rural,274,1172,611,215,298,9,84,0,2,1,2,561
Nagpur,VILLAGE,Kanwha,Rural,136,591,255,32,92,6,83,3,29,0,10,336
Nagpur,VILLAGE,Narsala (ri),Rural,0,0,0,0,0,0,0,0,0,0,0,0
Nagpur,VILLAGE,Sonegaon,Rural,0,0,0,0,0,0,0,0,0,0,0,0
Nagpur,VILLAGE,Gangapur,Rural,0,0,0,0,0,0,0,0,0,0,0,0
Nagpur,VILLAGE,Bareja (ri),Rural,0,0,0,0,0,0,0,0,0,0,0,0
Nagpur,VILLAGE,Umred (Rural),Rural,0,0,0,0,0,0,0,0,0,0,0,0
Nagpur,VILLAGE,Seo,Rural,236,999,546,86,261,7,135,4,25,0,28,453
Nagpur,VILLAGE,Pimpalkhut (ri),Rural,0,0,0,0,0,0,0,0,0,0,0,0
Nagpur,VILLAGE,Pavni,Rural,0,0,0,0,0,0,0,0,0,0,0,0
Nagpur,VILLAGE,Deni,Rural,91,348,234,28,150,0,8,2,41,0,5,114
Nagpur,VILLAGE,Wanoda,Rural,188,696,492,56,415,1,5,1,14,0,0,204
Nagpur,VILLAGE,Karandla,Rural,137,641,391,112,208,2,14,9,31,0,15,250
Nagpur,VILLAGE,Tirkhura,Rural,110,444,255,38,56,6,30,4,117,1,3,189
Nagpur,VILLAGE,Bhapsi,Rural,48,196,102,1,74,0,26,0,1,0,0,94
Nagpur,VILLAGE,Khedi (r1),Rural,30,113,76,0,31,0,40,0,0,0,5,37
Nagpur,VILLAGE,Parsodi,Rural,0,0,0,0,0,0,0,0,0,0,0,0
Nagpur,VILLAGE,Belgaon,Rural,0,0,0,0,0,0,0,0,0,0,0,0
Nagpur,VILLAGE,Boribhatari (ri),Rural,2,11,6,0,0,0,3,0,2,0,1,5
Nagpur,VILLAGE,Kumbhari,Rural,64,319,199,4,175,0,8,0,8,0,4,120
Nagpur,VILLAGE,Mohpa,Rural,112,501,289,31,227,0,13,0,14,0,4,212
Nagpur,VILLAGE,Fattepur,Rural,4,10,8,0,8,0,0,0,0,0,0,2
Nagpur,VILLAGE,Dhurkheda,Rural,314,1297,699,165,312,7,131,13,64,2,5,598
Nagpur,VILLAGE,Borgaon,Rural,0,0,0,0,0,0,0,0,0,0,0,0
Nagpur,VILLAGE,Wadandra,Rural,0,0,0,0,0,0,0,0,0,0,0,0
Nagpur,VILLAGE,Panjrepar,Rural,0,0,0,0,0,0,0,0,0,0,0,0
Nagpur,VILLAGE,Chicholi,Rural,0,0,0,0,0,0,0,0,0,0,0,0
Nagpur,VILLAGE,Nawegaon (S),Rural,325,1360,691,80,379,5,191,3,8,0,25,669
Nagpur,VILLAGE,Thana,Rural,174,711,299,33,222,10,17,2,13,0,2,412
Nagpur,VILLAGE,Lohara,Rural,141,599,300,36,237,6,21,0,0,0,0,299
Nagpur,VILLAGE,Dewli,Rural,108,447,264,92,5,0,0,0,163,0,4,183
Nagpur,VILLAGE,Marajghat (r1),Rural,6,29,24,0,21,0,3,0,0,0,0,5
Nagpur,VILLAGE,Khairi (Ka),Rural,4,19,10,0,10,0,0,0,0,0,0,9
Nagpur,VILLAGE,Bendoli,Rural,31,151,86,22,61,0,1,0,2,0,0,65
Nagpur,VILLAGE,Thana,Rural,93,403,239,22,160,1,23,5,23,0,5,164
Nagpur,VILLAGE,Bothali,Rural,127,752,326,90,172,0,60,0,3,0,1,426
Nagpur,VILLAGE,Kinhala (de),Rural,0,0,0,0,0,0,0,0,0,0,0,0
Nagpur,VILLAGE,Maramzari (ri),Rural,0,0,0,0,0,0,0,0,0,0,0,0
Nagpur,VILLAGE,Piti Chuwha,Rural,28,100,59,1,38,0,3,0,17,0,0,41
Nagpur,VILLAGE,Jamgad,Rural,25,121,77,14,44,0,1,0,18,0,0,44
Nagpur,VILLAGE,Sindi Vihari,Rural,65,259,178,29,137,0,6,0,6,0,0,81
Nagpur,VILLAGE,Jamhalapani,Rural,66,301,200,101,96,0,3,0,0,0,0,101
Nagpur,VILLAGE,Garamsur (ri),Rural,0,0,0,0,0,0,0,0,0,0,0,0
Nagpur,VILLAGE,Umri (ri),Rural,0,0,0,0,0,0,0,0,0,0,0,0
Nagpur,VILLAGE,Tambekhani (ri),Rural,0,0,0,0,0,0,0,0,0,0,0,0
Nagpur,VILLAGE,Surajpur (ri),Rural,0,0,0,0,0,0,0,0,0,0,0,0
Nagpur,VILLAGE,Tambekhani (m),Rural,60,266,174,104,58,0,11,0,1,0,0,92
Nagpur,VILLAGE,Amgaon,Rural,144,611,380,178,154,0,16,23,9,0,0,231
Nagpur,VILLAGE,Murzadi,Rural,43,189,104,68,27,0,1,3,5,0,0,85
Nagpur,VILLAGE,Khairi Bk,Rural,76,335,177,125,36,1,8,0,3,1,3,158
Nagpur,VILLAGE,Chargaon,Rural,125,525,306,91,203,1,8,0,3,0,0,219
Nagpur,VILLAGE,Ridhora,Rural,0,0,0,0,0,0,0,0,0,0,0,0
Nagpur,VILLAGE,Borgaon (kari),Rural,0,0,0,0,0,0,0,0,0,0,0,0
Nagpur,VILLAGE,Surabardi,Rural,38,169,105,30,72,0,3,0,0,0,0,64
Nagpur,VILLAGE,Salairani,Rural,177,748,346,51,7,3,37,1,243,0,4,402
Nagpur,VILLAGE,Muradpur,Rural,72,303,189,35,34,0,16,3,99,1,1,114
Nagpur,VILLAGE,Bhivgad,Rural,84,410,264,67,44,0,5,10,137,1,0,146
Nagpur,VILLAGE,Mendhepathar,Rural,4,19,8,3,2,0,0,0,3,0,0,11
Nagpur,VILLAGE,Nishanghat,Rural,61,236,116,23,67,0,15,0,10,0,1,120
Nagpur,VILLAGE,Kawadapur,Rural,111,440,244,39,78,1,29,2,93,0,2,196
Nagpur,VILLAGE,Khursapar,Rural,203,540,381,11,68,6,182,2,91,0,21,159
Nagpur,VILLAGE,Wadgaon,Rural,122,482,197,83,12,5,32,5,44,5,11,285
Nagpur,VILLAGE,Kinhala,Rural,16,78,20,17,1,0,1,0,0,0,1,58
Nagpur,VILLAGE,Bela,Rural,2129,8734,3988,683,1459,109,1252,38,329,8,110,4746
Nagpur,VILLAGE,Borgaon,Rural,81,350,137,76,32,0,18,1,9,0,1,213
Nagpur,VILLAGE,Kohla,Rural,92,373,147,53,77,3,12,0,2,0,0,226
Nagpur,VILLAGE,Rakhi,Rural,0,0,0,0,0,0,0,0,0,0,0,0
Nagpur,VILLAGE,Borgaon,Rural,30,118,76,14,61,0,0,0,1,0,0,42
Nagpur,VILLAGE,Belpeth,Rural,52,222,131,57,66,0,8,0,0,0,0,91
Nagpur,VILLAGE,Sayeshwar,Rural,28,117,87,2,84,0,1,0,0,0,0,30
Nagpur,VILLAGE,Sawangi (kh),Rural,123,510,300,143,102,1,42,3,6,0,3,210
Nagpur,VILLAGE,Sawangi (bk),Rural,169,715,438,153,256,0,19,0,6,3,1,277
Nagpur,VILLAGE,Pendkapur,Rural,62,272,154,125,24,0,4,1,0,0,0,118
Nagpur,VILLAGE,Singapur (ri),Rural,0,0,0,0,0,0,0,0,0,0,0,0
Nagpur,VILLAGE,Ganeshpur,Rural,0,0,0,0,0,0,0,0,0,0,0,0
Nagpur,VILLAGE,Gowari,Rural,0,0,0,0,0,0,0,0,0,0,0,0
Nagpur,VILLAGE,Kalamana,Rural,137,623,433,116,164,2,26,50,69,2,4,190
Nagpur,VILLAGE,Salai Bk. (ri),Rural,0,0,0,0,0,0,0,0,0,0,0,0
Nagpur,VILLAGE,Salai Kh.,Rural,28,120,74,38,24,0,5,2,4,0,1,46
Nagpur,VILLAGE,Paoni,Rural,64,235,161,31,86,0,15,3,22,2,2,74
Nagpur,VILLAGE,Menkhat (ri),Rural,0,0,0,0,0,0,0,0,0,0,0,0
Nagpur,VILLAGE,Pethmahmadpur (ri),Rural,0,0,0,0,0,0,0,0,0,0,0,0
Nagpur,VILLAGE,Jaitapur,Rural,98,400,266,92,131,1,13,18,9,0,2,134
Nagpur,VILLAGE,Panjrepar (ri),Rural,0,0,0,0,0,0,0,0,0,0,0,0
Nagpur,VILLAGE,Pipardol,Rural,77,322,216,77,107,0,4,11,15,0,2,106
Nagpur,VILLAGE,Wagholi,Rural,0,0,0,0,0,0,0,0,0,0,0,0
Nagpur,VILLAGE,Pandhartal,Rural,0,0,0,0,0,0,0,0,0,0,0,0
Nagpur,VILLAGE,Khursapar,Rural,172,720,431,100,254,2,13,2,55,2,3,289
Nagpur,VILLAGE,Dhamangaon (ri),Rural,0,0,0,0,0,0,0,0,0,0,0,0
Nagpur,VILLAGE,Kalamana,Rural,212,942,530,169,334,1,18,0,5,0,3,412
Nagpur,VILLAGE,Salaimahalgaon,Rural,0,0,0,0,0,0,0,0,0,0,0,0
Nagpur,VILLAGE,Pandharabodi,Rural,0,0,0,0,0,0,0,0,0,0,0,0
Nagpur,VILLAGE,Godhani,Rural,99,401,218,53,120,10,26,0,9,0,0,183
Nagpur,VILLAGE,Telkawadsi,Rural,35,149,119,36,23,0,1,1,58,0,0,30
Nagpur,VILLAGE,Junoni,Rural,85,353,299,88,71,1,3,2,132,0,2,54
Nagpur,VILLAGE,Dongargaon,Rural,33,144,90,6,70,0,10,0,3,0,1,54
Nagpur,VILLAGE,Alagondi,Rural,0,0,0,0,0,0,0,0,0,0,0,0
Nagpur,VILLAGE,Sukli,Rural,0,0,0,0,0,0,0,0,0,0,0,0
Nagpur,VILLAGE,Mhasala,Rural,38,140,88,3,42,3,0,1,35,1,3,52
Nagpur,VILLAGE,Metmangrud (ri),Rural,0,0,0,0,0,0,0,0,0,0,0,0
Nagpur,VILLAGE,Dighori,Rural,14,48,28,0,3,0,0,0,25,0,0,20
Nagpur,VILLAGE,Bidmohna (ri),Rural,0,0,0,0,0,0,0,0,0,0,0,0
Nagpur,VILLAGE,Chikhaldhokda,Rural,103,387,242,26,156,1,25,4,25,1,4,145
Nagpur,VILLAGE,Bori Majara,Rural,56,249,151,59,86,0,4,0,1,0,1,98
Nagpur,VILLAGE,Amghat,Rural,85,387,233,68,134,1,2,3,21,2,2,154
Nagpur,VILLAGE,Masala,Rural,64,277,95,65,30,0,0,0,0,0,0,182
Nagpur,VILLAGE,Nandra,Rural,58,270,102,40,53,0,4,4,1,0,0,168
Nagpur,VILLAGE,Sukali Junoni,Rural,78,342,195,101,79,1,9,1,4,0,0,147
Nagpur,VILLAGE,Seloti,Rural,0,0,0,0,0,0,0,0,0,0,0,0
Nagpur,VILLAGE,Hiwara,Rural,333,1232,821,208,569,7,32,1,4,0,0,411
Nagpur,VILLAGE,Chanoda,Rural,328,1348,806,330,341,4,34,23,65,3,6,542
Nagpur,VILLAGE,Ibrahimpur (ri),Rural,0,0,0,0,0,0,0,0,0,0,0,0
Nagpur,VILLAGE,Sandigondi,Rural,65,240,134,27,49,0,20,10,27,0,1,106
Nagpur,VILLAGE,Kachalkuhi,Rural,0,0,0,0,0,0,0,0,0,0,0,0
Nagpur,VILLAGE,Shedeshwar,Rural,253,1076,688,172,347,6,72,10,54,1,26,388
Nagpur,VILLAGE,Singori,Rural,140,611,369,199,166,0,4,0,0,0,0,242
Nagpur,VILLAGE,Pipra,Rural,632,2750,1522,529,529,20,175,24,226,4,15,1228
Nagpur,VILLAGE,Manori,Rural,94,404,200,49,134,0,17,0,0,0,0,204
Nagpur,VILLAGE,Keslapur,Rural,83,379,242,68,79,3,6,3,81,1,1,137
Nagpur,VILLAGE,Kinhala,Rural,151,644,380,125,203,0,18,3,28,0,3,264
Nagpur,VILLAGE,Bothali,Rural,70,317,161,39,11,0,2,6,102,0,1,156
Nagpur,VILLAGE,Gulalpur (ri),Rural,0,0,0,0,0,0,0,0,0,0,0,0
Nagpur,VILLAGE,Sirsi (r),Rural,1456,6139,2978,382,1463,76,493,39,404,21,100,3161
Nagpur,CD BLOCK,Kuhi,Rural,28791,123977,70436,20494,31368,867,6007,1704,8549,241,1206,53541
Nagpur,VILLAGE,Pipari,Rural,24,111,54,10,11,0,0,0,33,0,0,57
Nagpur,VILLAGE,Khalasana,Rural,157,727,368,113,179,3,49,5,17,1,1,359
Nagpur,VILLAGE,Mohadi,Rural,147,658,329,110,98,5,2,4,107,2,1,329
Nagpur,VILLAGE,Kuchadi,Rural,167,733,521,195,145,8,27,65,80,1,0,212
Nagpur,VILLAGE,Titur,Rural,310,1362,764,282,400,17,62,2,0,0,1,598
Nagpur,VILLAGE,Bhamewada,Rural,215,970,596,241,296,2,19,2,17,1,18,374
Nagpur,VILLAGE,Chanoda,Rural,77,337,198,90,108,0,0,0,0,0,0,139
Nagpur,VILLAGE,Akoli,Rural,322,1394,826,215,518,4,56,3,22,0,8,568
Nagpur,VILLAGE,Malni,Rural,188,757,448,81,213,20,99,0,13,2,20,309
Nagpur,VILLAGE,Mangli,Rural,173,758,426,197,176,14,18,3,9,1,8,332
Nagpur,VILLAGE,Tarni,Rural,59,253,144,60,64,2,11,4,2,1,0,109
Nagpur,VILLAGE,Chitapur,Rural,115,545,324,108,206,0,8,0,1,0,1,221
Nagpur,VILLAGE,Dhanoli,Rural,71,309,190,135,37,0,1,10,7,0,0,119
Nagpur,VILLAGE,Dipala,Rural,53,232,141,76,26,2,2,17,12,2,4,91
Nagpur,VILLAGE,Lanjala,Rural,102,489,410,161,123,6,4,71,41,2,2,79
Nagpur,VILLAGE,Wadegaon (Kale),Rural,123,473,345,96,162,1,22,2,59,0,3,128
Nagpur,VILLAGE,Ajni,Rural,60,280,123,56,50,2,8,2,5,0,0,157
Nagpur,VILLAGE,Dongargaon,Rural,254,1165,566,112,73,4,139,26,160,2,50,599
Nagpur,VILLAGE,Shivani,Rural,2,9,6,0,5,0,0,0,1,0,0,3
Nagpur,VILLAGE,Hetameti,Rural,7,26,15,9,1,0,5,0,0,0,0,11
Nagpur,VILLAGE,Dodma,Rural,135,574,337,147,154,2,20,1,3,0,10,237
Nagpur,VILLAGE,Nawargaon,Rural,141,627,354,234,99,4,8,4,2,1,2,273
Nagpur,VILLAGE,Mendha,Rural,0,0,0,0,0,0,0,0,0,0,0,0
Nagpur,VILLAGE,Sasegaon,Rural,171,785,389,56,96,0,11,23,173,1,29,396
Nagpur,VILLAGE,Mendhegaon,Rural,107,489,282,194,49,0,13,12,11,0,3,207
Nagpur,VILLAGE,Powari,Rural,0,0,0,0,0,0,0,0,0,0,0,0
Nagpur,VILLAGE,Tembhari,Rural,72,293,154,39,68,2,12,7,24,0,2,139
Nagpur,VILLAGE,Bhojapur,Rural,212,865,336,12,197,16,85,0,24,1,1,529
Nagpur,VILLAGE,Silli,Rural,470,2154,1186,302,774,5,69,6,23,0,7,968
Nagpur,VILLAGE,Mohadara,Rural,99,432,243,118,92,3,13,5,11,1,0,189
Nagpur,VILLAGE,Ajni,Rural,68,297,183,58,73,4,17,13,17,0,1,114
Nagpur,VILLAGE,Parsodi,Rural,0,0,0,0,0,0,0,0,0,0,0,0
Nagpur,VILLAGE,Isapur (navegaon),Rural,141,617,473,218,119,0,23,93,20,0,0,144
Nagpur,VILLAGE,Heti,Rural,0,0,0,0,0,0,0,0,0,0,0,0
Nagpur,VILLAGE,Sagundhara,Rural,0,0,0,0,0,0,0,0,0,0,0,0
Nagpur,VILLAGE,Takli,Rural,89,419,217,139,50,3,8,1,8,0,8,202
Nagpur,VILLAGE,Khetapur,Rural,82,368,242,162,67,0,13,0,0,0,0,126
Nagpur,VILLAGE,Sonegaon,Rural,93,425,278,75,177,0,17,0,9,0,0,147
Nagpur,VILLAGE,Ridhora,Rural,10,37,24,7,16,0,0,0,1,0,0,13
Nagpur,VILLAGE,Malchi,Rural,81,338,222,39,84,3,25,1,68,2,0,116
Nagpur,VILLAGE,Banor,Rural,110,458,291,80,194,2,12,0,0,0,3,167
Nagpur,VILLAGE,Murbi,Rural,98,424,270,149,113,0,7,0,0,0,1,154
Nagpur,VILLAGE,Chada,Rural,126,552,362,134,196,0,3,13,16,0,0,190
Nagpur,VILLAGE,Mohgaon,Rural,112,545,254,45,138,0,40,1,15,0,15,291
Nagpur,VILLAGE,Chichghat,Rural,79,321,201,153,23,2,21,0,1,0,1,120
Nagpur,VILLAGE,Sawangi,Rural,57,258,158,26,129,0,3,0,0,0,0,100
Nagpur,VILLAGE,Agargaon,Rural,54,189,120,49,65,0,3,1,1,0,1,69
Nagpur,VILLAGE,Kanheri kh.,Rural,0,0,0,0,0,0,0,0,0,0,0,0
Nagpur,VILLAGE,Rajola,Rural,604,2610,1564,396,826,16,83,38,195,2,8,1046
Nagpur,VILLAGE,Kanheri dongarmoh,Rural,12,43,29,0,24,0,5,0,0,0,0,14
Nagpur,VILLAGE,Sawarkheda,Rural,38,139,82,22,35,0,24,0,1,0,0,57
Nagpur,VILLAGE,Palegaon,Rural,0,0,0,0,0,0,0,0,0,0,0,0
Nagpur,VILLAGE,Chapeghat,Rural,0,0,0,0,0,0,0,0,0,0,0,0
Nagpur,VILLAGE,Chapegadi,Rural,484,2069,1115,335,504,38,91,15,106,3,23,954
Nagpur,VILLAGE,Kharbi,Rural,159,755,413,188,5,0,23,4,173,7,13,342
Nagpur,VILLAGE,Umarpeth,Rural,0,0,0,0,0,0,0,0,0,0,0,0
Nagpur,VILLAGE,Bhowardeo,Rural,51,282,159,107,46,0,2,0,4,0,0,123
Nagpur,VILLAGE,Ambadi,Rural,278,1274,714,268,189,18,25,61,89,4,60,560
Nagpur,VILLAGE,Navegaon,Rural,0,0,0,0,0,0,0,0,0,0,0,0
Nagpur,VILLAGE,Khobna,Rural,107,422,247,44,166,1,11,3,7,0,15,175
Nagpur,VILLAGE,Salwa,Rural,316,1321,696,185,360,1,98,4,21,2,25,625
Nagpur,VILLAGE,Deoli kh.,Rural,152,679,417,88,303,0,16,0,9,0,1,262
Nagpur,VILLAGE,Amti,Rural,67,263,143,40,81,6,3,1,8,1,3,120
Nagpur,VILLAGE,Khursapar,Rural,77,304,195,72,109,0,7,1,3,0,3,109
Nagpur,VILLAGE,Takli,Rural,106,429,268,86,168,0,8,1,4,0,1,161
Nagpur,VILLAGE,Bhiwkund,Rural,71,300,207,15,83,2,71,4,24,0,8,93
Nagpur,VILLAGE,Sawargaon,Rural,72,298,187,72,98,1,9,0,5,2,0,111
Nagpur,VILLAGE,Bodkhipeth,Rural,50,212,125,9,99,0,7,3,5,0,2,87
Nagpur,VILLAGE,Rampuri,Rural,0,0,0,0,0,0,0,0,0,0,0,0
Nagpur,VILLAGE,Sawli,Rural,130,597,364,132,158,9,33,19,9,0,4,233
Nagpur,VILLAGE,Khopadi,Rural,0,0,0,0,0,0,0,0,0,0,0,0
Nagpur,VILLAGE,Pilkapar,Rural,0,0,0,0,0,0,0,0,0,0,0,0
Nagpur,VILLAGE,Pandegaon,Rural,144,630,370,44,315,0,5,0,6,0,0,260
Nagpur,VILLAGE,Newri,Rural,177,788,446,101,70,6,9,16,242,0,2,342
Nagpur,VILLAGE,Deolikala,Rural,182,751,473,200,155,1,26,34,36,2,19,278
Nagpur,VILLAGE,Khenda,Rural,183,805,502,218,229,1,5,17,29,0,3,303
Nagpur,VILLAGE,Hudpa,Rural,65,296,159,46,97,0,12,0,2,0,2,137
Nagpur,VILLAGE,Chikhalabodi,Rural,53,249,152,52,17,0,4,37,39,0,3,97
Nagpur,VILLAGE,Bidbothli,Rural,17,78,40,32,5,0,2,1,0,0,0,38
Nagpur,VILLAGE,Dalpatpur,Rural,0,0,0,0,0,0,0,0,0,0,0,0
Nagpur,VILLAGE,Dawdipar,Rural,0,0,0,0,0,0,0,0,0,0,0,0
Nagpur,VILLAGE,Kuhi,Rural,2312,10436,5242,909,1593,157,1088,80,1177,44,194,5194
Nagpur,VILLAGE,Bhandarbodi,Rural,0,0,0,0,0,0,0,0,0,0,0,0
Nagpur,VILLAGE,Musalgaon,Rural,181,812,487,154,141,1,7,6,176,2,0,325
Nagpur,VILLAGE,Sonegaon,Rural,0,0,0,0,0,0,0,0,0,0,0,0
Nagpur,VILLAGE,Chipdi,Rural,179,758,401,108,230,16,26,0,21,0,0,357
Nagpur,VILLAGE,Bhatara,Rural,119,592,380,205,124,15,18,7,2,3,6,212
Nagpur,VILLAGE,Lohara,Rural,82,362,202,127,69,0,2,2,2,0,0,160
Nagpur,VILLAGE,Adam,Rural,349,1540,864,289,393,5,98,13,48,4,14,676
Nagpur,VILLAGE,Majri,Rural,183,833,527,340,131,1,5,14,30,0,6,306
Nagpur,VILLAGE,Shiwani,Rural,179,795,397,83,218,0,43,3,6,0,44,398
Nagpur,VILLAGE,Navegaon (devi),Rural,126,571,364,158,131,2,10,25,33,1,4,207
Nagpur,VILLAGE,Katara,Rural,158,657,400,22,368,0,9,0,0,0,1,257
Nagpur,VILLAGE,Awarmara,Rural,233,984,570,352,175,6,30,1,4,1,1,414
Nagpur,VILLAGE,Navegaon,Rural,133,510,325,35,110,1,40,15,122,0,2,185
Nagpur,VILLAGE,Chichghat,Rural,92,389,257,121,78,0,9,31,18,0,0,132
Nagpur,VILLAGE,Gondpipri,Rural,67,260,174,64,59,0,5,11,33,0,2,86
Nagpur,VILLAGE,Paoni,Rural,76,206,139,65,46,0,28,0,0,0,0,67
Nagpur,VILLAGE,Umari,Rural,61,244,160,83,64,0,2,0,10,0,1,84
Nagpur,VILLAGE,Mhasli,Rural,186,766,482,128,236,2,33,23,51,1,8,284
Nagpur,VILLAGE,Bori (naik),Rural,222,926,587,63,133,2,26,65,279,7,12,339
Nagpur,VILLAGE,Hardoli,Rural,275,1130,692,162,219,11,61,23,204,2,10,438
Nagpur,VILLAGE,Dhamni,Rural,71,289,186,132,51,0,1,2,0,0,0,103
Nagpur,VILLAGE,Gadpayli,Rural,10,41,19,8,1,0,9,0,1,0,0,22
Nagpur,VILLAGE,Ambhorakala,Rural,16,59,42,3,0,2,37,0,0,0,0,17
Nagpur,VILLAGE,Bandarchuha (rithi),Rural,0,0,0,0,0,0,0,0,0,0,0,0
Nagpur,VILLAGE,Yedmepar (rithi),Rural,0,0,0,0,0,0,0,0,0,0,0,0
Nagpur,VILLAGE,Pratappur,Rural,0,0,0,0,0,0,0,0,0,0,0,0
Nagpur,VILLAGE,Adegaon,Rural,48,220,77,37,33,1,3,0,3,0,0,143
Nagpur,VILLAGE,Mendhekala,Rural,141,609,285,14,230,1,34,0,5,0,1,324
Nagpur,VILLAGE,Ambhora kh.,Rural,336,1417,859,91,687,5,66,1,8,0,1,558
Nagpur,VILLAGE,Maloda,Rural,61,256,152,115,35,0,2,0,0,0,0,104
Nagpur,VILLAGE,Mendhe kh.,Rural,0,0,0,0,0,0,0,0,0,0,0,0
Nagpur,VILLAGE,Weltur,Rural,1230,5060,2382,300,1306,74,471,9,186,20,16,2678
Nagpur,VILLAGE,Sonpuri,Rural,83,320,182,26,17,4,19,3,106,3,4,138
Nagpur,VILLAGE,Channa,Rural,172,703,405,96,130,0,50,12,116,0,1,298
Nagpur,VILLAGE,Chichal,Rural,66,307,85,54,14,0,2,7,8,0,0,222
Nagpur,VILLAGE,Bothli,Rural,131,533,342,40,224,3,18,7,39,7,4,191
Nagpur,VILLAGE,Chikhali,Rural,67,263,167,49,99,5,14,0,0,0,0,96
Nagpur,VILLAGE,Gonha,Rural,301,1336,706,387,192,8,55,0,56,1,7,630
Nagpur,VILLAGE,Pipri,Rural,93,373,226,68,34,1,7,62,48,0,6,147
Nagpur,VILLAGE,Tudka,Rural,242,1037,618,205,390,0,12,0,2,1,8,419
Nagpur,VILLAGE,Ratnapur,Rural,45,180,95,27,61,0,5,1,0,1,0,85
Nagpur,VILLAGE,Shikarpur,Rural,118,483,285,162,94,2,14,3,8,0,2,198
Nagpur,VILLAGE,Kesori,Rural,78,318,188,52,9,0,10,1,114,1,1,130
Nagpur,VILLAGE,Khairlanji,Rural,157,575,373,109,240,3,15,0,6,0,0,202
Nagpur,VILLAGE,Taroli,Rural,170,745,533,116,42,0,20,3,346,1,5,212
Nagpur,VILLAGE,Dhanla,Rural,183,707,445,135,281,1,8,4,15,0,1,262
Nagpur,VILLAGE,Khokarla,Rural,184,744,464,175,242,4,18,3,16,0,6,280
Nagpur,VILLAGE,Balapur (kochhi),Rural,0,0,0,0,0,0,0,0,0,0,0,0
Nagpur,VILLAGE,Sirsi (navegaon),Rural,208,876,497,214,161,9,24,1,88,0,0,379
Nagpur,VILLAGE,Navegaon,Rural,154,618,378,175,149,0,4,4,46,0,0,240
Nagpur,VILLAGE,Sonarwahi,Rural,14,63,35,17,18,0,0,0,0,0,0,28
Nagpur,VILLAGE,Fegad,Rural,407,1638,1009,327,521,7,93,20,35,0,6,629
Nagpur,VILLAGE,Sawangi,Rural,99,325,191,74,17,0,17,6,73,2,2,134
Nagpur,VILLAGE,Pandhargota,Rural,90,388,229,74,1,1,5,4,134,2,8,159
Nagpur,VILLAGE,Bhiwapur,Rural,113,426,269,23,6,0,6,31,201,0,2,157
Nagpur,VILLAGE,Tamaswadi,Rural,0,0,0,0,0,0,0,0,0,0,0,0
Nagpur,VILLAGE,Kharada,Rural,312,1379,763,236,182,15,31,31,238,7,23,616
Nagpur,VILLAGE,Jiwanapur,Rural,407,1692,989,53,501,3,45,120,207,6,54,703
Nagpur,VILLAGE,Kukkadumri,Rural,0,0,0,0,0,0,0,0,0,0,0,0
Nagpur,VILLAGE,Sonegaon,Rural,0,0,0,0,0,0,0,0,0,0,0,0
Nagpur,VILLAGE,Satara,Rural,108,458,315,221,91,0,2,1,0,0,0,143
Nagpur,VILLAGE,Bamhani,Rural,52,251,175,103,52,0,20,0,0,0,0,76
Nagpur,VILLAGE,Wadegaon (mandhal),Rural,148,637,339,127,197,2,8,2,3,0,0,298
Nagpur,VILLAGE,Kinhi,Rural,222,1003,545,254,216,3,20,12,35,2,3,458
Nagpur,VILLAGE,Madnapur,Rural,117,512,284,112,125,0,22,6,19,0,0,228
Nagpur,VILLAGE,Pipalgaon,Rural,0,0,0,0,0,0,0,0,0,0,0,0
Nagpur,VILLAGE,Mandhal,Rural,2069,9555,4769,693,2280,101,906,37,557,29,166,4786
Nagpur,VILLAGE,Ruyad,Rural,343,1559,921,283,577,2,41,4,13,0,1,638
Nagpur,VILLAGE,Siroli,Rural,0,0,0,0,0,0,0,0,0,0,0,0
Nagpur,VILLAGE,Pardi,Rural,265,1172,684,213,282,17,31,27,109,2,3,488
Nagpur,VILLAGE,Wag,Rural,361,1522,850,208,147,6,95,16,355,3,20,672
Nagpur,VILLAGE,Bori (sadachar),Rural,129,602,399,127,192,9,7,10,46,4,4,203
Nagpur,VILLAGE,Pachkhedi (gandli),Rural,707,2932,1516,184,832,21,210,9,233,3,24,1416
Nagpur,VILLAGE,Karhandla,Rural,239,1008,547,259,94,10,13,46,115,6,4,461
Nagpur,VILLAGE,Rengatur,Rural,166,666,412,65,257,1,28,4,57,0,0,254
Nagpur,VILLAGE,Parsodi (raja),Rural,234,902,534,184,200,6,37,5,57,0,45,368
Nagpur,VILLAGE,Dongarmauda,Rural,274,1237,688,295,337,3,37,2,9,0,5,549
Nagpur,VILLAGE,Hardoli,Rural,191,757,482,185,171,1,25,43,54,1,2,275
Nagpur,VILLAGE,Virkhandi,Rural,179,763,478,293,141,0,11,11,11,0,11,285
Nagpur,VILLAGE,Tarna,Rural,657,2803,1747,444,1174,0,44,13,58,0,14,1056
Nagpur,VILLAGE,Pachkhedi,Rural,158,615,402,225,153,0,16,0,3,3,2,213
Nagpur,VILLAGE,Parsodi,Rural,0,0,0,0,0,0,0,0,0,0,0,0
Nagpur,VILLAGE,Salai,Rural,0,0,0,0,0,0,0,0,0,0,0,0
Nagpur,VILLAGE,Udeshwar,Rural,0,0,0,0,0,0,0,0,0,0,0,0
Nagpur,VILLAGE,Polsa,Rural,0,0,0,0,0,0,0,0,0,0,0,0
Nagpur,VILLAGE,Wagdara,Rural,0,0,0,0,0,0,0,0,0,0,0,0
Nagpur,VILLAGE,Chikna tukum,Rural,274,1155,599,75,231,1,20,79,164,1,28,556
Nagpur,VILLAGE,Thana,Rural,192,792,470,75,116,6,13,48,179,23,10,322
Nagpur,VILLAGE,Welgaon,Rural,212,834,527,97,418,1,9,0,2,0,0,307
Nagpur,VILLAGE,Dahegaon,Rural,145,628,398,71,212,12,20,9,73,0,1,230
Nagpur,VILLAGE,Gothangaon,Rural,409,1649,1042,155,815,12,47,1,9,2,1,607
Nagpur,VILLAGE,Rajoli,Rural,140,607,377,102,256,4,12,2,0,0,1,230
Nagpur,VILLAGE,Bramhani,Rural,47,179,106,41,54,0,3,3,5,0,0,73
Nagpur,VILLAGE,Chandala,Rural,0,0,0,0,0,0,0,0,0,0,0,0
Nagpur,VILLAGE,Dhamna,Rural,112,464,277,111,141,0,6,2,17,0,0,187
Nagpur,VILLAGE,Buti tola alias kosari,Rural,25,93,67,2,52,0,12,0,1,0,0,26
Nagpur,VILLAGE,Kitadi,Rural,0,0,0,0,0,0,0,0,0,0,0,0
Nagpur,VILLAGE,Ranbodi,Rural,121,457,310,78,213,1,13,1,4,0,0,147
Nagpur,VILLAGE,Paoni,Rural,25,130,66,47,14,0,5,0,0,0,0,64
Nagpur,VILLAGE,Kujba,Rural,350,1508,865,285,499,20,51,1,7,1,1,643
Nagpur,VILLAGE,Tekepar,Rural,145,585,360,187,138,18,17,0,0,0,0,225
Nagpur,VILLAGE,Ruyad,Rural,90,373,223,77,129,5,12,0,0,0,0,150
Nagpur,VILLAGE,Borada,Rural,0,0,0,0,0,0,0,0,0,0,0,0
Nagpur,VILLAGE,Pohara,Rural,37,169,99,19,70,1,5,0,3,0,1,70
Nagpur,CD BLOCK,Bhiwapur,Rural,19990,81519,44856,11653,21971,433,4666,738,4657,91,647,36663
Nagpur,VILLAGE,Mandwa,Rural,358,1614,836,198,352,0,41,15,220,0,10,778
Nagpur,VILLAGE,Indapur,Rural,147,646,221,133,70,0,17,0,1,0,0,425
Nagpur,VILLAGE,Shionfal,Rural,135,583,306,82,202,7,15,0,0,0,0,277
Nagpur,VILLAGE,Keslapar,Rural,1,4,0,0,0,0,0,0,0,0,0,4
Nagpur,VILLAGE,Khandalzari,Rural,74,297,174,11,152,1,5,1,4,0,0,123
Nagpur,VILLAGE,Botezari,Rural,174,651,412,169,177,0,18,20,26,0,2,239
Nagpur,VILLAGE,Dhanjimet,Rural,0,0,0,0,0,0,0,0,0,0,0,0
Nagpur,VILLAGE,Chargaon,Rural,83,360,227,22,181,2,6,2,12,1,1,133
Nagpur,VILLAGE,Yedsambha,Rural,1,2,0,0,0,0,0,0,0,0,0,2
Nagpur,VILLAGE,Malewada,Rural,441,1759,981,327,524,16,57,7,42,0,8,778
Nagpur,VILLAGE,Kondapur,Rural,0,0,0,0,0,0,0,0,0,0,0,0
Nagpur,VILLAGE,Sukali,Rural,0,0,0,0,0,0,0,0,0,0,0,0
Nagpur,VILLAGE,Polgaon,Rural,72,270,173,44,125,0,1,1,2,0,0,97
Nagpur,VILLAGE,Pirawa,Rural,351,1202,641,130,244,2,29,24,207,1,4,561
Nagpur,VILLAGE,Besur,Rural,517,2209,1166,295,683,14,115,11,30,2,16,1043
Nagpur,VILLAGE,Nad,Rural,88,346,180,22,153,0,4,0,1,0,0,166
Nagpur,VILLAGE,Chikhalapar,Rural,157,609,377,168,194,0,15,0,0,0,0,232
Nagpur,VILLAGE,Salebhatti,Rural,204,856,422,119,256,15,30,1,1,0,0,434
Nagpur,VILLAGE,Khatkheda,Rural,83,307,191,94,79,0,9,3,6,0,0,116
Nagpur,VILLAGE,Mahalgaon,Rural,414,1624,938,385,456,22,56,10,6,1,2,686
Nagpur,VILLAGE,Urkudpar,Rural,61,260,175,48,114,0,0,3,9,0,1,85
Nagpur,VILLAGE,Kharkada,Rural,0,0,0,0,0,0,0,0,0,0,0,0
Nagpur,VILLAGE,Bhivi,Rural,148,604,387,86,282,4,11,2,1,1,0,217
Nagpur,VILLAGE,Zamkoli,Rural,179,703,446,83,342,0,20,1,0,0,0,257
Nagpur,VILLAGE,Dharmapar,Rural,0,0,0,0,0,0,0,0,0,0,0,0
Nagpur,VILLAGE,Panjarepar,Rural,54,211,128,82,36,0,8,0,2,0,0,83
Nagpur,VILLAGE,Mankapur,Rural,4,10,7,0,7,0,0,0,0,0,0,3
Nagpur,VILLAGE,Nand,Rural,1112,4561,2516,456,1386,26,180,82,364,8,14,2045
Nagpur,VILLAGE,Sukali,Rural,18,70,46,8,30,0,4,0,3,0,1,24
Nagpur,VILLAGE,Saigaon,Rural,104,413,251,55,189,0,4,0,1,1,1,162
Nagpur,VILLAGE,Khursapar,Rural,0,0,0,0,0,0,0,0,0,0,0,0
Nagpur,VILLAGE,Tidkepar,Rural,8,27,16,14,2,0,0,0,0,0,0,11
Nagpur,VILLAGE,Bhagwanpur,Rural,332,1356,793,210,534,0,18,7,24,0,0,563
Nagpur,VILLAGE,Sakara,Rural,0,0,0,0,0,0,0,0,0,0,0,0
Nagpur,VILLAGE,Khapari,Rural,50,201,122,29,64,0,1,0,26,0,2,79
Nagpur,VILLAGE,Kharkada,Rural,55,233,128,58,62,0,7,1,0,0,0,105
Nagpur,VILLAGE,Wani,Rural,166,652,383,175,188,0,18,0,1,0,1,269
Nagpur,VILLAGE,Lonara,Rural,114,412,304,101,119,0,7,1,73,2,1,108
Nagpur,VILLAGE,Bellarpar,Rural,34,153,95,28,66,0,1,0,0,0,0,58
Nagpur,VILLAGE,Dhamangaon,Rural,165,675,413,191,165,3,37,6,11,0,0,262
Nagpur,VILLAGE,Alesur,Rural,180,672,311,182,100,1,26,1,0,0,1,361
Nagpur,VILLAGE,Kholdoda,Rural,108,333,230,83,2,2,3,1,138,0,1,103
Nagpur,VILLAGE,Jamgaon,Rural,0,0,0,0,0,0,0,0,0,0,0,0
Nagpur,VILLAGE,Chargaon (g),Rural,119,448,273,28,46,1,71,11,89,4,23,175
Nagpur,VILLAGE,Kaodasi,Rural,143,560,355,174,74,1,80,10,14,2,0,205
Nagpur,VILLAGE,Mangrud,Rural,352,1761,745,195,401,9,101,5,22,0,12,1016
Nagpur,VILLAGE,Kalandri,Rural,0,0,0,0,0,0,0,0,0,0,0,0
Nagpur,VILLAGE,Shiwapur,Rural,277,1066,638,222,374,2,30,0,6,0,4,428
Nagpur,VILLAGE,Pandharabodi,Rural,201,779,492,154,231,7,49,5,33,3,10,287
Nagpur,VILLAGE,Manora,Rural,198,805,524,35,15,3,7,157,298,1,8,281
Nagpur,VILLAGE,Welwa,Rural,4,17,13,0,0,0,2,0,9,0,2,4
Nagpur,VILLAGE,Navegaon,Rural,131,553,322,17,290,7,5,1,1,0,1,231
Nagpur,VILLAGE,Kargaon,Rural,440,1868,898,263,486,7,103,3,23,0,13,970
Nagpur,VILLAGE,Khairgaon,Rural,80,276,178,98,71,4,5,0,0,0,0,98
Nagpur,VILLAGE,Akalabodi,Rural,0,0,0,0,0,0,0,0,0,0,0,0
Nagpur,VILLAGE,Sarandi,Rural,162,671,366,103,234,1,8,4,13,1,2,305
Nagpur,VILLAGE,Gardapar,Rural,58,210,117,1,83,10,3,0,18,0,2,93
Nagpur,VILLAGE,Pahami,Rural,212,888,504,171,230,7,36,31,24,1,4,384
Nagpur,VILLAGE,Chichala,Rural,306,1244,713,231,421,6,41,0,9,1,4,531
Nagpur,VILLAGE,Mandwa,Rural,174,771,485,79,360,3,33,0,2,1,7,286
Nagpur,VILLAGE,Somanala,Rural,69,273,168,85,71,1,3,7,1,0,0,105
Nagpur,VILLAGE,Chikhali,Rural,0,0,0,0,0,0,0,0,0,0,0,0
Nagpur,VILLAGE,Piparda,Rural,0,0,0,0,0,0,0,0,0,0,0,0
Nagpur,VILLAGE,Seloti,Rural,162,695,386,147,195,14,26,1,1,1,1,309
Nagpur,VILLAGE,Wasi,Rural,192,839,361,130,122,1,49,9,28,1,21,478
Nagpur,VILLAGE,Bopeshwar,Rural,0,0,0,0,0,0,0,0,0,0,0,0
Nagpur,VILLAGE,Wakeshwar,Rural,131,482,322,106,187,0,2,3,23,0,1,160
Nagpur,VILLAGE,Mahadapur,Rural,0,0,0,0,0,0,0,0,0,0,0,0
Nagpur,VILLAGE,Jaoli,Rural,368,1571,917,288,548,8,54,10,3,1,5,654
Nagpur,VILLAGE,Sonepada,Rural,0,0,0,0,0,0,0,0,0,0,0,0
Nagpur,VILLAGE,Ukhali,Rural,158,557,358,68,14,4,16,14,196,3,43,199
Nagpur,VILLAGE,Chorvihara,Rural,54,204,126,25,67,2,7,0,22,0,3,78
Nagpur,VILLAGE,Salebhatti,Rural,117,463,256,79,111,3,39,5,8,1,10,207
Nagpur,VILLAGE,Bhowari,Rural,0,0,0,0,0,0,0,0,0,0,0,0
Nagpur,VILLAGE,Dhaparla,Rural,107,435,240,100,78,4,21,4,32,0,1,195
Nagpur,VILLAGE,Taka,Rural,208,813,502,209,212,6,5,10,58,2,0,311
Nagpur,VILLAGE,Ranmangli,Rural,138,564,317,51,237,1,18,0,9,0,1,247
Nagpur,VILLAGE,Kitadi,Rural,0,0,0,0,0,0,0,0,0,0,0,0
Nagpur,VILLAGE,Pullar,Rural,250,992,551,183,84,14,51,7,205,1,6,441
Nagpur,VILLAGE,Kitadi,Rural,43,211,112,15,0,0,1,0,0,0,96,99
Nagpur,VILLAGE,Marupar,Rural,175,721,403,45,107,7,38,2,187,7,10,318
Nagpur,VILLAGE,Salebhatti,Rural,205,773,471,118,156,10,23,8,148,1,7,302
Nagpur,VILLAGE,Gohodli,Rural,1,2,2,0,0,0,0,0,2,0,0,0
Nagpur,VILLAGE,Panjarepar,Rural,87,315,232,18,1,0,2,1,204,2,4,83
Nagpur,VILLAGE,Nandikheda,Rural,4,17,13,0,0,0,0,0,13,0,0,4
Nagpur,VILLAGE,Gadeghat,Rural,17,65,43,0,38,0,5,0,0,0,0,22
Nagpur,VILLAGE,Ghatumari,Rural,0,0,0,0,0,0,0,0,0,0,0,0
Nagpur,VILLAGE,Tukumbori,Rural,15,65,36,0,0,0,0,0,36,0,0,29
Nagpur,VILLAGE,Thutanbori,Rural,196,847,451,0,0,0,1,3,447,0,0,396
Nagpur,VILLAGE,Saleshahari,Rural,179,760,415,264,113,1,25,0,11,0,1,345
Nagpur,VILLAGE,Mokhebardi,Rural,188,792,439,280,86,2,22,0,44,0,5,353
Nagpur,VILLAGE,Somanala,Rural,236,1033,597,269,278,1,18,17,11,0,3,436
Nagpur,VILLAGE,Bhowari,Rural,5,22,15,6,9,0,0,0,0,0,0,7
Nagpur,VILLAGE,Hatimunda,Rural,0,0,0,0,0,0,0,0,0,0,0,0
Nagpur,VILLAGE,Pawargaondi,Rural,0,0,0,0,0,0,0,0,0,0,0,0
Nagpur,VILLAGE,Virkhandi,Rural,119,550,304,92,184,1,19,1,5,0,2,246
Nagpur,VILLAGE,Pendhari,Rural,8,34,18,3,15,0,0,0,0,0,0,16
Nagpur,VILLAGE,Gondbori,Rural,142,596,314,83,198,4,24,2,3,0,0,282
Nagpur,VILLAGE,Dhaparla,Rural,67,297,178,69,75,1,30,0,0,0,3,119
Nagpur,VILLAGE,Kinhala,Rural,88,355,215,55,130,1,11,3,12,0,3,140
Nagpur,VILLAGE,Jawrabodi,Rural,40,184,101,82,15,0,4,0,0,0,0,83
Nagpur,VILLAGE,Tas,Rural,553,2593,1324,327,857,7,91,8,31,0,3,1269
Nagpur,VILLAGE,Mhashadongri,Rural,0,0,0,0,0,0,0,0,0,0,0,0
Nagpur,VILLAGE,Pimpalgaon,Rural,0,0,0,0,0,0,0,0,0,0,0,0
Nagpur,VILLAGE,Kolari,Rural,125,492,303,44,179,2,6,13,53,3,3,189
Nagpur,VILLAGE,Adyal,Rural,207,833,458,62,381,0,9,1,5,0,0,375
Nagpur,VILLAGE,Kinhikala,Rural,110,434,263,155,102,2,4,0,0,0,0,171
Nagpur,VILLAGE,Kinhikhurda,Rural,96,376,218,25,90,0,3,7,90,0,3,158
Nagpur,VILLAGE,Sawargaon,Rural,57,246,135,31,31,0,1,2,69,0,1,111
Nagpur,VILLAGE,Nagtaroli,Rural,149,545,351,162,142,18,20,2,5,1,1,194
Nagpur,VILLAGE,Neri,Rural,36,150,88,24,32,0,2,0,30,0,0,62
Nagpur,VILLAGE,Jambhurda,Rural,9,33,19,6,2,0,0,0,11,0,0,14
Nagpur,VILLAGE,Dongargaon,Rural,24,107,71,17,44,0,0,3,6,1,0,36
Nagpur,VILLAGE,Bhiwapur,Rural,3555,14268,6704,394,3009,113,2438,21,510,28,191,7564
Nagpur,VILLAGE,Mokhala,Rural,106,412,257,58,174,0,23,0,2,0,0,155
Nagpur,VILLAGE,Bhagebori,Rural,205,847,525,145,362,0,14,0,4,0,0,322
Nagpur,VILLAGE,Kanhalgaon,Rural,0,0,0,0,0,0,0,0,0,0,0,0
Nagpur,VILLAGE,Mangli,Rural,101,483,265,88,42,0,20,5,106,1,3,218
Nagpur,VILLAGE,Nakshi,Rural,338,1311,724,219,457,3,23,0,1,0,21,587
Nagpur,VILLAGE,Bhumkotargata,Rural,0,0,0,0,0,0,0,0,0,0,0,0
Nagpur,VILLAGE,Parsodi,Rural,20,73,51,3,19,2,9,0,6,4,8,22
Nagpur,VILLAGE,Chikhali,Rural,109,429,281,101,132,0,36,4,5,0,3,148
Nagpur,VILLAGE,Sonegaon,Rural,0,0,0,0,0,0,0,0,0,0,0,0
Nagpur,VILLAGE,Rohana,Rural,70,301,168,54,110,2,2,0,0,0,0,133
Nagpur,VILLAGE,Wadadha,Rural,187,764,465,124,282,3,29,6,6,0,15,299
Nagpur,VILLAGE,Borgaon,Rural,59,266,169,36,77,0,3,8,41,0,4,97
Nagpur,VILLAGE,Khairi,Rural,0,0,0,0,0,0,0,0,0,0,0,0
Nagpur,VILLAGE,Medha,Rural,185,803,460,138,222,5,32,2,61,0,0,343
Nagpur,VILLAGE,Tatoli,Rural,116,443,291,60,202,1,5,5,12,2,4,152
Nagpur,VILLAGE,Bordkala,Rural,61,236,155,61,87,1,3,1,2,0,0,81
Nagpur,VILLAGE,Bordkhurd,Rural,0,0,0,0,0,0,0,0,0,0,0,0
Nagpur,VILLAGE,Zilbodi,Rural,146,630,368,147,213,0,3,0,5,0,0,262
Nagpur,VILLAGE,Hattibodi,Rural,51,217,129,32,74,1,2,0,19,0,1,88
Nagpur,VILLAGE,Pandharwani,Rural,179,655,381,119,167,1,16,20,56,0,2,274
Nagpur,VILLAGE,Murharpur,Rural,85,343,175,75,71,0,7,6,16,0,0,168
Nagpur,VILLAGE,Dhamangaon,Rural,233,900,576,217,228,3,14,90,24,0,0,324
Nagpur,VILLAGE,Saigaon,Rural,0,0,0,0,0,0,0,0,0,0,0,0
Pune,CD BLOCK,Junnar,Rural,80227,373987,201256,100581,53941,2862,30525,5664,4711,513,2459,172731
Pune,VILLAGE,Khireshwar,Rural,190,972,582,179,226,5,31,27,104,0,10,390
Pune,VILLAGE,Kolhewadi,Rural,161,771,469,309,146,3,5,1,2,1,2,302
Pune,VILLAGE,Kopare,Rural,207,897,655,22,364,3,19,43,204,0,0,242
Pune,VILLAGE,Jambhulshi,Rural,98,443,279,3,4,0,43,148,79,0,2,164
Pune,VILLAGE,Mandave,Rural,274,1286,866,466,365,1,28,3,2,1,0,420
Pune,VILLAGE,Muthalne,Rural,178,823,484,123,302,0,48,2,9,0,0,339
Pune,VILLAGE,Alu,Rural,61,265,183,136,41,1,5,0,0,0,0,82
Pune,VILLAGE,Mandarne,Rural,220,969,605,340,229,5,22,6,2,0,1,364
Pune,VILLAGE,Pimpalgaon Joga,Rural,464,2667,1179,696,120,2,118,136,48,1,58,1488
Pune,VILLAGE,Bhoirwadi,Rural,169,830,621,432,61,2,8,117,0,0,1,209
Pune,VILLAGE,Sanganore,Rural,300,1427,832,112,528,11,17,4,158,0,2,595
Pune,VILLAGE,Khubi,Rural,136,630,342,14,232,0,10,0,83,0,3,288
Pune,VILLAGE,Karanjale,Rural,198,925,571,130,329,5,60,10,27,1,9,354
Pune,VILLAGE,Taleran,Rural,469,2356,1272,550,18,10,59,591,35,4,5,1084
Pune,VILLAGE,Pargaon Tarf Madh,Rural,153,743,459,281,85,26,18,39,8,0,2,284
Pune,VILLAGE,Bagadwadi,Rural,163,699,441,399,8,2,16,0,4,0,12,258
Pune,VILLAGE,Sitewadi,Rural,337,1640,924,604,271,28,21,0,0,0,0,716
Pune,VILLAGE,Madh,Rural,399,1818,934,240,495,38,143,0,11,1,6,884
Pune,VILLAGE,Watkhale,Rural,134,679,409,286,86,3,17,2,13,0,2,270
Pune,VILLAGE,Pangari Tarf Madh,Rural,101,400,242,83,13,0,20,54,70,1,1,158
Pune,VILLAGE,Kolwadi,Rural,196,849,538,108,268,20,61,18,34,18,11,311
Pune,VILLAGE,Dingore,Rural,1223,5807,3227,1519,1229,108,277,41,36,1,16,2580
Pune,VILLAGE,Udapur,Rural,792,3697,2134,889,837,27,116,197,56,2,10,1563
Pune,VILLAGE,Chilhewadi,Rural,86,388,237,129,99,0,6,0,3,0,0,151
Pune,VILLAGE,Ambe Gavhan,Rural,291,1636,1049,392,607,12,27,2,8,0,1,587
Pune,VILLAGE,Pachgharwadi,Rural,224,1156,644,325,215,7,22,52,23,0,0,512
Pune,VILLAGE,Ahinavewadi,Rural,325,1500,909,249,255,1,32,88,280,1,3,591
Pune,VILLAGE,Rohkadi,Rural,265,1291,747,546,101,16,59,7,9,3,6,544
Pune,VILLAGE,Otur,Rural,4311,20308,9600,3717,2666,236,2459,158,146,15,203,10708
Pune,VILLAGE,Tikekarwadi,Rural,230,1119,597,222,215,5,120,8,12,3,12,522
Pune,VILLAGE,Hivare Kh,Rural,490,2216,1194,759,226,11,174,12,3,0,9,1022
Pune,VILLAGE,Dholwad,Rural,575,2412,1203,670,351,4,163,2,5,0,8,1209
Pune,VILLAGE,Dumbarwadi,Rural,321,1430,795,352,130,20,217,21,12,5,38,635
Pune,VILLAGE,Khamundi,Rural,413,1893,808,377,223,5,196,3,2,1,1,1085
Pune,VILLAGE,Umbraj,Rural,1343,5785,3041,1841,661,19,464,11,34,1,10,2744
Pune,VILLAGE,Pimpri Pendhar,Rural,769,3690,2130,1162,496,28,300,37,25,3,79,1560
Pune,VILLAGE,Gaymukhwadi,Rural,212,950,491,229,146,2,51,19,34,0,10,459
Pune,VILLAGE,Jambhulpad,Rural,191,884,500,347,96,0,46,0,6,3,2,384
Pune,VILLAGE,Navalewadi,Rural,269,1126,684,297,343,4,29,0,7,0,4,442
Pune,VILLAGE,Wadgaon Anand,Rural,568,2484,1325,657,204,21,433,4,3,1,2,1159
Pune,VILLAGE,Padirwadi,Rural,207,991,595,396,173,0,24,0,2,0,0,396
Pune,VILLAGE,Alefata,Rural,731,3248,1508,557,278,16,632,1,1,2,21,1740
Pune,VILLAGE,Santwadi,Rural,379,1645,910,548,192,2,63,59,41,1,4,735
Pune,VILLAGE,Kolwadi,Rural,412,1665,945,660,197,1,57,27,2,1,0,720
Pune,VILLAGE,Ale,Rural,2877,12983,5571,1774,1022,170,2360,32,54,15,144,7412
Pune,VILLAGE,Pimpalwandi,Rural,1007,4670,2357,1208,515,110,382,15,29,22,76,2313
Pune,VILLAGE,Bhatkalwadi,Rural,546,2549,1503,915,471,13,89,6,5,1,3,1046
Pune,VILLAGE,Chalakwadi,Rural,794,3627,2110,1132,671,28,262,5,6,0,6,1517
Pune,VILLAGE,Kalwadi,Rural,383,1683,966,699,125,29,102,7,3,0,1,717
Pune,VILLAGE,Ghatghar,Rural,134,715,424,373,1,20,14,15,0,0,1,291
Pune,VILLAGE,Ajanawale,Rural,354,1694,972,815,60,4,42,12,36,0,3,722
Pune,VILLAGE,Nimgiri,Rural,379,1806,1027,691,244,12,48,18,4,0,10,779
Pune,VILLAGE,Devale,Rural,300,1535,892,616,97,1,8,28,138,0,4,643
Pune,VILLAGE,Khatkale,Rural,139,741,391,329,4,1,27,29,0,0,1,350
Pune,VILLAGE,Khaire,Rural,80,388,201,57,138,0,4,2,0,0,0,187
Pune,VILLAGE,Hirdi,Rural,49,235,147,8,131,0,5,0,1,0,2,88
Pune,VILLAGE,Jalwandi,Rural,82,408,254,195,48,0,6,3,1,0,1,154
Pune,VILLAGE,Phagul Gavhan,Rural,68,383,241,233,6,1,1,0,0,0,0,142
Pune,VILLAGE,Khadkumbe,Rural,125,572,338,91,241,0,3,0,0,0,3,234
Pune,VILLAGE,Usran,Rural,45,219,154,83,64,0,1,0,4,0,2,65
Pune,VILLAGE,Undekhadak,Rural,122,776,412,60,333,10,5,0,2,0,2,364
Pune,VILLAGE,Hadsar,Rural,333,1538,815,145,541,3,16,52,53,0,5,723
Pune,VILLAGE,Godre,Rural,446,2005,1220,571,315,5,80,203,34,0,12,785
Pune,VILLAGE,Alame,Rural,397,2269,1107,563,399,0,41,54,50,0,0,1162
Pune,VILLAGE,Ballalwadi,Rural,559,2370,1399,785,477,37,84,7,7,1,1,971
Pune,VILLAGE,Pangari Tarf Otur,Rural,137,701,393,58,277,0,54,1,3,0,0,308
Pune,VILLAGE,Netwad,Rural,156,669,396,293,43,0,20,32,7,0,1,273
Pune,VILLAGE,Malwadi,Rural,246,1144,687,619,19,1,41,1,3,0,3,457
Pune,VILLAGE,Tejewadi,Rural,347,1702,931,512,265,3,132,1,3,1,14,771
Pune,VILLAGE,Shiroli Kh,Rural,356,1614,817,560,127,8,51,8,33,1,29,797
Pune,VILLAGE,Kumshet,Rural,296,1254,693,344,303,1,37,2,2,0,4,561
Pune,VILLAGE,Golegaon,Rural,641,3190,1877,696,958,33,163,9,12,1,5,1313
Pune,VILLAGE,Hatban,Rural,0,0,0,0,0,0,0,0,0,0,0,0
Pune,VILLAGE,Pimpalgaon Siddhanath,Rural,325,1639,895,526,251,3,100,7,4,0,4,744
Pune,VILLAGE,Aldare,Rural,346,1416,880,357,374,9,48,25,44,4,19,536
Pune,VILLAGE,Khamgaon,Rural,583,2595,1317,431,744,7,122,3,6,0,4,1278
Pune,VILLAGE,Rajur,Rural,275,1188,739,456,241,2,40,0,0,0,0,449
Pune,VILLAGE,Kewadi,Rural,160,741,455,105,162,1,28,4,154,0,1,286
Pune,VILLAGE,Chawand,Rural,229,1208,640,401,77,3,36,15,89,4,15,568
Pune,VILLAGE,Pur,Rural,116,524,306,295,5,0,3,0,3,0,0,218
Pune,VILLAGE,Shiroli Tarf Kukadneher,Rural,113,573,370,359,3,0,2,2,1,0,3,203
Pune,VILLAGE,Manikdoh,Rural,169,784,480,139,297,2,10,19,7,1,5,304
Pune,VILLAGE,Amboli,Rural,232,1096,728,537,175,0,8,4,3,1,0,368
Pune,VILLAGE,Uchhil,Rural,247,1158,705,514,49,4,20,89,18,1,10,453
Pune,VILLAGE,Mankeshwar,Rural,139,681,337,240,63,3,31,0,0,0,0,344
Pune,VILLAGE,Tejur,Rural,247,1244,760,255,481,0,11,1,11,0,1,484
Pune,VILLAGE,Keli,Rural,112,524,312,285,7,5,5,1,8,1,0,212
Pune,VILLAGE,Aptale,Rural,223,1144,666,562,26,14,58,3,2,0,1,478
Pune,VILLAGE,Nirgude,Rural,522,2453,1368,537,336,9,115,166,189,0,16,1085
Pune,VILLAGE,Khamgaon,Rural,279,1545,892,330,171,21,39,228,48,13,42,653
Pune,VILLAGE,Surale,Rural,185,882,502,237,196,4,58,4,1,0,2,380
Pune,VILLAGE,Wanewadi,Rural,84,371,205,138,22,1,31,0,6,0,7,166
Pune,VILLAGE,Dhalewadi Tarf Minher,Rural,113,558,375,120,3,2,17,179,44,4,6,183
Pune,VILLAGE,Shivali,Rural,89,381,230,102,5,0,4,110,5,2,2,151
Pune,VILLAGE,Bhivade Bk.,Rural,144,626,411,175,32,1,1,114,86,0,2,215
Pune,VILLAGE,Bhivade Kh.,Rural,137,563,372,234,12,1,2,102,19,1,1,191
Pune,VILLAGE,Hatvij,Rural,129,542,349,125,85,0,9,76,40,0,14,193
Pune,VILLAGE,Ambe,Rural,120,624,307,122,3,0,6,165,9,0,2,317
Pune,VILLAGE,Ingaloon,Rural,283,1219,682,312,81,15,29,68,165,4,8,537
Pune,VILLAGE,Sonawale,Rural,225,1178,554,431,16,15,30,29,10,4,19,624
Pune,VILLAGE,Ghangaldare,Rural,194,923,490,362,99,0,5,24,0,0,0,433
Pune,VILLAGE,Shinde,Rural,99,505,273,229,26,1,14,1,0,1,1,232
Pune,VILLAGE,Ralegan,Rural,140,575,301,206,80,0,5,1,7,1,1,274
Pune,VILLAGE,Botarde,Rural,290,1436,887,420,426,6,27,5,3,0,0,549
Pune,VILLAGE,Belsar,Rural,198,777,398,185,162,3,34,11,1,0,2,379
Pune,VILLAGE,Kusur,Rural,594,2904,1723,703,812,14,111,40,27,2,14,1181
Pune,VILLAGE,Yenere,Rural,690,3081,2022,857,873,18,90,48,120,2,14,1059
Pune,VILLAGE,Kale,Rural,263,1238,719,232,339,7,19,17,104,0,1,519
Pune,VILLAGE,Datkhilwadi,Rural,242,1199,718,422,284,1,10,0,1,0,0,481
Pune,VILLAGE,Tambe,Rural,492,2240,1466,977,316,24,42,7,97,0,3,774
Pune,VILLAGE,Hivare Tarf Minher,Rural,119,477,364,318,11,0,1,24,8,0,2,113
Pune,VILLAGE,Pimparwadi,Rural,28,119,97,46,2,0,2,45,1,0,1,22
Pune,VILLAGE,Sukalwedhe,Rural,89,496,249,118,8,3,6,2,0,110,2,247
Pune,VILLAGE,Padali,Rural,439,2001,1311,492,421,19,173,124,54,7,21,690
Pune,VILLAGE,Somatwadi,Rural,253,1707,724,216,189,4,186,9,19,3,98,983
Pune,VILLAGE,Barav,Rural,914,4250,1491,121,54,27,1167,11,15,9,87,2759
Pune,VILLAGE,Amrapur,Rural,145,716,328,81,70,29,130,3,8,1,6,388
Pune,VILLAGE,Agar,Rural,350,1705,902,461,187,3,179,25,25,1,21,803
Pune,VILLAGE,Badshaha Talao,Rural,230,1132,568,163,133,33,186,5,10,20,18,564
Pune,VILLAGE,Hapus Baug,Rural,92,406,241,97,38,0,30,5,68,0,3,165
Pune,VILLAGE,Shiroli Bk,Rural,856,3926,2089,1172,590,41,238,14,10,4,20,1837
Pune,VILLAGE,Dhalewadi Tarf Haveli,Rural,1213,5175,2897,478,1920,4,474,5,15,0,1,2278
Pune,VILLAGE,Kuran,Rural,249,1097,644,448,164,5,25,0,0,1,1,453
Pune,VILLAGE,Khanapur,Rural,224,1220,621,370,163,0,77,3,0,2,6,599
Pune,VILLAGE,Dhamankhel,Rural,243,1077,579,348,108,6,97,8,4,0,8,498
Pune,VILLAGE,Baglohare,Rural,0,0,0,0,0,0,0,0,0,0,0,0
Pune,VILLAGE,Nimgaon Tarf Mahalunge,Rural,195,858,477,345,106,0,25,1,0,0,0,381
Pune,VILLAGE,Basti,Rural,258,1112,601,381,176,1,40,3,0,0,0,511
Pune,VILLAGE,Vadgaon Sahani,Rural,393,1840,1033,693,179,11,120,5,1,0,24,807
Pune,VILLAGE,Pimpalgaon T Narayangaon,Rural,539,2405,1418,906,288,5,194,13,3,0,9,987
Pune,VILLAGE,Arvi,Rural,539,2346,1341,593,477,45,201,2,12,3,8,1005
Pune,VILLAGE,Gunjalwadi,Rural,643,2906,1662,1090,341,20,176,12,6,1,16,1244
Pune,VILLAGE,Sawargaon,Rural,776,3185,1845,970,325,116,223,166,19,10,16,1340
Pune,VILLAGE,Nimdari,Rural,426,2005,1318,656,534,2,62,8,16,2,38,687
Pune,VILLAGE,Vadaj,Rural,566,2753,1649,1088,416,12,99,17,6,2,9,1104
Pune,VILLAGE,Katede,Rural,195,902,396,121,252,0,20,2,1,0,0,506
Pune,VILLAGE,Buchakewadi,Rural,329,1564,931,412,496,1,18,2,1,0,1,633
Pune,VILLAGE,Parunde,Rural,503,2212,1156,448,494,12,86,7,65,1,43,1056
Pune,VILLAGE,Chincholi,Rural,432,1952,917,620,174,3,76,6,20,1,17,1035
Pune,VILLAGE,Khilarwadi,Rural,131,479,280,150,100,5,23,0,1,1,0,199
Pune,VILLAGE,Bhorwadi,Rural,138,688,369,142,52,3,24,24,119,1,4,319
Pune,VILLAGE,Ozar,Rural,280,1233,579,213,62,8,242,10,22,1,21,654
Pune,VILLAGE,Vighnahat,Rural,403,1777,1019,481,362,2,173,0,1,0,0,758
Pune,VILLAGE,Hivare Bk,Rural,490,2252,1138,496,435,9,191,0,4,3,0,1114
Pune,VILLAGE,Dhangarwadi,Rural,561,2306,1414,313,891,1,190,1,12,0,6,892
Pune,VILLAGE,Yedgaon,Rural,806,3766,2328,1380,662,4,242,4,2,8,26,1438
Pune,VILLAGE,Vaishakh Khede,Rural,172,835,466,188,240,0,37,0,0,0,1,369
Pune,VILLAGE,Bhorwadi,Rural,418,1921,1046,623,259,0,164,0,0,0,0,875
Pune,VILLAGE,Kandali,Rural,625,2814,1407,861,236,13,245,22,18,5,7,1407
Pune,VILLAGE,Vadgaon Kandali,Rural,842,4030,2046,1360,379,11,274,6,10,0,6,1984
Pune,VILLAGE,Nagadwadi,Rural,645,3003,1701,1004,468,6,188,16,10,3,6,1302
Pune,VILLAGE,Narayangaon,Rural,4691,20456,8945,2199,1418,231,4543,76,90,57,331,11511
Pune,VILLAGE,Warulwadi,Rural,2799,12401,5793,1635,1396,105,2433,107,37,8,72,6608
Pune,VILLAGE,Hivare Tarf Narayangaon,Rural,870,4350,2644,1548,740,26,263,32,22,4,9,1706
Pune,VILLAGE,Bori Kh.,Rural,546,2652,1680,1044,206,35,96,272,11,3,13,972
Pune,VILLAGE,Shiroli T Ale,Rural,507,2244,1401,792,334,3,213,18,21,0,20,843
Pune,VILLAGE,Sultanpur,Rural,272,1280,768,550,92,10,116,0,0,0,0,512
Pune,VILLAGE,Khodad,Rural,920,4188,2486,1528,542,32,325,5,6,0,48,1702
Pune,VILLAGE,Manjarwadi,Rural,610,3010,1614,979,280,24,177,27,75,16,36,1396
Pune,VILLAGE,Nalawane,Rural,426,1755,991,678,220,1,89,1,1,1,0,764
Pune,VILLAGE,Shindewadi,Rural,346,1798,1109,858,132,21,75,15,6,1,1,689
Pune,VILLAGE,Pemdara,Rural,318,1714,1010,676,92,16,46,138,6,16,20,704
Pune,VILLAGE,Ane,Rural,736,3794,1723,823,350,21,372,71,13,25,48,2071
Pune,VILLAGE,Unchkhadakwadi,Rural,221,986,612,440,126,2,42,0,1,0,1,374
Pune,VILLAGE,Rajuri,Rural,2063,9411,4570,2604,816,66,975,36,28,9,36,4841
Pune,VILLAGE,Bori Bk.,Rural,1139,5450,3080,1865,677,132,295,70,6,4,31,2370
Pune,VILLAGE,Tambewadi,Rural,135,667,228,152,56,0,20,0,0,0,0,439
Pune,VILLAGE,Gunjalwadi,Rural,351,1794,981,681,160,4,124,7,3,1,1,813
Pune,VILLAGE,Bangarwadi,Rural,302,1410,910,564,242,0,35,31,30,0,8,500
Pune,VILLAGE,Anandwadi,Rural,106,501,279,123,121,2,21,2,9,0,1,222
Pune,VILLAGE,Gulunchwadi,Rural,548,2626,1526,688,592,33,173,8,8,1,23,1100
Pune,VILLAGE,Belhe,Rural,1568,8005,3913,1456,1289,134,895,25,44,6,64,4092
Pune,VILLAGE,Yadavwadi,Rural,85,424,237,129,77,1,26,1,1,1,1,187
Pune,VILLAGE,Kombadwadi,Rural,90,389,199,127,49,0,23,0,0,0,0,190
Pune,VILLAGE,Jadhav Wadi,Rural,280,1358,863,668,113,4,56,7,14,0,1,495
Pune,VILLAGE,Sakori T Belhe,Rural,687,3404,1893,1480,224,38,135,7,4,0,5,1511
Pune,VILLAGE,Ranmalawadi,Rural,262,1265,558,403,82,2,64,1,0,0,6,707
Pune,VILLAGE,Nimgaon Sawa,Rural,1038,5106,2892,1785,683,20,198,17,185,0,4,2214
Pune,VILLAGE,Aurangpur,Rural,253,1317,812,688,92,5,22,5,0,0,0,505
Pune,VILLAGE,Mangrul,Rural,505,2445,1300,923,222,14,126,2,12,0,1,1145
Pune,VILLAGE,Zap,Rural,249,1270,711,520,145,0,30,7,8,0,1,559
Pune,VILLAGE,Pargaon Tarf Ale,Rural,743,3872,2109,1397,491,16,174,6,19,1,5,1763
Pune,VILLAGE,Pimpri Kawala,Rural,151,812,488,419,60,4,5,0,0,0,0,324
Pune,CD BLOCK,Ambegaon,Rural,46130,217096,120261,72593,21877,1368,15574,2962,3774,304,1809,96835
Pune,VILLAGE,Ahupe,Rural,182,1107,502,480,0,0,10,10,1,0,1,605
Pune,VILLAGE,Pimpargane,Rural,81,427,224,189,25,1,7,1,1,0,0,203
Pune,VILLAGE,Aghane,Rural,21,144,43,43,0,0,0,0,0,0,0,101
Pune,VILLAGE,Don,Rural,84,439,244,229,7,0,8,0,0,0,0,195
Pune,VILLAGE,Tirpad,Rural,92,462,211,187,10,0,9,1,3,0,1,251
Pune,VILLAGE,Asane,Rural,212,1068,396,306,21,0,60,3,3,0,3,672
Pune,VILLAGE,Menubarwadi,Rural,59,230,146,139,5,1,1,0,0,0,0,84
Pune,VILLAGE,Malin,Rural,165,704,329,257,44,0,25,0,2,0,1,375
Pune,VILLAGE,Adivare,Rural,116,429,220,131,20,1,47,5,8,1,7,209
Pune,VILLAGE,Borghar,Rural,452,2102,1228,952,145,10,73,21,24,0,3,874
Pune,VILLAGE,Varasawane,Rural,29,140,88,85,1,0,2,0,0,0,0,52
Pune,VILLAGE,Panchale Bk.,Rural,61,246,169,149,4,11,2,1,2,0,0,77
Pune,VILLAGE,Panchale Kh.,Rural,35,151,94,92,0,0,0,1,0,0,1,57
Pune,VILLAGE,Kondhare,Rural,49,258,158,56,14,2,17,22,11,2,34,100
Pune,VILLAGE,Amade,Rural,54,242,126,53,25,1,11,9,8,0,19,116
Pune,VILLAGE,Nanavade,Rural,105,555,304,295,0,0,2,6,0,0,1,251
Pune,VILLAGE,Nhaved,Rural,64,346,189,77,10,3,6,6,77,2,8,157
Pune,VILLAGE,Patan,Rural,39,212,115,50,23,1,1,2,32,2,4,97
Pune,VILLAGE,Mahalunge Tarf Ambegaon,Rural,20,89,61,27,1,0,0,2,31,0,0,28
Pune,VILLAGE,Kushire Bk.,Rural,51,192,134,65,16,0,4,0,49,0,0,58
Pune,VILLAGE,Kushire Kh.,Rural,66,340,203,105,6,0,7,3,82,0,0,137
Pune,VILLAGE,Digad,Rural,27,112,65,41,3,1,2,4,13,0,1,47
Pune,VILLAGE,Vachape,Rural,36,141,61,23,14,5,18,0,0,0,1,80
Pune,VILLAGE,Ambegaon,Rural,15,65,38,5,14,0,19,0,0,0,0,27
Pune,VILLAGE,Phulvade,Rural,343,1859,818,666,36,2,50,15,21,5,23,1041
Pune,VILLAGE,Mahalunge Tarf Ghoda,Rural,56,254,178,165,3,0,0,10,0,0,0,76
Pune,VILLAGE,Dimbhe Bk.,Rural,153,748,457,172,229,1,55,0,0,0,0,291
Pune,VILLAGE,Koltavade,Rural,64,319,243,233,3,1,3,2,0,0,1,76
Pune,VILLAGE,Kalambai,Rural,3,24,13,13,0,0,0,0,0,0,0,11
Pune,VILLAGE,Jambhori,Rural,269,1228,741,723,0,3,10,2,0,0,3,487
Pune,VILLAGE,Nandurkichi Wadi,Rural,138,640,361,343,6,0,11,1,0,0,0,279
Pune,VILLAGE,Magholi,Rural,28,148,85,75,8,0,2,0,0,0,0,63
Pune,VILLAGE,Savarli,Rural,28,133,71,63,3,0,4,0,1,0,0,62
Pune,VILLAGE,Sakeri,Rural,52,274,146,141,1,1,1,2,0,0,0,128
Pune,VILLAGE,Kondhaval,Rural,148,836,430,387,23,3,9,5,2,0,1,406
Pune,VILLAGE,Nigdale,Rural,175,790,422,277,55,3,59,4,0,0,24,368
Pune,VILLAGE,Terungan,Rural,48,427,126,42,9,0,20,29,24,0,2,301
Pune,VILLAGE,Pimpari,Rural,71,399,106,95,6,0,3,1,0,0,1,293
Pune,VILLAGE,Rajpur,Rural,150,642,384,146,20,2,38,5,172,0,1,258
Pune,VILLAGE,Gadewadi,Rural,93,687,221,112,5,0,11,91,1,1,0,466
Pune,VILLAGE,Phalode,Rural,88,464,230,120,31,0,4,72,3,0,0,234
Pune,VILLAGE,Tale Ghar,Rural,228,1073,480,243,19,34,56,93,26,2,7,593
Pune,VILLAGE,Chikhali,Rural,173,776,482,273,15,2,97,11,5,1,78,294
Pune,VILLAGE,Pokhari,Rural,298,1480,692,579,29,0,48,31,5,0,0,788
Pune,VILLAGE,Rajewadi,Rural,180,852,488,141,157,22,132,4,3,1,28,364
Pune,VILLAGE,Gohe Kh.,Rural,216,1060,670,615,33,1,19,2,0,0,0,390
Pune,VILLAGE,Mapoli,Rural,53,238,63,54,4,0,3,0,1,0,1,175
Pune,VILLAGE,Gohe Bk.,Rural,600,3010,1566,996,289,18,122,25,46,0,70,1444
Pune,VILLAGE,Dimbhe Kh.,Rural,179,758,465,124,166,19,127,11,6,0,12,293
Pune,VILLAGE,Supedhar,Rural,149,687,429,245,53,12,117,0,0,0,2,258
Pune,VILLAGE,Apati,Rural,35,164,104,101,0,0,1,0,0,0,2,60
Pune,VILLAGE,Gangapur Kh.,Rural,339,1566,826,649,71,11,48,10,30,4,3,740
Pune,VILLAGE,Amondi,Rural,436,2051,1212,632,249,8,32,117,136,6,32,839
Pune,VILLAGE,Falakewadi,Rural,96,355,224,193,11,3,11,2,3,0,1,131
Pune,VILLAGE,Girawali,Rural,456,2179,952,776,125,2,41,4,1,0,3,1227
Pune,VILLAGE,Ramwadi,Rural,85,440,284,266,2,1,8,5,0,0,2,156
Pune,VILLAGE,Thakar Wadi,Rural,427,2235,1434,563,818,0,26,4,5,0,18,801
Pune,VILLAGE,Pimpalgaon Tarf Ghoda,Rural,299,1237,694,396,194,1,89,7,7,0,0,543
Pune,VILLAGE,Pokharkarwadi,Rural,151,728,498,177,186,2,5,13,98,1,16,230
Pune,VILLAGE,Gangapur Bk.,Rural,467,2033,1212,809,97,32,77,6,169,6,16,821
Pune,VILLAGE,Chaptewadi kanas,Rural,109,453,208,66,115,0,8,0,18,0,1,245
Pune,VILLAGE,Kanase,Rural,273,1164,661,390,202,3,23,2,39,0,2,503
Pune,VILLAGE,Shinoli,Rural,869,3802,1989,516,574,58,405,49,295,33,59,1813
Pune,VILLAGE,Phaladewadi Ugalewadi,Rural,311,1261,799,552,216,0,12,6,13,0,0,462
Pune,VILLAGE,Talekar Wadi,Rural,124,522,333,231,66,4,15,12,2,0,3,189
Pune,VILLAGE,Sal,Rural,199,762,399,240,77,2,61,10,2,0,7,363
Pune,VILLAGE,Ghodegaon,Rural,1917,8591,3990,1133,746,104,1620,152,61,10,164,4601
Pune,VILLAGE,Koldara Gonawadi,Rural,232,965,570,242,193,9,31,14,75,2,4,395
Pune,VILLAGE,Dhondmal Shindewadi,Rural,272,1152,634,366,130,2,119,2,9,0,6,518
Pune,VILLAGE,Chincholi,Rural,287,1311,702,304,229,7,148,3,6,0,5,609
Pune,VILLAGE,Kadewadi,Rural,149,670,450,331,111,0,6,0,0,0,2,220
Pune,VILLAGE,Chas,Rural,504,2345,1222,724,342,15,119,9,2,1,10,1123
Pune,VILLAGE,Narodi,Rural,728,3376,1719,1163,250,9,193,32,32,9,31,1657
Pune,VILLAGE,Chinchodi,Rural,114,510,324,96,37,0,61,33,28,0,69,186
Pune,VILLAGE,Ambedara,Rural,140,611,421,90,317,1,13,0,0,0,0,190
Pune,VILLAGE,Dhakale,Rural,140,636,441,212,48,5,44,33,68,5,26,195
Pune,VILLAGE,Gawarwadi,Rural,79,287,182,95,32,0,33,10,5,0,7,105
Pune,VILLAGE,Kalewadi Darekarwadi,Rural,434,2007,887,373,145,16,289,13,10,6,35,1120
Pune,VILLAGE,Kolwadi Kotamdara,Rural,371,1749,1032,537,349,1,57,39,33,1,15,717
Pune,VILLAGE,Pinglewadi Landewadi,Rural,238,1036,622,442,121,4,44,3,5,1,2,414
Pune,VILLAGE,Shewalwadi landewadi,Rural,859,4083,2174,1286,369,18,477,4,3,1,16,1909
Pune,VILLAGE,Malawadi,Rural,285,1373,789,631,89,2,64,3,0,0,0,584
Pune,VILLAGE,Thakarwadi,Rural,152,675,380,132,157,7,65,8,7,3,1,295
Pune,VILLAGE,Mahalunge Padawal,Rural,778,3483,1873,857,306,48,157,242,164,77,22,1610
Pune,VILLAGE,Vitthalwadi,Rural,185,797,451,309,63,5,53,6,9,0,6,346
Pune,VILLAGE,Takewadi,Rural,224,1024,609,293,276,0,34,5,0,0,1,415
Pune,VILLAGE,Sakore,Rural,326,1550,918,624,136,2,144,3,2,0,7,632
Pune,VILLAGE,Nandur,Rural,250,1127,640,372,167,3,93,3,0,0,2,487
Pune,VILLAGE,Kalamb,Rural,1220,5861,2931,1577,663,12,594,17,30,5,33,2930
Pune,VILLAGE,Lauki,Rural,202,924,530,386,94,3,45,0,1,0,1,394
Pune,VILLAGE,Chandoli Bk.,Rural,818,3859,2295,1541,452,25,213,31,18,2,13,1564
Pune,VILLAGE,Khadaki,Rural,598,3065,1613,929,192,20,149,51,249,3,20,1452
Pune,VILLAGE,Thorandale,Rural,382,1813,1021,829,78,11,67,4,23,1,8,792
Pune,VILLAGE,Ranjani,Rural,783,3800,2066,1251,426,54,300,17,12,1,5,1734
Pune,VILLAGE,Jadhavwadi (Ranjani),Rural,201,1057,703,569,48,8,44,24,7,1,2,354
Pune,VILLAGE,Nagapur,Rural,370,1887,1361,958,161,8,23,167,40,0,4,526
Pune,VILLAGE,Valati,Rural,697,3585,2240,1486,352,90,159,99,22,15,17,1345
Pune,VILLAGE,Bhagadi,Rural,136,640,399,226,66,4,35,49,19,0,0,241
Pune,VILLAGE,Shingave,Rural,873,4083,2515,1931,274,10,275,8,14,0,3,1568
Pune,VILLAGE,Vadgaon Kashimbeg,Rural,561,2617,1488,980,238,34,218,3,5,0,10,1129
Pune,VILLAGE,Sultanpur,Rural,68,357,211,144,64,0,3,0,0,0,0,146
Pune,VILLAGE,Eklahare,Rural,414,2054,882,407,233,1,170,8,57,0,6,1172
Pune,VILLAGE,Chandoli Kh.,Rural,387,1843,947,545,139,6,212,21,5,1,18,896
Pune,VILLAGE,Mordewadi,Rural,711,2965,1370,475,172,11,693,1,7,0,11,1595
Pune,VILLAGE,Walunjwadi,Rural,200,1026,614,241,17,1,105,39,145,0,66,412
Pune,VILLAGE,Nighutwadi,Rural,959,4709,2381,836,148,44,685,146,422,31,69,2328
Pune,VILLAGE,Kurwandi,Rural,512,2435,1475,1242,101,17,82,12,4,1,16,960
Pune,VILLAGE,Kolharwadi,Rural,142,735,436,352,62,3,18,1,0,0,0,299
Pune,VILLAGE,Thugaon,Rural,210,1119,645,577,23,6,30,4,2,0,3,474
Pune,VILLAGE,Bhawadi,Rural,273,1308,808,683,49,18,51,5,1,0,1,500
Pune,VILLAGE,Shewalwadi,Rural,325,1572,924,375,298,8,218,1,2,2,20,648
Pune,VILLAGE,Karegaon,Rural,284,1454,848,681,87,2,68,8,1,0,1,606
Pune,VILLAGE,Peth,Rural,1116,5415,3035,1712,410,35,773,47,29,3,26,2380
Pune,VILLAGE,Shriramnagar,Rural,72,380,281,86,3,1,8,175,7,0,1,99
Pune,VILLAGE,Tamblemala,Rural,227,1145,691,522,55,2,31,51,22,0,8,454
Pune,VILLAGE,Pimpalgaon Tarf Mahalunge,Rural,932,4924,2747,2106,312,6,290,23,4,1,5,2177
Pune,VILLAGE,Vachalmala,Rural,215,974,654,469,62,0,81,29,4,0,9,320
Pune,VILLAGE,Shindemala,Rural,274,1296,868,775,36,0,56,1,0,0,0,428
Pune,VILLAGE,Awasari Kh,Rural,966,4441,2319,1444,134,41,435,25,28,12,200,2122
Pune,VILLAGE,Bhorwadi,Rural,241,1052,552,313,113,6,76,10,24,0,10,500
Pune,VILLAGE,Khadakamala,Rural,225,987,592,449,59,2,79,1,0,0,2,395
Pune,VILLAGE,Pargaon Tarf Khed,Rural,674,3504,2044,1549,292,10,175,6,5,1,6,1460
Pune,VILLAGE,Bharadi,Rural,363,1841,1103,706,118,2,60,49,166,1,1,738
Pune,VILLAGE,Jawale,Rural,325,1530,880,599,187,3,51,28,9,0,3,650
Pune,VILLAGE,Nirgoodsar,Rural,1076,4999,2824,1473,729,18,424,63,96,5,16,2175
Pune,VILLAGE,Awasari Bk.,Rural,1340,6267,3345,1806,760,63,615,28,31,7,35,2922
Pune,VILLAGE,Gavdewadi,Rural,569,2572,1520,908,472,5,93,19,16,0,7,1052
Pune,VILLAGE,Tavharewadi,Rural,218,1032,600,374,106,57,40,6,7,1,9,432
Pune,VILLAGE,Mengadewadi,Rural,370,1764,1060,842,104,4,67,22,5,1,15,704
Pune,VILLAGE,Pargaon Tarf Awasari Bk.,Rural,1400,6487,3668,1220,1697,78,552,61,29,3,28,2819
Pune,VILLAGE,Jarkarwadi,Rural,711,3258,2038,1517,239,11,166,79,17,2,7,1220
Pune,VILLAGE,Kathapur Bk.,Rural,421,2075,1182,881,192,7,57,26,11,1,7,893
Pune,VILLAGE,Devgaon,Rural,182,832,525,342,131,0,38,6,3,0,5,307
Pune,VILLAGE,Lakhangaon,Rural,394,2024,1107,540,476,6,81,0,1,0,3,917
Pune,VILLAGE,Pondewadi,Rural,344,1498,873,618,83,0,78,19,32,3,40,625
Pune,VILLAGE,Pahaddara,Rural,182,795,365,164,185,2,7,2,4,0,1,430
Pune,VILLAGE,Khadakwadi,Rural,398,1910,1080,581,394,9,66,7,20,1,2,830
Pune,VILLAGE,Dhamani,Rural,673,2814,1634,1082,177,36,203,72,44,7,13,1180
Pune,VILLAGE,Ranmala,Rural,244,1092,706,472,159,3,61,3,6,0,2,386
Pune,VILLAGE,Shirdale ,Rural,66,292,98,76,11,0,7,0,0,0,4,194
Pune,VILLAGE,Loni,Rural,635,2599,1366,559,427,19,306,5,10,8,32,1233
Pune,VILLAGE,Vadgaon Pir,Rural,319,1381,677,463,68,0,77,5,58,1,5,704
Pune,VILLAGE,Mondalewadi,Rural,194,831,550,476,22,0,6,1,0,0,45,281
Pune,CD BLOCK,Shirur,Rural,66309,321644,175546,104318,26863,2290,34386,2734,2005,434,2516,146098
Pune,VILLAGE,Kathapur Kh.,Rural,220,1155,706,570,118,0,15,1,1,0,1,449
Pune,VILLAGE,Pimparkhed,Rural,877,4318,2489,1437,781,57,160,4,33,6,11,1829
Pune,VILLAGE,Jambut,Rural,722,3448,1949,1324,144,31,320,101,20,1,8,1499
Pune,VILLAGE,Saradwadi,Rural,199,1071,685,625,25,5,25,3,2,0,0,386
Pune,VILLAGE,Chandoh,Rural,366,1741,973,818,108,4,38,3,2,0,0,768
Pune,VILLAGE,Fakate,Rural,313,1426,831,627,90,19,69,1,1,2,22,595
Pune,VILLAGE,Vadner Kh.,Rural,406,2107,1186,751,266,34,65,8,44,9,9,921
Pune,VILLAGE,Takali Haji,Rural,1159,5952,3291,2109,705,56,366,26,22,1,6,2661
Pune,VILLAGE,Malwadi,Rural,248,1281,755,603,125,1,23,3,0,0,0,526
Pune,VILLAGE,Sawlewadi,Rural,176,997,562,531,21,0,7,2,1,0,0,435
Pune,VILLAGE,Nimgaon Dude,Rural,353,1791,1170,914,120,16,71,9,27,5,8,621
Pune,VILLAGE,Kawathe,Rural,1392,7184,4004,2804,722,50,397,12,9,2,8,3180
Pune,VILLAGE,Echakewadi,Rural,126,604,364,293,25,0,27,17,2,0,0,240
Pune,VILLAGE,Savindane,Rural,815,3996,2365,1699,437,48,169,1,2,2,7,1631
Pune,VILLAGE,Munjalwadi,Rural,238,1366,830,784,30,4,10,2,0,0,0,536
Pune,VILLAGE,Ravadewadi,Rural,206,1090,636,511,109,1,15,0,0,0,0,454
Pune,VILLAGE,Dongargan,Rural,196,1079,560,435,96,1,23,2,3,0,0,519
Pune,VILLAGE,Mhase Bk.,Rural,232,1177,618,444,98,3,62,5,3,0,3,559
Pune,VILLAGE,Amdabad,Rural,417,2074,1240,675,288,10,102,22,99,8,36,834
Pune,VILLAGE,Malthan,Rural,896,4714,2541,1762,234,51,369,41,33,10,41,2173
Pune,VILLAGE,Lakhewadi,Rural,220,1022,661,302,62,30,52,206,0,6,3,361
Pune,VILLAGE,Midgulwadi,Rural,201,926,615,493,47,0,66,0,0,4,5,311
Pune,VILLAGE,Thapewadi Pimpalwadi,Rural,326,1559,986,753,43,10,116,46,9,0,9,573
Pune,VILLAGE,Malwadi Agarkarwadi,Rural,143,642,362,233,31,1,88,1,1,1,6,280
Pune,VILLAGE,Futanwadi Akharimal,Rural,278,1264,701,557,39,2,102,0,0,0,1,563
Pune,VILLAGE,Pabal,Rural,860,3857,1743,858,98,59,633,8,43,5,39,2114
Pune,VILLAGE,Zodagewadi,Rural,195,856,521,355,57,1,100,2,4,0,2,335
Pune,VILLAGE,Choudhar Bend,Rural,168,902,554,439,33,1,79,1,1,0,0,348
Pune,VILLAGE,Khaire Nagad,Rural,278,1261,756,617,43,2,88,3,2,0,1,505
Pune,VILLAGE,Kanhur mesai,Rural,830,4028,2265,1587,240,48,297,27,26,14,26,1763
Pune,VILLAGE,Shastabad,Rural,92,403,236,158,10,1,50,12,3,0,2,167
Pune,VILLAGE,Chincholi,Rural,355,1698,1104,978,27,7,69,4,0,3,16,594
Pune,VILLAGE,Khairewadi,Rural,184,965,605,462,45,15,78,2,0,0,3,360
Pune,VILLAGE,Dhamari,Rural,817,3909,2428,1733,327,32,299,9,20,1,7,1481
Pune,VILLAGE,Thitewadi,Rural,184,827,435,334,41,1,53,0,3,0,3,392
Pune,VILLAGE,Mahadeo Wadi,Rural,291,1432,928,720,21,7,142,7,11,0,20,504
Pune,VILLAGE,Kendur,Rural,1030,4864,2689,1584,517,37,447,18,17,3,66,2175
Pune,VILLAGE,Sukrewadi,Rural,138,747,345,282,26,1,36,0,0,0,0,402
Pune,VILLAGE,Parhadwadi,Rural,157,840,472,306,132,0,29,1,1,1,2,368
Pune,VILLAGE,Karandi,Rural,1084,5248,3303,2389,349,7,432,100,8,3,15,1945
Pune,VILLAGE,Mukhai,Rural,533,2635,1466,978,192,24,120,9,123,7,13,1169
Pune,VILLAGE,Hivare,Rural,439,2126,1277,812,82,18,205,98,29,16,17,849
Pune,VILLAGE,Pimpale Khalsa,Rural,399,2010,1183,876,143,2,156,3,1,0,2,827
Pune,VILLAGE,Jategaon Bk.,Rural,508,2787,1555,1096,153,11,227,12,14,10,32,1232
Pune,VILLAGE,Jategaon Kh.,Rural,398,1835,1158,760,262,0,129,0,2,0,5,677
Pune,VILLAGE,Shingadwadi,Rural,187,1093,645,570,10,25,32,2,4,0,2,448
Pune,VILLAGE,Varude,Rural,282,1431,949,840,49,20,32,3,2,2,1,482
Pune,VILLAGE,Waghale,Rural,400,2111,1331,1089,130,1,99,2,1,1,8,780
Pune,VILLAGE,Sone Sangavi,Rural,446,2290,1285,782,184,5,242,20,11,2,39,1005
Pune,VILLAGE,Nimgaon Bhogi,Rural,330,1645,991,688,94,2,192,7,0,0,8,654
Pune,VILLAGE,Annapur,Rural,681,3516,1922,1144,390,16,256,17,29,0,70,1594
Pune,VILLAGE,Shirur,Rural,1480,6646,2837,767,361,45,1438,29,58,2,137,3809
Pune,VILLAGE,Kardilwadi,Rural,296,1634,921,418,234,1,172,26,18,0,52,713
Pune,VILLAGE,Saradwadi,Rural,486,2270,1049,477,98,3,356,48,51,0,16,1221
Pune,VILLAGE,Tardobachiwadi,Rural,642,3010,1465,631,365,29,416,8,12,1,3,1545
Pune,VILLAGE,Golegaon,Rural,496,2244,1272,879,283,3,91,2,4,0,10,972
Pune,VILLAGE,Karegaon,Rural,1245,5257,2152,516,45,48,1472,7,4,4,56,3105
Pune,VILLAGE,Dhok Sangavi,Rural,647,2987,1553,739,249,10,508,8,8,0,31,1434
Pune,VILLAGE,Pimpari Dumala,Rural,190,1010,643,522,67,2,42,3,7,0,0,367
Pune,VILLAGE,Ganegaon Khalsa,Rural,465,2327,1317,924,232,2,155,1,1,0,2,1010
Pune,VILLAGE,Burunjwadi,Rural,235,1184,676,505,63,6,101,1,0,0,0,508
Pune,VILLAGE,Khandale,Rural,366,1831,1089,733,101,31,181,9,6,1,27,742
Pune,VILLAGE,Ranjangaon Ganpati,Rural,3179,13427,7212,1931,215,111,4753,30,13,10,149,6215
Pune,VILLAGE,Babhulsar Kh.,Rural,360,1792,913,446,98,20,333,0,2,2,12,879
Pune,VILLAGE,Bhambarde,Rural,325,1644,1055,887,64,5,90,1,1,0,7,589
Pune,VILLAGE,Karanjawane,Rural,340,1589,1074,854,100,8,79,29,0,0,4,515
Pune,VILLAGE,Rautwadi,Rural,184,889,542,485,15,1,38,3,0,0,0,347
Pune,VILLAGE,Kondhapuri,Rural,695,3091,1352,612,168,24,484,9,14,0,41,1739
Pune,VILLAGE,Nimgaon Mhalungi,Rural,953,4784,2574,1600,398,36,455,16,21,3,45,2210
Pune,VILLAGE,Kasari,Rural,504,2659,1516,859,303,13,307,11,11,3,9,1143
Pune,VILLAGE,Shikrapur,Rural,4670,19374,7983,2288,504,128,4805,39,25,10,184,11391
Pune,VILLAGE,Pimpale Jagtap,Rural,685,3378,1725,802,249,19,594,6,22,2,31,1653
Pune,VILLAGE,Wajewadi,Rural,376,1884,1202,996,91,3,91,17,3,0,1,682
Pune,VILLAGE,Apti,Rural,280,1378,699,306,81,17,139,4,11,111,30,679
Pune,VILLAGE,Wadhu Bk.,Rural,1056,5700,3083,1772,131,149,840,114,23,13,41,2617
Pune,VILLAGE,Dingrajwadi,Rural,239,1417,846,515,28,10,186,50,5,2,50,571
Pune,VILLAGE,Darekarwadi,Rural,254,1216,659,506,22,6,119,3,2,1,0,557
Pune,VILLAGE,Talegaon Dhamdhere,Rural,3205,15393,7666,3474,821,166,2729,165,95,23,193,7727
Pune,VILLAGE,Takali Bhima,Rural,581,2885,1700,979,541,12,149,13,3,0,3,1185
Pune,VILLAGE,Vitthalwadi,Rural,662,3256,1773,1002,530,10,162,45,14,5,5,1483
Pune,VILLAGE,Dhanore,Rural,387,1981,1241,802,319,0,118,2,0,0,0,740
Pune,VILLAGE,Karade,Rural,780,3638,2126,1166,333,40,395,57,86,11,38,1512
Pune,VILLAGE,Chavhanwadi,Rural,268,1442,803,676,28,0,96,3,0,0,0,639
Pune,VILLAGE,Motewadi,Rural,111,610,304,271,23,0,8,0,2,0,0,306
Pune,VILLAGE,Nimone,Rural,993,4862,2943,2107,393,42,237,81,32,10,41,1919
Pune,VILLAGE,Ambale,Rural,730,3627,2200,1368,398,38,370,10,8,1,7,1427
Pune,VILLAGE,Dahiwadi,Rural,270,1356,814,595,100,15,92,9,2,1,0,542
Pune,VILLAGE,Parodi,Rural,217,1201,587,346,89,0,132,5,5,0,10,614
Pune,VILLAGE,Shivtakrar Mahalungi,Rural,90,494,295,218,28,3,41,0,4,0,1,199
Pune,VILLAGE,Uralgaon,Rural,632,3014,1791,1264,367,7,135,1,13,0,4,1223
Pune,VILLAGE,Arangaon,Rural,172,1010,586,489,50,1,46,0,0,0,0,424
Pune,VILLAGE,Alegaon Paga,Rural,625,3183,1835,1067,432,13,267,33,16,0,7,1348
Pune,VILLAGE,Nhavara,Rural,1561,7429,3905,2023,890,79,774,34,31,12,62,3524
Pune,VILLAGE,Kohakdewadi,Rural,392,1837,1081,673,277,7,65,11,3,11,34,756
Pune,VILLAGE,Rakshewadi,Rural,159,790,458,276,45,2,51,81,2,0,1,332
Pune,VILLAGE,Ranjangaon Sandas,Rural,743,4096,2365,1485,561,14,149,51,42,4,59,1731
Pune,VILLAGE,Shindodi,Rural,312,1444,591,320,115,5,110,0,0,2,39,853
Pune,VILLAGE,Chinchani,Rural,441,2107,1007,486,239,3,107,41,20,1,110,1100
Pune,VILLAGE,Gunat,Rural,541,2613,1231,529,546,17,91,11,27,1,9,1382
Pune,VILLAGE,Nirvi,Rural,541,2488,1523,1006,365,28,103,4,8,6,3,965
Pune,VILLAGE,Andhalgaon,Rural,329,1848,1088,829,207,4,39,1,6,0,2,760
Pune,VILLAGE,Nagargaon,Rural,607,3395,2051,1511,441,7,70,8,10,0,4,1344
Pune,VILLAGE,Kuruli,Rural,321,1388,756,366,145,8,127,78,28,1,3,632
Pune,VILLAGE,Kolgaon Dolas,Rural,208,967,535,374,138,0,22,1,0,0,0,432
Pune,VILLAGE,Shirasgaon Kata,Rural,802,3883,2285,1324,408,36,334,38,35,8,102,1598
Pune,VILLAGE,Dhumalwadi,Rural,135,721,459,378,32,2,45,0,1,0,1,262
Pune,VILLAGE,Pimpalsuti,Rural,368,1948,1187,671,131,29,124,58,123,28,23,761
Pune,VILLAGE,Inamgaon,Rural,1046,5311,2808,1593,826,15,236,56,23,4,55,2503
Pune,VILLAGE,Vadgaon Rasai,Rural,1206,6383,3316,1769,983,52,435,15,42,5,15,3067
Pune,VILLAGE,Sadalgaon,Rural,519,2635,1388,760,409,5,149,27,12,3,23,1247
Pune,VILLAGE,Mandavgan Farata,Rural,1962,9543,5217,2327,1657,77,556,306,241,6,47,4326
Pune,VILLAGE,Faradwadi,Rural,243,1216,722,499,118,2,50,25,9,1,18,494
Pune,VILLAGE,Bambhulsar Bk.,Rural,351,1805,977,486,237,3,96,82,47,0,26,828
Pune,VILLAGE,Ganegaon Dumala,Rural,474,2512,1434,1199,139,37,34,8,16,0,1,1078
Pune,VILLAGE,Tandali,Rural,686,3411,1863,1149,518,4,118,17,8,0,49,1548
Pune,CD BLOCK,Khed,Rural,66818,320782,170828,89163,24743,2932,38531,5238,4281,631,5309,149954
Pune,VILLAGE,Bhorgiri,Rural,200,851,500,55,372,2,69,1,1,0,0,351
Pune,VILLAGE,Bhivegaon,Rural,55,237,151,118,10,0,19,1,0,0,3,86
Pune,VILLAGE,Karkudi,Rural,69,364,221,2,164,3,4,1,45,1,1,143
Pune,VILLAGE,Mandoshi,Rural,172,743,485,412,51,12,6,1,0,2,1,258
Pune,VILLAGE,Naiphad,Rural,434,2078,1197,721,116,7,115,109,69,29,31,881
Pune,VILLAGE,Kharoshi,Rural,222,932,602,319,6,2,57,210,4,1,3,330
Pune,VILLAGE,Awhat,Rural,346,1631,964,596,15,0,94,156,69,5,29,667
Pune,VILLAGE,Valad,Rural,327,1407,869,480,185,9,53,90,37,5,10,538
Pune,VILLAGE,Wada,Rural,1225,5523,2395,1227,464,95,350,114,20,37,88,3128
Pune,VILLAGE,Darakwadi,Rural,110,519,303,158,14,0,112,3,5,0,11,216
Pune,VILLAGE,Kahu,Rural,72,289,168,85,67,0,5,9,2,0,0,121
Pune,VILLAGE,Koyali Tarf Wada,Rural,77,329,166,0,0,0,1,32,132,0,1,163
Pune,VILLAGE,Sakurdi,Rural,351,1672,1090,616,393,10,39,13,15,0,4,582
Pune,VILLAGE,Majgaon,Rural,55,271,168,67,75,1,24,0,1,0,0,103
Pune,VILLAGE,Tiphanwadi,Rural,71,315,195,93,84,0,15,1,0,2,0,120
Pune,VILLAGE,Surkundi,Rural,114,524,363,353,3,0,5,1,1,0,0,161
Pune,VILLAGE,Goregaon,Rural,140,653,424,206,177,0,8,11,20,1,1,229
Pune,VILLAGE,Kalmodi,Rural,117,511,309,224,23,2,7,35,18,0,0,202
Pune,VILLAGE,Dhamangaon Bk.,Rural,69,307,220,28,134,7,25,0,20,0,6,87
Pune,VILLAGE,Ekalahare,Rural,133,711,561,235,172,0,129,15,7,0,3,150
Pune,VILLAGE,Dehane,Rural,253,1136,697,131,242,43,117,1,87,25,51,439
Pune,VILLAGE,Wanjale,Rural,51,234,151,43,91,7,7,0,3,0,0,83
Pune,VILLAGE,Shendurli,Rural,100,492,138,95,0,0,41,2,0,0,0,354
Pune,VILLAGE,Dhamangaon Kh.,Rural,159,793,430,406,2,0,19,3,0,0,0,363
Pune,VILLAGE,Dhuoli,Rural,65,289,140,91,28,0,21,0,0,0,0,149
Pune,VILLAGE,Shirgaon,Rural,77,313,139,69,28,0,42,0,0,0,0,174
Pune,VILLAGE,Tokavade,Rural,165,871,482,328,116,0,14,8,16,0,0,389
Pune,VILLAGE,Bhomale,Rural,148,664,398,141,9,4,33,17,100,3,91,266
Pune,VILLAGE,Pabhe,Rural,53,206,107,75,29,0,3,0,0,0,0,99
Pune,VILLAGE,Kharpud,Rural,110,605,342,250,17,0,5,57,2,0,11,263
Pune,VILLAGE,Moroshi,Rural,97,469,280,270,1,3,4,0,0,1,1,189
Pune,VILLAGE,Ghotavadi,Rural,250,1331,707,620,22,2,54,3,3,0,3,624
Pune,VILLAGE,Parsul,Rural,106,538,177,131,32,2,10,2,0,0,0,361
Pune,VILLAGE,Kude Bk.,Rural,273,1355,844,667,105,16,39,2,3,2,10,511
Pune,VILLAGE,Kude Kh.,Rural,104,366,275,230,3,7,6,25,3,0,1,91
Pune,VILLAGE,Yeniye Bk.,Rural,109,494,255,223,14,1,14,1,0,0,2,239
Pune,VILLAGE,Chikhalgaon,Rural,279,1363,749,523,72,18,88,21,5,2,20,614
Pune,VILLAGE,Yeniye Kh.,Rural,70,414,268,251,3,0,11,1,1,0,1,146
Pune,VILLAGE,Devoshi,Rural,117,552,333,243,69,2,14,3,0,0,2,219
Pune,VILLAGE,Wajavane,Rural,86,542,342,288,2,8,5,1,3,8,27,200
Pune,VILLAGE,Avadar,Rural,317,1456,881,632,8,13,65,9,111,2,41,575
Pune,VILLAGE,Wandre,Rural,120,614,399,346,3,0,16,14,1,1,18,215
Pune,VILLAGE,Torne Kh,Rural,80,414,218,67,108,0,36,2,4,0,1,196
Pune,VILLAGE,Vanjul Vihire,Rural,2,15,4,2,2,0,0,0,0,0,0,11
Pune,VILLAGE,Adhe,Rural,49,315,197,44,111,12,11,0,7,11,1,118
Pune,VILLAGE,Bhalavadi,Rural,76,410,199,17,0,0,6,172,4,0,0,211
Pune,VILLAGE,Virham,Rural,194,1053,462,228,16,18,47,42,87,5,19,591
Pune,VILLAGE,Ambhu,Rural,90,368,235,217,5,0,6,1,2,0,4,133
Pune,VILLAGE,Amboli,Rural,253,1187,677,436,45,11,60,1,1,2,121,510
Pune,VILLAGE,Avandhe,Rural,155,678,346,203,2,6,66,32,3,1,33,332
Pune,VILLAGE,Kohinde Kh.,Rural,55,283,121,76,27,0,17,0,0,0,1,162
Pune,VILLAGE,Akhatuli,Rural,27,133,82,40,13,0,5,1,23,0,0,51
Pune,VILLAGE,Kharawali,Rural,27,110,71,32,19,0,2,1,14,2,1,39
Pune,VILLAGE,Velhavale,Rural,66,369,188,135,4,0,15,4,3,0,27,181
Pune,VILLAGE,Kanhewadi Kh.,Rural,10,48,23,23,0,0,0,0,0,0,0,25
Pune,VILLAGE,Supe,Rural,181,739,283,102,65,2,58,11,39,0,6,456
Pune,VILLAGE,Adgaon,Rural,203,1303,835,614,16,37,83,12,2,23,48,468
Pune,VILLAGE,Waghu,Rural,94,496,281,201,37,0,7,16,17,0,3,215
Pune,VILLAGE,Gadad,Rural,136,711,431,223,107,1,83,6,11,0,0,280
Pune,VILLAGE,Koyali,Rural,173,762,373,192,110,1,67,1,1,0,1,389
Pune,VILLAGE,Tekavadi,Rural,83,394,227,138,74,1,12,0,2,0,0,167
Pune,VILLAGE,Anavale,Rural,63,346,219,162,18,1,22,5,0,0,11,127
Pune,VILLAGE,Deshamukhwadi,Rural,131,626,264,93,102,6,24,5,31,1,2,362
Pune,VILLAGE,Palu,Rural,207,1304,761,503,164,6,83,3,2,0,0,543
Pune,VILLAGE,Hedruj,Rural,229,1282,786,667,24,5,23,45,9,1,12,496
Pune,VILLAGE,Torne Bk,Rural,106,760,341,232,30,15,38,4,7,8,7,419
Pune,VILLAGE,Kasari,Rural,97,576,298,180,70,6,39,3,0,0,0,278
Pune,VILLAGE,Wahagaon,Rural,119,670,281,167,73,8,29,2,0,0,2,389
Pune,VILLAGE,Parale,Rural,64,398,199,87,97,5,8,0,1,0,1,199
Pune,VILLAGE,Ahire,Rural,109,852,429,323,79,5,4,9,3,3,3,423
Pune,VILLAGE,Pait,Rural,856,4555,2269,1364,316,70,373,24,93,2,27,2286
Pune,VILLAGE,Raundhalwadi,Rural,188,1011,588,291,19,12,34,195,26,2,9,423
Pune,VILLAGE,Shive,Rural,289,1370,833,516,130,9,173,2,0,0,3,537
Pune,VILLAGE,Waki Tarf Wada,Rural,61,307,178,143,13,1,21,0,0,0,0,129
Pune,VILLAGE,Karanja Vihire,Rural,339,1871,1005,681,88,1,169,29,12,2,23,866
Pune,VILLAGE,Askhed Kh.,Rural,168,924,574,208,191,17,74,23,20,23,18,350
Pune,VILLAGE,Shelu,Rural,311,1569,871,381,88,19,55,49,203,28,48,698
Pune,VILLAGE,Washere,Rural,395,2172,1325,913,150,8,58,167,18,2,9,847
Pune,VILLAGE,Saburdi,Rural,326,1403,929,427,405,15,41,14,13,1,13,474
Pune,VILLAGE,Vetale,Rural,527,2313,1262,894,148,14,147,17,12,4,26,1051
Pune,VILLAGE,Sayagaon,Rural,349,1629,975,729,213,3,22,6,2,0,0,654
Pune,VILLAGE,Kohinde Bk.,Rural,354,1874,1095,810,170,6,79,10,12,0,8,779
Pune,VILLAGE,Talavade,Rural,113,651,415,321,87,0,7,0,0,0,0,236
Pune,VILLAGE,Gargotwadi,Rural,227,1012,631,546,40,0,32,11,0,0,2,381
Pune,VILLAGE,Kadus,Rural,2351,11360,6491,3592,1249,99,956,285,160,9,141,4869
Pune,VILLAGE,Donde,Rural,753,3583,1963,872,606,17,264,36,119,5,44,1620
Pune,VILLAGE,Chandoli,Rural,778,3363,1483,287,153,45,931,15,14,7,31,1880
Pune,VILLAGE,Vadgaon Tarf Khed,Rural,452,2331,1201,606,197,23,316,8,23,1,27,1130
Pune,VILLAGE,Shiroli,Rural,1159,5255,2673,900,387,24,1259,26,15,2,60,2582
Pune,VILLAGE,Chandus,Rural,305,1534,949,759,30,3,122,16,2,0,17,585
Pune,VILLAGE,Kiwale,Rural,360,1852,1077,646,70,5,219,32,16,3,86,775
Pune,VILLAGE,Koregaon Bk.,Rural,256,1302,695,481,54,13,90,24,4,0,29,607
Pune,VILLAGE,Kurkundi,Rural,442,2216,1025,473,41,20,226,222,22,7,14,1191
Pune,VILLAGE,Askhed Bk.,Rural,185,981,554,353,132,0,59,5,3,0,2,427
Pune,VILLAGE,Koye,Rural,369,1970,1147,456,515,23,127,5,8,1,12,823
Pune,VILLAGE,Dhamane,Rural,188,975,591,465,74,3,41,4,1,0,3,384
Pune,VILLAGE,Gundalwadi,Rural,294,1362,690,412,103,2,107,50,11,3,2,672
Pune,VILLAGE,Bursewadi,Rural,297,1268,741,432,169,9,75,4,43,0,9,527
Pune,VILLAGE,Bibi,Rural,0,0,0,0,0,0,0,0,0,0,0,0
Pune,VILLAGE,Kadadhe,Rural,385,1839,955,341,277,21,93,134,65,2,22,884
Pune,VILLAGE,Kanhewadi Bk.,Rural,318,1530,777,267,326,16,136,6,16,2,8,753
Pune,VILLAGE,Mohakal,Rural,194,886,497,259,119,6,88,7,8,0,10,389
Pune,VILLAGE,Kaman,Rural,423,1959,1141,758,126,16,152,13,46,0,30,818
Pune,VILLAGE,Chas,Rural,538,2363,1215,501,148,105,377,15,13,23,33,1148
Pune,VILLAGE,Mirjewadi,Rural,217,1039,630,479,57,0,53,3,3,0,35,409
Pune,VILLAGE,Papalwadi,Rural,190,828,459,327,27,3,91,6,1,1,3,369
Pune,VILLAGE,Akharwadi,Rural,193,1007,346,202,48,3,61,12,15,1,4,661
Pune,VILLAGE,Bahirwadi,Rural,232,1096,646,234,289,1,38,12,63,5,4,450
Pune,VILLAGE,Butewadi,Rural,225,1145,637,417,123,2,57,25,11,0,2,508
Pune,VILLAGE,Pangari,Rural,112,635,291,129,12,0,85,51,8,0,6,344
Pune,VILLAGE,Padali,Rural,121,585,235,133,27,9,34,10,16,0,6,350
Pune,VILLAGE,Kalechiwadi,Rural,273,1444,846,617,19,29,112,36,1,2,30,598
Pune,VILLAGE,Arudewadi,Rural,199,992,552,299,5,17,102,96,5,0,28,440
Pune,VILLAGE,Satkarsthal,Rural,775,3450,1572,459,111,27,854,37,17,7,60,1878
Pune,VILLAGE,Kohinkarwadi,Rural,123,574,317,149,103,3,40,1,12,1,8,257
Pune,VILLAGE,Pacharnewadi,Rural,177,777,512,226,31,18,127,57,22,9,22,265
Pune,VILLAGE,Sandbhorwadi,Rural,315,1587,625,344,52,5,163,25,4,0,32,962
Pune,VILLAGE,Jaidwadi,Rural,239,1129,552,164,279,15,56,9,22,1,6,577
Pune,VILLAGE,Varchi Bhamburwadi,Rural,346,1915,979,741,47,6,97,54,15,1,18,936
Pune,VILLAGE,Khalchi Bhamburwadi,Rural,300,1445,850,590,85,9,147,7,6,0,6,595
Pune,VILLAGE,Dhorewadi,Rural,156,797,488,335,27,0,109,2,1,0,14,309
Pune,VILLAGE,Takalkarwadi,Rural,304,1478,749,469,49,4,199,10,6,0,12,729
Pune,VILLAGE,Rakshewadi,Rural,1192,5113,2505,689,111,165,1207,22,4,40,267,2608
Pune,VILLAGE,Manjarewadi,Rural,345,1714,995,644,79,9,204,44,3,0,12,719
Pune,VILLAGE,Holewadi,Rural,528,2576,1295,497,172,27,458,20,31,16,74,1281
Pune,VILLAGE,Kharpudi Kh.,Rural,189,1000,436,274,43,1,103,8,3,0,4,564
Pune,VILLAGE,Pimpri Bk.,Rural,611,3057,1845,1338,304,6,153,29,1,0,14,1212
Pune,VILLAGE,Waki BK,Rural,538,2828,1615,900,115,29,319,114,60,8,70,1213
Pune,VILLAGE,Santosh Nagar (N.V.) ,Rural,280,1578,969,688,75,7,108,19,67,0,5,609
Pune,VILLAGE,Kalus,Rural,1235,6538,3866,3000,328,23,318,134,21,11,31,2672
Pune,VILLAGE,Jaulke Bk.,Rural,319,1617,907,532,252,0,42,9,71,0,1,710
Pune,VILLAGE,Wafegaon,Rural,626,3004,1603,635,504,42,255,59,62,5,41,1401
Pune,VILLAGE,Chichbaiwadi,Rural,176,755,476,349,45,1,30,30,12,0,9,279
Pune,VILLAGE,Gulani,Rural,380,2087,1234,943,114,13,132,10,8,0,14,853
Pune,VILLAGE,Jaulke Kh.,Rural,300,1454,796,379,175,6,96,48,87,0,5,658
Pune,VILLAGE,Wakalwadi,Rural,287,1387,855,516,271,10,49,2,6,0,1,532
Pune,VILLAGE,Varude,Rural,488,1937,1144,851,127,6,82,13,47,4,14,793
Pune,VILLAGE,Chaudharwadi,Rural,95,476,279,209,2,3,30,28,4,1,2,197
Pune,VILLAGE,Gadakwadi,Rural,172,836,536,444,24,6,15,36,8,0,3,300
Pune,VILLAGE,Pur,Rural,258,1247,831,718,49,3,50,2,2,0,7,416
Pune,VILLAGE,Kanhersar,Rural,765,3558,1939,1217,267,25,387,21,6,2,14,1619
Pune,VILLAGE,Gosasi,Rural,334,1539,936,280,357,8,194,7,47,2,41,603
Pune,VILLAGE,Retavadi,Rural,814,4170,2496,1701,362,6,381,11,3,3,29,1674
Pune,VILLAGE,Kharpudi Bk.,Rural,574,2843,1493,1006,149,31,268,11,7,1,20,1350
Pune,VILLAGE,Nimgaon,Rural,651,3273,1899,1095,445,33,243,20,21,6,36,1374
Pune,VILLAGE,Davadi,Rural,1115,5618,3284,2262,548,66,328,22,28,3,27,2334
Pune,VILLAGE,Koregaon Kh.,Rural,313,1699,1017,274,289,4,93,8,340,0,9,682
Pune,VILLAGE,Varale,Rural,150,762,467,122,206,63,56,5,3,1,11,295
Pune,VILLAGE,Bhamboli,Rural,181,913,575,391,137,5,20,14,6,0,2,338
Pune,VILLAGE,Wasuli,Rural,160,846,471,318,58,2,92,0,0,0,1,375
Pune,VILLAGE,Shinde,Rural,292,1749,1079,506,190,15,311,14,10,3,30,670
Pune,VILLAGE,Savardari,Rural,227,1228,611,286,78,12,54,113,58,1,9,617
Pune,VILLAGE,Khalumbre,Rural,670,2908,1244,396,145,29,660,2,4,0,8,1664
Pune,VILLAGE,Yelwadi,Rural,677,3044,1275,392,111,18,414,38,79,7,216,1769
Pune,VILLAGE,Sangurdi,Rural,227,1189,449,208,68,10,147,3,6,1,6,740
Pune,VILLAGE,Kanhewadi Tarf Chakan,Rural,203,973,516,217,53,9,170,33,8,1,25,457
Pune,VILLAGE,Nighoje,Rural,1187,5326,2275,833,208,17,991,48,7,5,166,3051
Pune,VILLAGE,Mahalunge,Rural,2640,9687,5635,398,263,48,4421,25,13,22,445,4052
Pune,VILLAGE,Ambethan,Rural,1000,4444,2695,922,139,123,881,122,26,27,455,1749
Pune,VILLAGE,Gonavadi,Rural,99,463,278,166,94,0,15,2,1,0,0,185
Pune,VILLAGE,Pimpri Kh.,Rural,89,452,267,215,14,0,31,4,0,0,3,185
Pune,VILLAGE,Rohakal,Rural,277,1318,746,316,269,10,128,9,9,0,5,572
Pune,VILLAGE,Waki Kh.,Rural,585,2509,1069,139,116,21,688,4,13,1,87,1440
Pune,VILLAGE,Biradvadi,Rural,371,1728,931,453,37,5,417,1,4,0,14,797
Pune,VILLAGE,Kadachiwadi,Rural,641,2946,1239,334,211,26,641,7,3,2,15,1707
Pune,VILLAGE,Rase,Rural,603,3129,1552,658,252,134,361,29,72,18,28,1577
Pune,VILLAGE,Bhose,Rural,868,4263,2086,1192,208,20,606,11,13,2,34,2177
Pune,VILLAGE,Shelgaon,Rural,212,1061,418,248,104,1,62,1,1,0,1,643
Pune,VILLAGE,Pimpalgaon Tarf Khed,Rural,1296,6808,3439,2365,226,51,602,121,29,7,38,3369
Pune,VILLAGE,Chinchoshi,Rural,405,2099,1335,1042,93,21,96,59,6,2,16,764
Pune,VILLAGE,Bahul,Rural,685,3461,2050,1474,191,99,151,41,49,15,30,1411
Pune,VILLAGE,Sabalewadi,Rural,205,976,642,445,39,22,73,22,1,1,39,334
Pune,VILLAGE,Siddhegavhan,Rural,155,851,473,356,34,9,42,9,16,1,6,378
Pune,VILLAGE,Kuruli,Rural,1846,8199,3567,962,354,82,1977,31,15,5,141,4632
Pune,VILLAGE,Moi,Rural,565,2740,1208,305,32,3,631,171,31,7,28,1532
Pune,VILLAGE,Chimbali,Rural,1297,5714,2297,639,174,24,1411,13,1,3,32,3417
Pune,VILLAGE,Kelgaon,Rural,759,3491,1434,228,227,34,711,27,74,17,116,2057
Pune,VILLAGE,Alandi Rural,Rural,904,3763,1606,123,226,13,971,23,162,1,87,2157
Pune,VILLAGE,Vadgaon Ghenand,Rural,535,2918,1594,1019,227,2,257,20,17,0,52,1324
Pune,VILLAGE,Koyali Tarf Chakan,Rural,844,4526,2444,1525,220,70,384,73,38,8,126,2082
Pune,VILLAGE,Markal,Rural,1268,6378,2882,1351,386,126,769,77,37,13,123,3496
Pune,VILLAGE,Golegaon,Rural,350,1751,922,573,142,8,183,2,0,0,14,829
Pune,VILLAGE,Pimpalgaon Tarf Chakan,Rural,213,1002,520,172,187,3,92,9,37,0,20,482
Pune,VILLAGE,Solu,Rural,622,2883,1416,577,139,31,506,19,37,9,98,1467
Pune,VILLAGE,Dhanore,Rural,584,2567,1243,443,172,15,434,30,27,5,117,1324
Pune,VILLAGE,Charholi Kh.,Rural,747,3734,1810,563,442,23,566,21,114,3,78,1924
Pune,CD BLOCK,Mawal,Rural,43032,219784,99726,30680,11116,2320,42374,3825,3126,882,5403,120058
Pune,VILLAGE,Sawale,Rural,223,1002,525,230,182,16,40,3,42,0,12,477
Pune,VILLAGE,Malegaon Bk.,Rural,45,259,163,38,70,3,19,10,20,2,1,96
Pune,VILLAGE,Pimpari,Rural,163,716,483,154,110,0,16,7,182,0,14,233
Pune,VILLAGE,Malegaon Kh.,Rural,129,1017,334,268,12,1,49,0,3,0,1,683
Pune,VILLAGE,Kune Ansute,Rural,156,790,387,203,73,7,62,5,19,7,11,403
Pune,VILLAGE,Inglun,Rural,101,506,341,222,4,1,54,7,5,4,44,165
Pune,VILLAGE,Kivale,Rural,134,788,504,261,109,1,28,9,5,0,91,284
Pune,VILLAGE,Kashal,Rural,181,978,562,311,90,40,68,22,23,1,7,416
Pune,VILLAGE,Bhoyare,Rural,212,1209,634,339,54,6,134,4,81,0,16,575
Pune,VILLAGE,Kalhat,Rural,174,1009,483,228,143,0,68,1,20,0,23,526
Pune,VILLAGE,Nigade,Rural,293,1610,850,243,405,8,148,13,18,1,14,760
Pune,VILLAGE,Ambale,Rural,316,1550,819,227,47,7,416,54,8,1,59,731
Pune,VILLAGE,Umbare Navalakh,Rural,594,3064,1298,472,125,33,517,13,26,1,111,1766
Pune,VILLAGE,Badhalawadi,Rural,198,1202,568,305,105,17,101,12,7,4,17,634
Pune,VILLAGE,Jadhavwadi,Rural,123,632,349,67,109,3,161,0,4,0,5,283
Pune,VILLAGE,Mendhewadi,Rural,151,861,549,135,170,5,53,154,25,4,3,312
Pune,VILLAGE,Jambavade,Rural,136,784,374,126,43,9,106,30,28,7,25,410
Pune,VILLAGE,Sudhavadi,Rural,217,1026,645,234,56,94,235,6,4,3,13,381
Pune,VILLAGE,Sudumbare,Rural,643,3288,1414,343,388,41,570,9,25,2,36,1874
Pune,VILLAGE,Induri,Rural,2236,10448,4154,578,480,156,2595,31,75,34,205,6294
Pune,VILLAGE,Nanoli Tarf Chakan,Rural,199,983,494,226,61,4,186,3,7,4,3,489
Pune,VILLAGE,Mangarul,Rural,162,825,364,103,48,0,201,5,3,0,4,461
Pune,VILLAGE,Shire,Rural,66,346,150,37,23,2,76,4,5,0,3,196
Pune,VILLAGE,Belaj,Rural,183,993,432,90,66,14,246,1,4,2,9,561
Pune,VILLAGE,Rajpuri,Rural,155,837,398,102,144,0,122,5,20,0,5,439
Pune,VILLAGE,Sangavi,Rural,112,625,273,97,30,7,121,1,3,2,12,352
Pune,VILLAGE,Katavi,Rural,94,546,394,100,76,55,132,10,8,1,12,152
Pune,VILLAGE,Jambhul,Rural,368,1794,705,52,13,15,483,27,3,4,108,1089
Pune,VILLAGE,Kanhe,Rural,1050,4707,1824,200,29,71,1339,12,16,24,133,2883
Pune,VILLAGE,Nayagaon,Rural,293,1782,635,113,13,26,287,16,85,36,59,1147
Pune,VILLAGE,Sate,Rural,324,1772,861,294,19,26,305,60,37,17,103,911
Pune,VILLAGE,Brahman Wadi,Rural,304,1549,465,62,1,31,325,31,1,1,13,1084
Pune,VILLAGE,Mohitewadi,Rural,158,778,311,47,8,18,196,6,2,4,30,467
Pune,VILLAGE,Khand,Rural,208,1129,675,164,360,17,49,12,42,8,23,454
Pune,VILLAGE,Kusur,Rural,112,599,301,15,159,5,37,0,80,0,5,298
Pune,VILLAGE,Dahuli,Rural,59,296,184,171,4,2,5,0,1,0,1,112
Pune,VILLAGE,Kambare Andar Mawal,Rural,48,236,121,42,45,0,16,1,9,0,8,115
Pune,VILLAGE,Borivali,Rural,36,237,137,26,69,0,8,0,24,0,10,100
Pune,VILLAGE,Wahangaon,Rural,71,391,261,180,1,16,39,0,1,2,22,130
Pune,VILLAGE,Kusavali,Rural,126,711,278,72,22,0,83,17,40,0,44,433
Pune,VILLAGE,Nagathali,Rural,112,594,345,131,110,17,68,7,5,1,6,249
Pune,VILLAGE,Vadeshwar,Rural,414,2231,1110,553,55,39,192,65,47,74,85,1121
Pune,VILLAGE,Mau,Rural,216,1233,696,504,42,1,135,1,8,0,5,537
Pune,VILLAGE,Kondivade A.m.,Rural,174,951,440,162,22,0,249,0,1,0,6,511
Pune,VILLAGE,Pawalewadi,Rural,65,346,199,140,2,0,56,0,0,0,1,147
Pune,VILLAGE,Phalane,Rural,118,688,307,168,59,1,74,5,0,0,0,381
Pune,VILLAGE,Takave Bk.,Rural,829,4143,1437,290,108,27,888,13,17,3,91,2706
Pune,VILLAGE,Ghonshet,Rural,236,1328,552,114,12,10,151,179,19,7,60,776
Pune,VILLAGE,Kacharewadi,Rural,66,412,158,67,0,0,80,7,0,0,4,254
Pune,VILLAGE,Vaund,Rural,41,225,159,158,0,0,1,0,0,0,0,66
Pune,VILLAGE,Brahmanwadi,Rural,145,834,478,174,94,2,91,76,24,6,11,356
Pune,VILLAGE,Pale Nane Mawal,Rural,95,442,171,74,10,1,74,0,2,0,10,271
Pune,VILLAGE,Ukasan,Rural,193,915,311,72,72,13,128,7,9,1,9,604
Pune,VILLAGE,Shirdhe,Rural,67,394,224,214,0,1,8,0,0,0,1,170
Pune,VILLAGE,Rakaswadi,Rural,2,20,13,9,1,1,2,0,0,0,0,7
Pune,VILLAGE,Thoran,Rural,65,315,161,122,6,0,33,0,0,0,0,154
Pune,VILLAGE,Jambhavali,Rural,53,283,153,100,24,0,25,1,1,0,2,130
Pune,VILLAGE,Somavadi,Rural,37,200,121,97,13,0,11,0,0,0,0,79
Pune,VILLAGE,Valavanti,Rural,45,250,151,68,60,1,20,0,1,0,1,99
Pune,VILLAGE,Govitri,Rural,198,882,456,199,162,0,92,2,0,0,1,426
Pune,VILLAGE,Karanjgaon,Rural,174,900,403,69,2,6,152,35,115,8,16,497
Pune,VILLAGE,Moramarwadi,Rural,106,558,154,76,4,1,66,5,2,0,0,404
Pune,VILLAGE,Kambare N.m.,Rural,265,1314,582,218,25,10,154,95,30,8,42,732
Pune,VILLAGE,Kondivade N.m,Rural,124,785,297,83,4,0,121,28,50,0,11,488
Pune,VILLAGE,Sai,Rural,142,832,376,75,4,11,156,35,19,0,76,456
Pune,VILLAGE,Nanoli N.m.,Rural,73,454,136,40,1,1,84,2,0,0,8,318
Pune,VILLAGE,Paravadi,Rural,64,379,208,94,25,7,66,0,4,1,11,171
Pune,VILLAGE,Nane,Rural,432,2551,980,294,118,49,411,13,30,28,37,1571
Pune,VILLAGE,Kamshet,Rural,163,828,276,46,15,4,197,1,0,0,13,552
Pune,VILLAGE,Kusgaon Kh.,Rural,206,1112,359,67,52,15,194,11,4,6,10,753
Pune,VILLAGE,Chikhalse,Rural,259,1524,724,281,12,12,248,132,13,8,18,800
Pune,VILLAGE,Ahirvade,Rural,204,991,502,43,9,50,162,124,62,3,49,489
Pune,VILLAGE,Udhewadi,Rural,60,287,138,25,1,0,64,10,3,0,35,149
Pune,VILLAGE,Nandgaon,Rural,0,0,0,0,0,0,0,0,0,0,0,0
Pune,VILLAGE,Kune N.m.,Rural,430,1954,938,20,10,6,837,3,7,2,53,1016
Pune,VILLAGE,Pangaloli,Rural,161,777,386,1,0,0,274,1,12,0,98,391
Pune,VILLAGE,Jevare,Rural,0,0,0,0,0,0,0,0,0,0,0,0
Pune,VILLAGE,Budhele,Rural,0,0,0,0,0,0,0,0,0,0,0,0
Pune,VILLAGE,Karandoli,Rural,96,552,211,30,1,1,174,0,1,0,4,341
Pune,VILLAGE,Devghar,Rural,222,1161,493,91,52,11,309,18,1,0,11,668
Pune,VILLAGE,Waksai,Rural,526,2511,1064,106,7,8,833,29,2,2,77,1447
Pune,VILLAGE,Varsoli,Rural,381,1533,647,17,0,34,571,3,0,3,19,886
Pune,VILLAGE,Kurvande,Rural,755,3637,1144,38,52,9,951,1,8,0,85,2493
Pune,VILLAGE,Dongargaon,Rural,516,2331,923,41,11,11,698,26,1,2,133,1408
Pune,VILLAGE,Sadapur,Rural,113,682,378,203,5,16,115,3,30,0,6,304
Pune,VILLAGE,Bhajgaon,Rural,50,234,119,17,10,2,48,25,9,1,7,115
Pune,VILLAGE,Vadavali,Rural,72,345,165,69,39,10,44,1,0,0,2,180
Pune,VILLAGE,Velhavali,Rural,30,148,97,33,2,3,23,16,6,0,14,51
Pune,VILLAGE,Khandashi,Rural,116,614,251,74,67,4,105,0,0,0,1,363
Pune,VILLAGE,Nesave,Rural,74,418,156,61,0,0,89,1,0,0,5,262
Pune,VILLAGE,Sangise,Rural,149,694,271,137,12,9,105,2,2,0,4,423
Pune,VILLAGE,Budhavadi,Rural,94,457,132,86,15,0,14,2,11,0,4,325
Pune,VILLAGE,Valakh,Rural,80,462,283,256,10,2,7,1,5,2,0,179
Pune,VILLAGE,Vadivale,Rural,127,576,272,32,0,9,73,10,0,0,148,304
Pune,VILLAGE,Pathargaon,Rural,97,537,163,57,0,0,106,0,0,0,0,374
Pune,VILLAGE,Mundhavare,Rural,91,517,287,1,3,1,56,76,7,71,72,230
Pune,VILLAGE,Takave Kh.,Rural,302,1663,543,139,5,7,370,7,0,0,15,1120
Pune,VILLAGE,Shilatane,Rural,330,1880,850,170,114,18,287,54,88,6,113,1030
Pune,VILLAGE,Dahivali,Rural,184,950,362,91,1,5,260,0,0,0,5,588
Pune,VILLAGE,Vehergaon,Rural,294,1551,517,98,31,67,307,1,1,5,7,1034
Pune,VILLAGE,Karla,Rural,624,2748,1031,97,3,11,891,3,3,1,22,1717
Pune,VILLAGE,Malawali N.m.,Rural,304,1439,445,16,0,4,407,1,0,1,16,994
Pune,VILLAGE,Patan,Rural,345,1727,663,68,6,4,495,67,3,0,20,1064
Pune,VILLAGE,Boraj,Rural,90,565,222,101,73,2,46,0,0,0,0,343
Pune,VILLAGE,Pimpaloli,Rural,179,1063,369,73,15,5,225,35,4,0,12,694
Pune,VILLAGE,Taje,Rural,167,986,506,273,16,10,162,10,17,4,14,480
Pune,VILLAGE,Bhaje,Rural,341,1835,572,43,10,18,393,18,6,4,80,1263
Pune,VILLAGE,Devale,Rural,257,1358,528,164,42,9,273,6,4,0,30,830
Pune,VILLAGE,Aundholi,Rural,113,606,169,31,2,1,123,1,0,0,11,437
Pune,VILLAGE,Aundhe kh.,Rural,251,1341,528,48,9,5,419,26,10,1,10,813
Pune,VILLAGE,Dudhivare,Rural,75,370,120,13,39,0,46,4,8,1,9,250
Pune,VILLAGE,Dhalewadi,Rural,35,205,95,64,2,0,15,7,1,0,6,110
Pune,VILLAGE,Malewadi,Rural,44,267,78,3,56,0,1,2,13,0,3,189
Pune,VILLAGE,Lohagad,Rural,85,475,145,21,79,2,29,2,12,0,0,330
Pune,VILLAGE,Apati,Rural,76,359,107,1,0,1,26,2,0,1,76,252
Pune,VILLAGE,Gevhande Apati,Rural,43,252,77,17,29,0,29,0,0,2,0,175
Pune,VILLAGE,Atvan,Rural,25,143,41,1,0,0,7,0,0,0,33,102
Pune,VILLAGE,Pale Pawan Mawal,Rural,0,0,0,0,0,0,0,0,0,0,0,0
Pune,VILLAGE,Shindgaon,Rural,35,160,92,19,1,0,56,0,2,0,14,68
Pune,VILLAGE,Ambegaon,Rural,72,365,117,10,13,1,88,2,2,0,1,248
Pune,VILLAGE,Shevati,Rural,0,0,0,0,0,0,0,0,0,0,0,0
Pune,VILLAGE,Kale,Rural,514,2653,989,251,123,65,468,9,22,5,46,1664
Pune,VILLAGE,Mahagaon,Rural,157,872,413,193,26,6,97,27,26,3,35,459
Pune,VILLAGE,Sawantwadi,Rural,141,887,439,215,127,4,42,7,39,0,5,448
Pune,VILLAGE,Prabhachiwadi,Rural,79,447,179,71,19,1,85,1,0,0,2,268
Pune,VILLAGE,Yelase,Rural,230,1248,706,406,112,16,147,10,2,4,9,542
Pune,VILLAGE,Kadadhe,Rural,280,1500,715,319,100,17,178,17,32,12,40,785
Pune,VILLAGE,Bedse,Rural,142,790,215,60,6,1,79,8,11,1,49,575
Pune,VILLAGE,Karunj,Rural,279,1722,822,433,87,15,132,66,27,4,58,900
Pune,VILLAGE,Brahmanwadi,Rural,150,973,601,477,2,2,48,50,4,9,9,372
Pune,VILLAGE,Baur,Rural,217,1207,675,48,27,10,164,103,69,103,151,532
Pune,VILLAGE,Sadavali,Rural,93,590,303,201,20,0,72,8,1,1,0,287
Pune,VILLAGE,Ozarde,Rural,165,981,603,293,89,0,121,74,17,0,9,378
Pune,VILLAGE,Pimpal Khunte,Rural,130,715,361,176,53,1,131,0,0,0,0,354
Pune,VILLAGE,Shivane,Rural,384,2067,1007,545,77,43,304,6,4,2,26,1060
Pune,VILLAGE,Malawali P.m.,Rural,157,862,287,57,2,9,84,54,22,7,52,575
Pune,VILLAGE,Thugaon,Rural,179,982,547,179,118,12,192,11,8,3,24,435
Pune,VILLAGE,Adavi,Rural,79,470,271,197,54,0,16,0,2,0,2,199
Pune,VILLAGE,Bhadawali,Rural,75,427,230,150,24,0,45,4,0,0,7,197
Pune,VILLAGE,Shivali,Rural,239,1484,862,549,86,5,78,117,17,2,8,622
Pune,VILLAGE,Kothurne,Rural,239,1343,601,418,139,1,37,5,0,0,1,742
Pune,VILLAGE,Brahmanoli,Rural,120,618,364,269,50,4,38,0,1,0,2,254
Pune,VILLAGE,Phagane,Rural,0,0,0,0,0,0,0,0,0,0,0,0
Pune,VILLAGE,Pansoli,Rural,6,36,18,1,9,0,8,0,0,0,0,18
Pune,VILLAGE,Kolechafesar,Rural,69,426,223,6,1,1,76,56,64,4,15,203
Pune,VILLAGE,Tung,Rural,151,958,583,129,51,10,265,1,8,6,113,375
Pune,VILLAGE,Majgaon,Rural,3,16,7,0,0,0,2,3,1,0,1,9
Pune,VILLAGE,Keware,Rural,7,47,19,6,0,0,6,4,0,0,3,28
Pune,VILLAGE,Thakursai,Rural,59,335,143,16,106,1,13,0,6,0,1,192
Pune,VILLAGE,Varu,Rural,143,971,564,252,251,3,15,1,22,4,16,407
Pune,VILLAGE,Malavandi Thule,Rural,157,930,581,430,55,3,44,20,19,0,10,349
Pune,VILLAGE,Dhangavhan,Rural,63,393,216,85,100,0,30,1,0,0,0,177
Pune,VILLAGE,Yelghol,Rural,129,877,510,278,66,15,43,45,42,7,14,367
Pune,VILLAGE,Tikona,Rural,177,978,378,132,105,15,118,4,0,1,3,600
Pune,VILLAGE,Gevhande Khadak,Rural,42,279,148,48,20,53,26,0,0,1,0,131
Pune,VILLAGE,Kadav,Rural,20,81,43,26,9,0,4,0,4,0,0,38
Pune,VILLAGE,Chavsar,Rural,148,785,557,255,193,0,31,39,37,0,2,228
Pune,VILLAGE,Morave,Rural,127,684,382,8,0,1,115,218,10,0,30,302
Pune,VILLAGE,Shilimb,Rural,199,1122,501,270,65,0,153,1,11,0,1,621
Pune,VILLAGE,Vagheshwar,Rural,48,284,179,21,16,4,37,27,37,3,34,105
Pune,VILLAGE,Jovan,Rural,79,577,322,265,41,3,13,0,0,0,0,255
Pune,VILLAGE,Ajivali,Rural,125,632,349,274,30,6,17,4,14,1,3,283
Pune,VILLAGE,Ambi,Rural,473,2328,1037,207,70,43,464,5,71,11,166,1291
Pune,VILLAGE,Akurdi,Rural,40,184,98,7,0,2,77,0,0,0,12,86
Pune,VILLAGE,Varale,Rural,1633,7202,2723,347,190,84,2018,18,4,6,56,4479
Pune,VILLAGE,Talegaon Dabhade (R),Rural,1711,7373,3001,234,63,126,2214,23,24,26,291,4372
Pune,VILLAGE,Gahunje,Rural,863,4046,2098,234,155,46,1543,7,8,9,96,1948
Pune,VILLAGE,Shirgaon,Rural,362,1565,691,96,30,20,478,5,5,0,57,874
Pune,VILLAGE,Somatane,Rural,1159,5300,2153,150,118,82,1288,36,97,165,217,3147
Pune,VILLAGE,Parandvadi,Rural,517,2317,925,115,264,11,489,8,23,5,10,1392
Pune,VILLAGE,Urse,Rural,805,3635,1619,375,85,54,834,64,22,5,180,2016
Pune,VILLAGE,Adhe kh.,Rural,158,943,378,140,24,0,141,37,12,1,23,565
Pune,VILLAGE,Bebad Ohol,Rural,688,2928,1594,201,113,32,1191,6,12,2,37,1334
Pune,VILLAGE,Dhamane,Rural,385,1982,1053,375,117,30,462,12,30,0,27,929
Pune,VILLAGE,Godumbare,Rural,199,1069,398,140,32,16,195,5,5,4,1,671
Pune,VILLAGE,Salumbare,Rural,299,1397,545,170,51,5,302,2,9,0,6,852
Pune,VILLAGE,Sangavade,Rural,266,1411,707,402,108,5,156,8,18,3,7,704
Pune,VILLAGE,Darumbare,Rural,344,1736,835,389,94,11,312,12,6,0,11,901
Pune,VILLAGE,Chandkhed,Rural,847,3867,2257,552,527,27,1043,9,14,7,78,1610
Pune,VILLAGE,Adhale kh.,Rural,317,1773,869,539,24,1,301,1,0,0,3,904
Pune,VILLAGE,Adhale bk,Rural,297,1574,1028,356,135,14,98,10,351,3,61,546
Pune,VILLAGE,Done,Rural,160,1096,612,282,4,0,38,277,1,0,10,484
Pune,VILLAGE,Ovale,Rural,236,1403,808,538,182,6,75,0,6,0,1,595
Pune,VILLAGE,Divad,Rural,279,1626,940,810,10,11,105,3,0,0,1,686
Pune,VILLAGE,Pusane,Rural,216,1255,794,185,219,14,119,163,37,12,45,461
Pune,VILLAGE,Pachane,Rural,300,1657,918,409,65,2,175,191,34,0,42,739
Pune,VILLAGE,Kusgaon P.m.,Rural,230,1344,699,483,45,8,146,1,5,1,10,645
Pune,CD BLOCK,Mulshi,Rural,31552,145373,70131,23678,5939,1787,29069,3690,2088,357,3523,75242
Pune,VILLAGE,Devghar,Rural,150,739,344,77,19,2,193,8,1,1,43,395
Pune,VILLAGE,Visakhar,Rural,29,171,54,18,2,3,31,0,0,0,0,117
Pune,VILLAGE,Peth Shahapur,Rural,64,346,122,16,66,1,36,1,1,0,1,224
Pune,VILLAGE,Ambavane,Rural,191,875,337,16,6,14,152,14,35,5,95,538
Pune,VILLAGE,Majgaon,Rural,31,156,89,33,30,0,26,0,0,0,0,67
Pune,VILLAGE,Kumbhori,Rural,89,471,291,104,21,6,4,114,36,6,0,180
Pune,VILLAGE,Kolawali,Rural,28,166,93,3,1,4,19,24,40,2,0,73
Pune,VILLAGE,Chandivali,Rural,42,192,101,0,0,0,0,51,50,0,0,91
Pune,VILLAGE,Pomgaon,Rural,144,786,388,188,19,6,82,33,6,0,54,398
Pune,VILLAGE,Saltar,Rural,37,189,61,28,0,0,25,6,0,0,2,128
Pune,VILLAGE,Tail Baila,Rural,63,334,108,75,0,0,26,2,5,0,0,226
Pune,VILLAGE,Barpe Bk.,Rural,65,374,244,21,2,1,12,149,39,4,16,130
Pune,VILLAGE,Shirvali,Rural,48,176,116,89,8,0,15,4,0,0,0,60
Pune,VILLAGE,Nandivali,Rural,58,248,159,46,2,0,13,53,22,0,23,89
Pune,VILLAGE,Shedani,Rural,65,297,160,119,7,4,20,3,6,1,0,137
Pune,VILLAGE,Bhambarde,Rural,122,458,247,5,0,2,33,72,84,3,48,211
Pune,VILLAGE,Ekole,Rural,16,63,45,41,3,0,1,0,0,0,0,18
Pune,VILLAGE,Ghutake,Rural,35,167,95,77,15,0,3,0,0,0,0,72
Pune,VILLAGE,Adgaon,Rural,35,174,100,89,7,0,1,0,3,0,0,74
Pune,VILLAGE,Pimpri,Rural,142,826,367,147,129,4,31,5,48,2,1,459
Pune,VILLAGE,Valane,Rural,116,632,357,195,131,4,19,5,0,1,2,275
Pune,VILLAGE,Sambhave,Rural,100,428,249,108,36,9,77,11,3,0,5,179
Pune,VILLAGE,Disali,Rural,54,278,124,48,31,5,35,2,2,0,1,154
Pune,VILLAGE,Jamgaon,Rural,110,503,314,155,46,11,54,12,12,5,19,189
Pune,VILLAGE,Male,Rural,208,1038,505,133,102,12,225,1,16,2,14,533
Pune,VILLAGE,Dattawadi,Rural,90,474,255,107,106,1,39,0,2,0,0,219
Pune,VILLAGE,Tata Talav,Rural,37,175,77,9,10,0,39,1,15,0,3,98
Pune,VILLAGE,Vadgaon,Rural,114,682,402,90,17,3,260,0,5,2,25,280
Pune,VILLAGE,Vandre,Rural,116,781,310,70,12,0,35,81,95,0,17,471
Pune,VILLAGE,Nive,Rural,175,772,381,190,52,5,54,25,24,2,29,391
Pune,VILLAGE,Mulshi Kh.,Rural,167,788,316,133,48,13,105,3,9,0,5,472
Pune,VILLAGE,Warak,Rural,87,429,287,1,0,0,1,125,155,2,3,142
Pune,VILLAGE,Tamhini Bk,Rural,146,808,418,283,61,3,67,2,0,1,1,390
Pune,VILLAGE,Gheravitangad,Rural,0,0,0,0,0,0,0,0,0,0,0,0
Pune,VILLAGE,Andhale,Rural,55,337,304,0,0,0,0,295,1,2,6,33
Pune,VILLAGE,Katar Khadak,Rural,177,887,347,199,24,14,107,1,1,0,1,540
Pune,VILLAGE,Khamboli,Rural,205,1070,576,245,5,3,179,121,12,1,10,494
Pune,VILLAGE,Pimpaloli,Rural,172,908,444,242,8,18,164,2,1,0,9,464
Pune,VILLAGE,Rihe,Rural,424,2124,969,411,161,37,309,15,3,1,32,1155
Pune,VILLAGE,Godambewadi,Rural,183,987,446,254,14,7,150,13,0,0,8,541
Pune,VILLAGE,Man,Rural,1661,7527,3219,694,106,196,1845,36,28,12,302,4308
Pune,VILLAGE,Bhoirwadi,Rural,138,700,390,144,16,57,96,30,2,2,43,310
Pune,VILLAGE,Chande,Rural,258,1273,767,314,32,15,188,1,207,1,9,506
Pune,VILLAGE,Amarale Wadi,Rural,67,312,181,87,0,3,83,4,1,0,3,131
Pune,VILLAGE,Materewadi,Rural,104,574,180,51,3,3,99,0,6,1,17,394
Pune,VILLAGE,Bhegadewadi,Rural,288,1330,933,399,155,38,212,16,29,4,80,397
Pune,VILLAGE,Ghotavade,Rural,493,2280,1009,219,41,61,454,67,23,8,136,1271
Pune,VILLAGE,Padalgharwadi,Rural,134,685,362,128,102,0,129,0,1,1,1,323
Pune,VILLAGE,Jawal,Rural,175,802,507,302,65,1,120,9,2,0,8,295
Pune,VILLAGE,Kemasewadi,Rural,82,376,225,79,91,0,46,0,1,0,8,151
Pune,VILLAGE,Kashig,Rural,171,824,376,184,110,2,57,0,4,1,18,448
Pune,VILLAGE,Shindewadi,Rural,81,321,172,67,77,1,23,1,2,0,1,149
Pune,VILLAGE,Bhalgudi,Rural,187,912,513,409,1,4,99,0,0,0,0,399
Pune,VILLAGE,Nandgaon,Rural,96,545,305,105,22,4,20,55,53,20,26,240
Pune,VILLAGE,Chikhalgaon,Rural,132,652,353,213,17,1,57,49,6,1,9,299
Pune,VILLAGE,Satesai,Rural,141,781,463,316,16,0,26,28,32,16,29,318
Pune,VILLAGE,Hadashi,Rural,176,936,608,237,98,3,36,144,84,0,6,328
Pune,VILLAGE,Kolwan,Rural,248,1247,688,411,28,12,205,9,6,1,16,559
Pune,VILLAGE,Walen,Rural,152,784,435,287,20,2,120,6,0,0,0,349
Pune,VILLAGE,Dongargaon,Rural,180,860,599,319,59,9,202,7,2,0,1,261
Pune,VILLAGE,Hotale,Rural,108,562,325,109,110,5,74,4,10,2,11,237
Pune,VILLAGE,Nanegaon,Rural,117,553,335,287,14,5,29,0,0,0,0,218
Pune,VILLAGE,Kasarsai,Rural,689,3381,1656,521,106,61,617,217,23,43,68,1725
Pune,VILLAGE,Nere,Rural,299,1587,774,448,57,29,186,23,14,1,16,813
Pune,VILLAGE,Dattwadi,Rural,308,1420,748,231,109,15,277,26,45,1,44,672
Pune,VILLAGE,Jambe,Rural,348,1895,743,397,39,7,256,4,10,0,30,1152
Pune,VILLAGE,Mahalunge  (N.V.),Rural,1517,6471,2565,445,197,94,1667,19,17,4,122,3906
Pune,VILLAGE,Sus  (N.V.),Rural,1093,4862,1975,354,46,120,1344,30,19,5,57,2887
Pune,VILLAGE,Bavadhan BK  (N.V.),Rural,2528,10438,4169,262,24,132,3476,24,6,16,229,6269
Pune,VILLAGE,Marunji,Rural,1145,4853,2512,364,101,76,1521,51,18,18,363,2341
Pune,VILLAGE,Mulkhed,Rural,243,1159,656,251,47,8,146,119,39,6,40,503
Pune,VILLAGE,Nande,Rural,305,1622,836,211,54,9,294,51,14,7,196,786
Pune,VILLAGE,Lavale,Rural,1537,6732,2979,907,294,44,1656,16,7,1,54,3753
Pune,VILLAGE,Bhugaon,Rural,1411,5949,2562,379,94,38,1727,113,39,9,163,3387
Pune,VILLAGE,Bhukum,Rural,620,2859,1439,539,102,65,645,3,11,6,68,1420
Pune,VILLAGE,Kule,Rural,274,1238,831,715,11,6,44,18,6,12,19,407
Pune,VILLAGE,Dakhane,Rural,127,771,365,88,6,0,91,40,117,2,21,406
Pune,VILLAGE,Chale,Rural,183,828,331,162,10,12,122,2,5,4,14,497
Pune,VILLAGE,Mugavade,Rural,129,649,376,97,33,2,29,131,26,0,58,273
Pune,VILLAGE,Bhare,Rural,295,1479,923,517,17,2,379,3,1,0,4,556
Pune,VILLAGE,Ambarwet,Rural,538,2472,1075,183,68,23,550,17,81,16,137,1397
Pune,VILLAGE,Darawali,Rural,306,1489,607,244,14,23,223,21,20,12,50,882
Pune,VILLAGE,Karmoli,Rural,187,884,452,171,58,7,203,6,1,0,6,432
Pune,VILLAGE,Savargaon,Rural,85,448,141,64,13,1,61,2,0,0,0,307
Pune,VILLAGE,Khubawali,Rural,80,413,161,15,13,2,110,6,2,3,10,252
Pune,VILLAGE,Asade,Rural,78,367,215,81,48,6,36,16,22,1,5,152
Pune,VILLAGE,Gavadewadi,Rural,38,185,117,22,32,3,18,1,23,1,17,68
Pune,VILLAGE,Bhadas Bk.,Rural,92,521,208,135,3,0,63,1,0,0,6,313
Pune,VILLAGE,Shileshwar,Rural,46,219,125,76,17,3,25,1,0,0,3,94
Pune,VILLAGE,Akole,Rural,117,544,252,166,9,0,75,0,0,0,2,292
Pune,VILLAGE,Ravade,Rural,51,222,106,54,31,0,16,4,1,0,0,116
Pune,VILLAGE,Hulavalewadi,Rural,88,442,226,107,8,3,105,0,0,1,2,216
Pune,VILLAGE,Paud,Rural,852,3730,1473,162,114,117,994,5,15,13,53,2257
Pune,VILLAGE,Kasar Amboli,Rural,1326,5397,2500,272,24,46,2045,8,10,1,94,2897
Pune,VILLAGE,Vitthalwadi,Rural,101,475,231,85,20,8,95,3,4,0,16,244
Pune,VILLAGE,Kondhawale,Rural,233,1084,638,385,72,2,89,37,14,1,38,446
Pune,VILLAGE,Kalamshet,Rural,63,305,94,41,24,1,27,0,1,0,0,211
Pune,VILLAGE,Share,Rural,180,811,362,176,64,15,97,2,6,0,2,449
Pune,VILLAGE,Maded,Rural,153,795,452,130,6,1,101,196,10,1,7,343
Pune,VILLAGE,Andeshe,Rural,186,967,558,120,267,16,133,7,8,2,5,409
Pune,VILLAGE,Chinchwad,Rural,61,323,226,154,16,3,50,0,0,1,2,97
Pune,VILLAGE,Khechare,Rural,202,835,560,339,8,13,67,29,6,8,90,275
Pune,VILLAGE,Belawade,Rural,152,706,359,192,85,1,65,13,2,0,1,347
Pune,VILLAGE,Maranewadi,Rural,136,643,344,97,4,5,121,108,4,0,5,299
Pune,VILLAGE,Uravade,Rural,760,3318,1319,287,48,30,901,2,5,0,46,1999
Pune,VILLAGE,Mukaiwadi,Rural,205,989,615,126,15,3,216,217,29,2,7,374
Pune,VILLAGE,Botarwadi,Rural,172,798,468,264,18,9,158,13,1,0,5,330
Pune,VILLAGE,Ambegaon,Rural,154,820,451,192,26,1,75,133,1,0,23,369
Pune,VILLAGE,Vegre,Rural,42,194,123,102,15,0,5,1,0,0,0,71
Pune,VILLAGE,Lavharde,Rural,107,519,254,48,131,2,43,12,4,3,11,265
Pune,VILLAGE,Kolavade,Rural,188,963,626,411,51,1,91,35,34,0,3,337
Pune,VILLAGE,Kharavade,Rural,121,575,295,112,67,5,88,1,3,1,18,280
Pune,VILLAGE,Andgaon,Rural,237,970,510,255,85,12,133,9,4,4,8,460
Pune,VILLAGE,Muthe,Rural,164,676,327,178,18,24,99,3,0,0,5,349
Pune,VILLAGE,Bharekarwadi,Rural,44,213,140,135,2,0,3,0,0,0,0,73
Pune,VILLAGE,Morewadi,Rural,64,193,108,90,1,0,7,7,0,0,3,85
Pune,VILLAGE,Katavadi,Rural,48,182,114,94,6,1,13,0,0,0,0,68
Pune,VILLAGE,Davaje,Rural,83,319,217,119,71,10,17,0,0,0,0,102
Pune,VILLAGE,Kondhur,Rural,224,1054,460,243,57,9,131,6,4,0,10,594
Pune,VILLAGE,Jatede,Rural,69,253,120,23,5,8,8,26,10,28,12,133
Pune,VILLAGE,Malegaon,Rural,119,457,306,168,28,1,34,71,3,1,0,151
Pune,VILLAGE,Watunde,Rural,132,515,302,166,56,19,43,8,2,2,6,213
Pune,VILLAGE,Wajale,Rural,73,259,104,67,2,0,24,5,6,0,0,155
Pune,VILLAGE,Bhode,Rural,128,513,285,177,65,7,36,0,0,0,0,228
Pune,VILLAGE,Vede,Rural,41,153,99,54,12,3,30,0,0,0,0,54
Pune,VILLAGE,Temghar,Rural,57,278,150,120,0,0,6,22,0,2,0,128
Pune,VILLAGE,Dhamanohol,Rural,73,321,185,142,0,1,24,13,0,0,5,136
Pune,VILLAGE,Koloshi,Rural,10,55,40,27,9,0,4,0,0,0,0,15
Pune,VILLAGE,Mugaon,Rural,69,321,197,0,182,0,0,0,15,0,0,124
Pune,VILLAGE,Bhoini,Rural,58,279,84,58,2,4,17,0,1,0,2,195
Pune,VILLAGE,Dasave,Rural,108,505,156,29,7,1,105,1,0,1,12,349
Pune,VILLAGE,Padalghar,Rural,2,7,4,4,0,0,0,0,0,0,0,3
Pune,VILLAGE,Ugavali,Rural,0,0,0,0,0,0,0,0,0,0,0,0
Pune,VILLAGE,Gadale,Rural,46,196,109,96,5,0,7,0,0,1,0,87
Pune,VILLAGE,Sakhari,Rural,2,14,5,5,0,0,0,0,0,0,0,9
Pune,VILLAGE,Wadavali,Rural,25,123,65,60,0,0,0,0,0,0,5,58
Pune,VILLAGE,Admal,Rural,14,89,61,14,9,3,14,0,16,1,4,28
Pune,VILLAGE,Palase,Rural,12,69,41,11,12,0,7,0,6,0,5,28
Pune,VILLAGE,Bembatmal,Rural,5,28,11,0,5,0,5,0,1,0,0,17
Pune,VILLAGE,Patharshet,Rural,20,77,48,3,11,0,6,4,20,1,3,29
Pune,VILLAGE,Tav,Rural,40,176,113,0,97,0,1,0,6,1,8,63
Pune,VILLAGE,Dhadawali,Rural,5,34,19,0,13,0,1,0,5,0,0,15
Pune,VILLAGE,Mose Kh.,Rural,15,74,40,0,36,0,0,0,4,0,0,34
Pune,VILLAGE,Saiv Kh,Rural,31,160,82,4,23,0,9,8,30,0,8,78
Pune,VILLAGE,Chikhali Bk.,Rural,4,19,9,9,0,0,0,0,0,0,0,10
Pune,CD BLOCK,Haveli,Rural,137704,611631,256772,52092,27096,7998,148701,3637,3736,1105,12407,354859
Pune,VILLAGE,Malinagar,Rural,706,3177,1206,205,68,46,789,17,16,7,58,1971
Pune,VILLAGE,Vitthal Nagar,Rural,1858,8165,3088,312,133,57,2097,25,22,21,421,5077
Pune,VILLAGE,Pimpale Saudagar,Rural,0,0,0,0,0,0,0,0,0,0,0,0
Pune,VILLAGE,Pimpale Gurav,Rural,0,0,0,0,0,0,0,0,0,0,0,0
Pune,VILLAGE,Nirgudi,Rural,159,794,379,174,27,86,71,2,7,5,7,415
Pune,VILLAGE,Wadgaon-shinde,Rural,591,3069,1415,538,114,21,653,13,11,3,62,1654
Pune,VILLAGE,Manjari Kh.,Rural,895,4559,1683,620,386,58,465,41,31,0,82,2876
Pune,VILLAGE,Tulapur,Rural,510,2686,1181,586,277,32,274,3,1,0,8,1505
Pune,VILLAGE,Fulgaon,Rural,380,2404,1172,618,161,39,331,4,12,0,7,1232
Pune,VILLAGE,Wadhu Kh.,Rural,509,2284,1193,422,310,4,443,4,3,0,7,1091
Pune,VILLAGE,Perane,Rural,2114,8993,4241,1588,511,115,1877,18,46,11,75,4752
Pune,VILLAGE,Dongargaon,Rural,471,2479,1350,891,119,33,278,5,14,0,10,1129
Pune,VILLAGE,Burkegaon,Rural,414,2013,1025,611,201,8,152,14,33,3,3,988
Pune,VILLAGE,Pimpri Sandas,Rural,645,3392,1743,724,388,31,240,76,227,4,53,1649
Pune,VILLAGE,Shiraswadi,Rural,102,551,329,130,105,23,30,0,35,0,6,222
Pune,VILLAGE,Murkutenagar,Rural,123,608,382,305,14,10,33,1,0,2,17,226
Pune,VILLAGE,Gawdewadi,Rural,89,455,289,234,21,2,28,0,0,0,4,166
Pune,VILLAGE,Wade Bolhai,Rural,838,4462,2186,939,492,42,467,93,93,13,47,2276
Pune,VILLAGE,Bakori,Rural,333,1555,724,294,117,6,191,9,14,3,90,831
Pune,VILLAGE,Loni-kand,Rural,1820,7944,3502,704,197,318,2181,19,7,14,62,4442
Pune,VILLAGE,Bhawadi,Rural,517,2584,1352,443,84,3,799,5,0,0,18,1232
Pune,VILLAGE,Awhalwadi,Rural,1147,5671,2431,787,203,48,1170,55,51,6,111,3240
Pune,VILLAGE,Kesnand,Rural,972,4718,1829,607,105,29,1009,33,15,2,29,2889
Pune,VILLAGE,Taleranwadi,Rural,331,1709,970,689,19,29,197,11,6,0,19,739
Pune,VILLAGE,Kolwadi,Rural,940,4967,2232,1309,422,33,440,6,16,0,6,2735
Pune,VILLAGE,Sashte,Rural,153,799,369,280,62,0,22,2,3,0,0,430
Pune,VILLAGE,Biwari,Rural,183,962,625,495,116,0,10,3,0,0,1,337
Pune,VILLAGE,Pashan,Rural,0,0,0,0,0,0,0,0,0,0,0,0
Pune,VILLAGE,Lahagaon  (N.V.),Rural,7526,32857,12050,814,166,360,10143,102,17,47,401,20807
Pune,VILLAGE,Manjari Bk (N.V.),Rural,8401,36816,14058,1011,1331,422,9680,169,345,106,994,22758
Pune,VILLAGE,Hadapsar  (N.V.),Rural,3738,14833,5988,233,270,120,4941,37,70,26,291,8845
Pune,VILLAGE,Mundhawa  (N.V.),Rural,0,0,0,0,0,0,0,0,0,0,0,0
Pune,VILLAGE,Shivane (Uttamnagar)  (N.V.),Rural,1775,7497,2692,89,85,169,2234,5,14,11,85,4805
Pune,VILLAGE,Kondave - Dhavde  (N.V.),Rural,3543,17153,6667,161,125,175,5063,51,14,46,1032,10486
Pune,VILLAGE,Nanded  (N.V.),Rural,2669,11371,5265,361,198,275,3936,35,17,34,409,6106
Pune,VILLAGE,Shivne (Part)  (N.V.),Rural,4099,16689,6405,218,68,233,5380,91,13,30,372,10284
Pune,VILLAGE,Kirkitwadi  (N.V.),Rural,2233,8941,3337,176,28,108,2758,33,10,17,207,5604
Pune,VILLAGE,Dhayari (Part)  (N.V.),Rural,5600,21861,8467,631,162,306,6654,53,21,69,571,13394
Pune,VILLAGE,Nahre  (N.V.),Rural,4176,16174,6513,339,163,274,5138,43,88,29,439,9661
Pune,VILLAGE,Ambegaon Bk (Part)  (N.V.),Rural,5361,21387,8325,264,81,384,7122,47,35,18,374,13062
Pune,VILLAGE,Ambegaon Kh (Part)  (N.V.),Rural,2563,10959,3823,130,14,117,3365,12,5,10,170,7136
Pune,VILLAGE,Pisoli  (N.V.),Rural,1429,5417,2449,234,42,56,1953,27,7,2,128,2968
Pune,VILLAGE,Undari (Part)  (N.V.),Rural,2048,7970,3330,294,130,150,2643,13,13,23,64,4640
Pune,VILLAGE,Khadakwasala  (N.V.),Rural,2253,9469,3825,309,101,220,3074,34,13,10,64,5644
Pune,VILLAGE,Kopare  (N.V.),Rural,714,3301,1144,41,12,40,875,17,16,4,139,2157
Pune,VILLAGE,Sunarwadi ,Rural,0,0,0,0,0,0,0,0,0,0,0,0
Pune,VILLAGE,Ahire,Rural,71,322,213,136,9,2,66,0,0,0,0,109
Pune,VILLAGE,Wanjalewadi ,Rural,47,169,125,89,1,0,33,1,0,0,1,44
Pune,VILLAGE,Khadewadi ,Rural,63,219,157,2,0,2,43,85,1,1,23,62
Pune,VILLAGE,Mokarwadi ,Rural,58,200,152,2,1,4,41,92,3,0,9,48
Pune,VILLAGE,Bahuli,Rural,154,716,434,359,9,19,10,2,4,10,21,282
Pune,VILLAGE,Agalambe,Rural,362,1610,873,378,115,24,292,12,3,12,37,737
Pune,VILLAGE,Kudaje,Rural,315,1492,581,69,6,9,416,7,4,5,65,911
Pune,VILLAGE,Gorhe Bk.,Rural,691,3178,1032,131,38,18,818,15,2,0,10,2146
Pune,VILLAGE,Donaje,Rural,713,3565,1484,186,101,131,895,10,38,15,108,2081
Pune,VILLAGE,Gorhe Kh.,Rural,466,2126,1074,167,24,13,684,79,27,1,79,1052
Pune,VILLAGE,Khadakwadi,Rural,161,733,238,101,14,8,99,2,5,2,7,495
Pune,VILLAGE,Mandvi Kh.,Rural,126,638,331,188,24,5,106,6,0,0,2,307
Pune,VILLAGE,Mandvi Bk.,Rural,165,718,403,287,52,0,64,0,0,0,0,315
Pune,VILLAGE,Sangarun,Rural,254,1245,701,361,50,3,169,55,42,0,21,544
Pune,VILLAGE,Malkhed,Rural,172,770,369,128,94,5,138,1,2,0,1,401
Pune,VILLAGE,Khanapur,Rural,716,3191,1429,478,41,61,703,59,5,2,80,1762
Pune,VILLAGE,Manekhadi ,Rural,234,1080,563,127,34,7,241,27,10,7,110,517
Pune,VILLAGE,Sambarewadi,Rural,99,480,146,9,0,0,14,4,2,1,116,334
Pune,VILLAGE,Ghera Sinhagad,Rural,130,655,205,11,5,1,78,3,5,1,101,450
Pune,VILLAGE,Mordhari ,Rural,55,313,148,85,9,3,49,2,0,0,0,165
Pune,VILLAGE,Thoptewadi,Rural,105,500,185,87,11,0,78,0,1,0,8,315
Pune,VILLAGE,Bhagatwadi,Rural,172,694,458,389,4,0,12,1,0,0,52,236
Pune,VILLAGE,Wardade,Rural,245,1183,524,204,6,17,219,6,6,2,64,659
Pune,VILLAGE,Sonapur,Rural,168,818,281,143,8,3,123,2,0,0,2,537
Pune,VILLAGE,Jambhali,Rural,156,688,242,161,25,5,44,5,1,0,1,446
Pune,VILLAGE,Ambee,Rural,253,1704,694,481,27,5,146,8,15,1,11,1010
Pune,VILLAGE,Khamgaon Mawal,Rural,179,743,555,223,53,74,128,22,11,25,19,188
Pune,VILLAGE,Mogarwadi,Rural,158,708,309,182,17,0,103,3,0,0,4,399
Pune,VILLAGE,Nandoshi,Rural,174,757,435,145,32,6,235,3,5,1,8,322
Pune,VILLAGE,Sanas Nagar,Rural,122,616,264,73,6,10,153,6,9,2,5,352
Pune,VILLAGE,Gogalwadi,Rural,264,1363,773,488,37,4,198,28,5,1,12,590
Pune,VILLAGE,Arvi,Rural,260,1292,684,409,43,6,147,6,43,2,28,608
Pune,VILLAGE,Kalyan,Rural,320,1521,802,528,23,6,196,16,16,0,17,719
Pune,VILLAGE,Awasare Nagar,Rural,120,551,310,162,16,0,55,13,64,0,0,241
Pune,VILLAGE,Tanaji Nagar,Rural,139,644,374,167,20,7,109,25,17,0,29,270
Pune,VILLAGE,Gaud Dara,Rural,227,1098,491,279,71,8,116,9,4,0,4,607
Pune,VILLAGE,Ramnagar,Rural,494,2349,1155,373,157,34,553,14,4,2,18,1194
Pune,VILLAGE,Kondhanpur,Rural,301,1451,747,276,141,9,234,62,16,5,4,704
Pune,VILLAGE,Mordari,Rural,43,222,114,81,3,0,18,2,7,0,3,108
Pune,VILLAGE,Rahatwade,Rural,347,1818,1106,648,158,10,246,9,32,0,3,712
Pune,VILLAGE,Shiwapur,Rural,542,2588,1290,315,380,112,438,8,7,9,21,1298
Pune,VILLAGE,Khed,Rural,786,3665,1396,414,460,39,394,24,26,5,34,2269
Pune,VILLAGE,Shewalwadi,Rural,891,4059,1889,282,371,134,925,64,27,17,69,2170
Pune,VILLAGE,Fursungi,Rural,15595,66062,24861,2096,2066,593,18089,223,247,107,1440,41201
Pune,VILLAGE,Uruli-dewachi,Rural,2086,9403,3879,593,280,79,2404,55,98,38,332,5524
Pune,VILLAGE,Wadki,Rural,1841,8385,4219,1531,258,251,2000,39,14,12,114,4166
Pune,VILLAGE,Autadwadi Handewadi,Rural,563,2556,1037,254,37,14,691,9,9,5,18,1519
Pune,VILLAGE,Gujar Nimbalkarwadi,Rural,286,1384,508,126,42,1,290,6,7,4,32,876
Pune,VILLAGE,Jambhulwadi,Rural,199,972,330,76,1,3,248,2,0,0,0,642
Pune,VILLAGE,Kolewadi,Rural,88,456,183,36,52,0,56,16,19,0,4,273
Pune,VILLAGE,Mangadewadi,Rural,843,3970,1445,58,16,46,1223,6,5,6,85,2525
Pune,VILLAGE,Bhilarewadi,Rural,621,2694,1122,54,13,30,951,2,5,2,65,1572
Pune,VILLAGE,Wadachiwadi,Rural,219,929,486,172,130,14,167,1,0,1,1,443
Pune,VILLAGE,Holkarwadi,Rural,601,2913,1362,495,76,67,584,13,60,10,57,1551
Pune,VILLAGE,Nhavi Sandas,Rural,298,1581,966,479,262,9,68,117,22,4,5,615
Pune,VILLAGE,Sangavi Sandas,Rural,247,1245,699,472,115,47,60,0,4,0,1,546
Pune,VILLAGE,Ashtapur,Rural,616,3225,1639,1003,427,19,128,3,18,0,41,1586
Pune,VILLAGE,Shindewadi,Rural,262,1324,876,566,65,4,111,99,16,4,11,448
Pune,VILLAGE,Hingangaon,Rural,313,1709,957,365,304,6,136,125,13,2,6,752
Pune,VILLAGE,Khamgaon Tek,Rural,193,1045,592,270,264,0,57,1,0,0,0,453
Pune,VILLAGE,Bhawarapur,Rural,181,823,325,108,108,16,64,0,9,2,18,498
Pune,VILLAGE,Koregaon Mul,Rural,1094,4818,2511,574,727,89,863,29,40,22,167,2307
Pune,VILLAGE,Peth,Rural,400,2076,1009,451,153,10,174,120,44,6,51,1067
Pune,VILLAGE,Prayagdhum  (N.V.),Rural,321,1899,842,112,619,21,59,5,8,10,8,1057
Pune,VILLAGE,Theur,Rural,2018,9674,4152,651,1193,140,1607,23,355,11,172,5522
Pune,VILLAGE,Kadamwak Wasti,Rural,4194,19239,7348,593,1130,220,4664,175,117,27,422,11891
Pune,VILLAGE,Loni-kalbhor,Rural,4720,22518,9951,2608,2110,306,4495,40,121,24,247,12567
Pune,VILLAGE,Kunjirwadi,Rural,1859,8421,3815,1075,1238,67,1294,16,28,13,84,4606
Pune,VILLAGE,Naigaon,Rural,548,2589,1400,517,388,37,447,2,3,0,6,1189
Pune,VILLAGE,Tilekarwadi,Rural,356,1747,897,456,134,2,265,2,16,1,21,850
Pune,VILLAGE,Uruli Kanchan,Rural,6693,30305,11998,1741,2046,499,6549,101,337,75,650,18307
Pune,VILLAGE,Sortapwadi,Rural,1372,6366,3053,1037,1118,34,785,10,33,7,29,3313
Pune,VILLAGE,Ramoshiwadi,Rural,163,787,501,157,44,0,44,212,32,2,10,286
Pune,VILLAGE,Alandi Mhatobachi,Rural,789,3954,2142,911,551,38,391,82,58,4,107,1812
Pune,VILLAGE,Tarade,Rural,413,2138,1156,602,154,3,160,63,158,0,16,982
Pune,VILLAGE,Walati,Rural,330,1592,907,617,110,2,174,2,1,0,1,685
Pune,VILLAGE,Shindwane,Rural,936,4685,2634,1622,541,45,368,12,9,1,36,2051
Pune,CD BLOCK,Pune ,Rural,7537,29965,12345,563,180,492,10263,103,49,101,594,17620
Pune,VILLAGE,Keshavnagar-Mundwa  (N.V.),Rural,7537,29965,12345,563,180,492,10263,103,49,101,594,17620
Pune,CD BLOCK,Daund,Rural,66488,324183,163560,73962,40645,2686,34026,4559,3827,446,3409,160623
Pune,VILLAGE,Patethan,Rural,363,1774,1045,689,246,6,91,5,5,0,3,729
Pune,VILLAGE,Takali,Rural,307,1458,886,686,120,15,52,4,3,3,3,572
Pune,VILLAGE,Panwali,Rural,202,858,518,363,32,5,30,56,16,0,16,340
Pune,VILLAGE,Vadgaon Bande,Rural,303,1570,870,669,79,7,102,9,1,1,2,700
Pune,VILLAGE,Koregaon Bhiwar,Rural,265,1288,781,525,211,0,33,1,9,0,2,507
Pune,VILLAGE,Telewadi,Rural,368,1792,1044,600,229,0,168,36,5,1,5,748
Pune,VILLAGE,Pilanwadi,Rural,807,3691,2183,858,902,12,264,3,11,2,131,1508
Pune,VILLAGE,Devkarwadi,Rural,352,1800,1063,901,91,4,61,6,0,0,0,737
Pune,VILLAGE,Mirwadi,Rural,396,2179,1066,654,246,7,38,90,27,1,3,1113
Pune,VILLAGE,Dahitane,Rural,340,1608,1031,729,161,6,107,12,7,0,9,577
Pune,VILLAGE,Rahu,Rural,2034,10220,5224,2140,1867,118,965,34,53,7,40,4996
Pune,VILLAGE,Pimpalgaon,Rural,1041,5126,2572,1338,883,33,279,17,11,0,11,2554
Pune,VILLAGE,Valki,Rural,561,2768,1567,868,516,24,96,17,30,3,13,1201
Pune,VILLAGE,Delvadi,Rural,719,3542,2023,1109,603,43,139,57,45,4,23,1519
Pune,VILLAGE,Ekeriwadi,Rural,403,2080,1084,645,369,8,48,2,11,0,1,996
Pune,VILLAGE,Ladkatwadi,Rural,283,1323,726,447,116,14,138,5,2,0,4,597
Pune,VILLAGE,Nathachiwadi,Rural,629,3233,1836,1011,543,26,220,17,13,1,5,1397
Pune,VILLAGE,Boratewadi,Rural,196,993,547,274,151,8,83,2,3,1,25,446
Pune,VILLAGE,Nandur,Rural,219,934,509,184,172,2,135,2,3,0,11,425
Pune,VILLAGE,Khamgaon,Rural,1176,5813,3109,1635,716,46,421,125,21,6,139,2704
Pune,VILLAGE,Tambewadi,Rural,268,1333,842,580,165,18,77,1,0,0,1,491
Pune,VILLAGE,Undawadi,Rural,441,2181,1234,540,546,6,109,22,8,1,2,947
Pune,VILLAGE,Khutbav,Rural,954,4737,2316,871,916,20,410,46,29,3,21,2421
Pune,VILLAGE,Yawat Station,Rural,803,4055,1956,1001,514,16,301,73,39,2,10,2099
Pune,VILLAGE,Kamatwadi,Rural,273,1458,852,395,259,6,179,4,1,0,8,606
Pune,VILLAGE,Kasurdi,Rural,549,2755,1440,621,550,19,143,6,99,2,0,1315
Pune,VILLAGE,Jawje Buwachiwadi,Rural,324,1452,824,303,253,13,218,16,9,3,9,628
Pune,VILLAGE,Sahajpurwadi,Rural,653,3232,1850,756,513,24,449,74,25,3,6,1382
Pune,VILLAGE,Boribhadak,Rural,759,3330,1843,741,610,12,466,5,3,1,5,1487
Pune,VILLAGE,Dalimb,Rural,539,2724,1591,1190,265,18,114,1,2,0,1,1133
Pune,VILLAGE,Tamhanwadi,Rural,140,666,398,280,14,2,98,2,0,0,2,268
Pune,VILLAGE,Boriaindi,Rural,612,3012,1743,1089,280,41,324,7,0,0,2,1269
Pune,VILLAGE,Bharatgoan,Rural,452,2340,1492,1010,101,9,151,140,32,4,45,848
Pune,VILLAGE,Yawat,Rural,3005,13983,6514,2071,2261,233,1843,24,33,3,46,7469
Pune,VILLAGE,Bhandgaon,Rural,823,4076,1935,809,551,14,497,30,23,1,10,2141
Pune,VILLAGE,Wakhari,Rural,483,2602,1338,638,236,3,373,19,17,0,52,1264
Pune,VILLAGE,Khor,Rural,584,2977,1791,1074,430,40,213,12,16,1,5,1186
Pune,VILLAGE,Pimpalachiwadi,Rural,208,1057,503,325,151,1,25,0,0,0,1,554
Pune,VILLAGE,Galandwadi,Rural,414,2076,1235,637,358,53,109,22,18,19,19,841
Pune,VILLAGE,Pargaon,Rural,1690,8253,4512,2391,1259,112,496,90,142,4,18,3741
Pune,VILLAGE,Nangaon,Rural,519,2576,1094,441,436,6,186,1,8,3,13,1482
Pune,VILLAGE,Ganesh Road,Rural,388,2118,1135,476,275,2,88,166,118,1,9,983
Pune,VILLAGE,Amoni Mal,Rural,175,935,562,480,27,13,39,1,2,0,0,373
Pune,VILLAGE,Khopodi,Rural,166,910,317,116,141,4,46,0,1,1,8,593
Pune,VILLAGE,Handalwadi,Rural,212,1215,654,319,65,3,60,55,94,19,39,561
Pune,VILLAGE,Kedgaon Station,Rural,1353,6354,2560,467,293,94,1245,30,21,9,401,3794
Pune,VILLAGE,Deshmukh Mala,Rural,180,1004,621,469,28,45,44,19,5,0,11,383
Pune,VILLAGE,Dapodi,Rural,844,4546,2173,774,591,34,604,14,36,9,111,2373
Pune,VILLAGE,Boripardhi,Rural,2596,13415,6236,1139,989,208,3307,74,255,45,219,7179
Pune,VILLAGE,Kedgaon,Rural,750,3492,1720,281,622,57,569,54,97,3,37,1772
Pune,VILLAGE,Nimbalkar Vasti,Rural,273,1575,795,459,117,1,70,140,2,0,6,780
Pune,VILLAGE,Dhumalicha Mala,Rural,326,1748,908,446,192,6,254,2,2,0,6,840
Pune,VILLAGE,Deulgaon Gada,Rural,583,3051,1609,1179,196,41,154,17,12,1,9,1442
Pune,VILLAGE,Padvi,Rural,711,3523,1912,1147,325,25,305,18,71,7,14,1611
Pune,VILLAGE,Hatwalan,Rural,429,2054,1358,465,247,0,103,462,72,0,9,696
Pune,VILLAGE,Kangaon,Rural,1242,6375,3290,1953,733,48,341,81,33,22,79,3085
Pune,VILLAGE,Gar,Rural,250,1339,515,222,150,8,77,11,42,0,5,824
Pune,VILLAGE,Betwadi,Rural,459,2255,1165,687,129,4,119,177,31,6,12,1090
Pune,VILLAGE,Navingar,Rural,327,1550,923,539,312,8,36,17,8,1,2,627
Pune,VILLAGE,Kadethanwadi,Rural,571,2866,1554,918,279,7,241,72,23,0,14,1312
Pune,VILLAGE,Warwand,Rural,2639,12690,5481,1745,1371,136,1384,468,178,22,177,7209
Pune,VILLAGE,Patas,Rural,3570,17495,8248,2099,2165,181,2962,339,204,114,184,9247
Pune,VILLAGE,Virobawadi,Rural,441,2186,969,318,296,43,90,101,94,5,22,1217
Pune,VILLAGE,Kusegaon,Rural,553,2832,1425,872,244,5,279,1,16,1,7,1407
Pune,VILLAGE,Hinganigada,Rural,379,1889,1058,535,123,2,342,29,8,0,19,831
Pune,VILLAGE,Roti,Rural,213,1010,512,216,85,5,115,51,16,0,24,498
Pune,VILLAGE,Kurkumbh,Rural,1268,5322,2130,265,230,60,1273,119,65,7,111,3192
Pune,VILLAGE,Pandharewadi,Rural,714,3067,1461,655,107,52,604,28,3,0,12,1606
Pune,VILLAGE,Jiregaon,Rural,418,2078,1031,325,155,3,180,112,244,0,12,1047
Pune,VILLAGE,Wasunde,Rural,368,1727,949,601,106,14,147,41,8,1,31,778
Pune,VILLAGE,Nanwij,Rural,367,1770,587,339,111,3,125,1,1,0,7,1183
Pune,VILLAGE,Sonwadi,Rural,714,3969,1674,436,449,15,395,83,113,7,176,2295
Pune,VILLAGE,Girim,Rural,1110,5951,3186,1645,674,36,778,8,24,1,20,2765
Pune,VILLAGE,Gopalwadi,Rural,1515,7211,2723,577,376,41,1658,18,5,5,43,4488
Pune,VILLAGE,Lingali,Rural,1161,5753,1910,314,261,73,978,11,34,14,225,3843
Pune,VILLAGE,Khorodi,Rural,629,3547,1718,803,256,7,407,21,135,8,81,1829
Pune,VILLAGE,Alegaon,Rural,130,548,280,198,62,1,15,2,2,0,0,268
Pune,VILLAGE,Deulgaon Raje,Rural,865,3913,1966,672,668,24,492,30,56,1,23,1947
Pune,VILLAGE,Wadgaon Darekar,Rural,366,1596,1028,363,507,18,26,15,96,1,2,568
Pune,VILLAGE,Pedgaon,Rural,263,1236,577,430,115,3,15,4,8,1,1,659
Pune,VILLAGE,Shirapur,Rural,480,2069,1147,549,535,2,41,13,7,0,0,922
Pune,VILLAGE,Hingani Berdi,Rural,350,1417,816,335,255,8,181,8,12,5,12,601
Pune,VILLAGE,Kalewadi (nv),Rural,481,2104,1204,623,340,12,76,18,53,5,77,900
Pune,VILLAGE,Kadamwasti,Rural,447,2178,968,417,246,9,158,25,11,4,98,1210
Pune,VILLAGE,Masanarwadi,Rural,392,2096,947,410,116,30,322,25,15,1,28,1149
Pune,VILLAGE,Malwadi,Rural,120,564,335,155,29,6,54,39,24,3,25,229
Pune,VILLAGE,Mergalwadi,Rural,297,1774,624,380,97,19,112,3,4,2,7,1150
Pune,VILLAGE,Kauthadi,Rural,263,1310,756,357,146,4,31,9,206,0,3,554
Pune,VILLAGE,Maladpatas,Rural,727,3535,2001,1140,386,25,246,45,141,7,11,1534
Pune,VILLAGE,Boribel,Rural,570,2518,1265,611,358,14,196,28,36,3,19,1253
Pune,VILLAGE,Gadewadi,Rural,278,1391,655,510,107,1,26,4,4,0,3,736
Pune,VILLAGE,Ravangaon,Rural,856,4241,2309,1340,498,23,402,12,9,1,24,1932
Pune,VILLAGE,Nandadevi,Rural,454,2172,1219,824,313,0,55,2,20,0,5,953
Pune,VILLAGE,Khadaki,Rural,1410,6403,2997,1293,866,46,551,129,74,6,32,3406
Pune,VILLAGE,Lonarwadi,Rural,372,1604,888,437,245,0,201,0,1,0,4,716
Pune,VILLAGE,Malthan,Rural,1002,4103,2342,997,855,54,196,69,90,5,76,1761
Pune,VILLAGE,Watluj,Rural,414,1926,1201,639,249,4,126,123,49,0,11,725
Pune,VILLAGE,Naygaon,Rural,98,380,217,72,126,2,17,0,0,0,0,163
Pune,VILLAGE,Rajegaon,Rural,973,4198,2046,910,686,30,310,6,38,10,56,2152
Pune,VILLAGE,Khanote,Rural,637,2830,1315,459,523,15,285,4,4,2,23,1515
Pune,VILLAGE,Gawadebagade Wasti,Rural,177,890,521,239,248,0,25,2,7,0,0,369
Pune,VILLAGE,Chincholi,Rural,715,3440,1880,1233,428,2,197,8,7,0,5,1560
Pune,CD BLOCK,Purandhar,Rural,38424,178095,101825,60907,14971,1562,15845,4843,1958,251,1488,76270
Pune,VILLAGE,Askarwadi,Rural,100,457,305,116,9,2,105,66,3,0,4,152
Pune,VILLAGE,Patharwadi,Rural,122,547,368,108,10,0,115,120,4,0,11,179
Pune,VILLAGE,Bhivari,Rural,682,3314,2004,768,85,7,363,718,23,1,39,1310
Pune,VILLAGE,Bopgaon,Rural,574,2936,1773,1134,185,4,120,219,93,8,10,1163
Pune,VILLAGE,Chambali,Rural,738,3449,1966,1181,316,38,173,168,15,10,65,1483
Pune,VILLAGE,Jadhavwadi,Rural,130,609,362,81,248,0,33,0,0,0,0,247
Pune,VILLAGE,Zendewadi,Rural,314,1500,888,500,71,3,201,61,17,1,34,612
Pune,VILLAGE,Kalewadi,Rural,299,1404,839,480,89,15,162,70,4,1,18,565
Pune,VILLAGE,Sonori,Rural,461,2409,1511,993,275,14,194,12,7,3,13,898
Pune,VILLAGE,Vanpuri,Rural,235,1079,665,402,91,5,142,7,4,2,12,414
Pune,VILLAGE,Udachiwadi,Rural,176,843,451,362,16,4,62,5,2,0,0,392
Pune,VILLAGE,Ambodi,Rural,142,650,396,309,36,5,33,9,0,0,4,254
Pune,VILLAGE,Saswad Rural,Rural,0,0,0,0,0,0,0,0,0,0,0,0
Pune,VILLAGE,Dive,Rural,768,3484,2033,990,283,13,594,27,36,6,84,1451
Pune,VILLAGE,Pawarwadi,Rural,214,1006,502,258,16,29,159,4,3,2,31,504
Pune,VILLAGE,Hivare,Rural,480,2263,1369,785,94,10,230,143,70,4,33,894
Pune,VILLAGE,Garade,Rural,904,4381,2657,1659,266,23,338,155,171,4,41,1724
Pune,VILLAGE,Thapewadi,Rural,133,626,436,250,88,0,9,83,3,0,3,190
Pune,VILLAGE,Warvadi,Rural,97,434,264,91,24,1,57,80,6,0,5,170
Pune,VILLAGE,Somurdi,Rural,211,930,580,424,48,8,51,21,7,6,15,350
Pune,VILLAGE,Kodit Kh.,Rural,215,984,616,373,189,7,32,11,0,0,4,368
Pune,VILLAGE,Kodit Bk.,Rural,685,2907,1820,1067,326,40,266,43,53,9,16,1087
Pune,VILLAGE,Bhivadi,Rural,606,3050,1589,800,194,31,292,174,76,6,16,1461
Pune,VILLAGE,Pur,Rural,265,1418,614,326,39,28,147,19,15,15,25,804
Pune,VILLAGE,Pokhar,Rural,54,254,159,50,1,3,32,1,70,2,0,95
Pune,VILLAGE,Gurholi,Rural,426,1941,1239,982,69,5,161,10,3,0,9,702
Pune,VILLAGE,Singapur,Rural,245,1177,741,593,31,14,101,0,0,0,2,436
Pune,VILLAGE,Pargaon,Rural,653,2891,1689,992,270,31,305,8,41,2,40,1202
Pune,VILLAGE,Waghapur,Rural,513,2177,1146,597,169,12,327,3,8,2,28,1031
Pune,VILLAGE,Ambale,Rural,501,2276,1389,1055,121,23,170,11,3,4,2,887
Pune,VILLAGE,Rajewadi,Rural,320,1417,885,654,56,18,149,7,0,1,0,532
Pune,VILLAGE,Tekavadi,Rural,343,1613,948,686,77,17,118,19,3,8,20,665
Pune,VILLAGE,Malshiras,Rural,720,3571,2241,1737,151,28,229,68,3,17,8,1330
Pune,VILLAGE,Pondhe,Rural,129,597,384,219,18,2,28,108,7,0,2,213
Pune,VILLAGE,Pise,Rural,146,631,424,266,37,11,52,52,3,0,3,207
Pune,VILLAGE,Rise,Rural,205,915,548,248,106,1,48,80,51,3,11,367
Pune,VILLAGE,Rajuri,Rural,512,2472,1563,1208,110,34,119,57,11,0,24,909
Pune,VILLAGE,Naygaon,Rural,471,2217,1441,1162,84,35,150,4,1,0,5,776
Pune,VILLAGE,Pisarve,Rural,717,3175,2105,1232,261,78,178,245,52,18,41,1070
Pune,VILLAGE,Mawadi Supe,Rural,242,978,614,454,100,11,27,8,7,2,5,364
Pune,VILLAGE,Kumbharvalan,Rural,283,1271,694,480,66,5,133,7,1,0,2,577
Pune,VILLAGE,Munjvadi,Rural,128,571,319,107,27,0,168,4,2,0,11,252
Pune,VILLAGE,Khanvadi,Rural,196,941,611,484,42,17,58,3,6,0,1,330
Pune,VILLAGE,Bhosalewadi,Rural,323,1351,884,645,153,2,72,3,3,1,5,467
Pune,VILLAGE,Kothale,Rural,382,1861,1226,943,202,6,59,11,2,0,3,635
Pune,VILLAGE,Pimpri,Rural,371,1709,930,709,96,2,74,37,11,0,1,779
Pune,VILLAGE,Pandeshwar,Rural,403,1900,1120,757,190,20,122,18,9,1,3,780
Pune,VILLAGE,Jawalarjun,Rural,499,2347,1265,839,232,18,136,30,1,2,7,1082
Pune,VILLAGE,Nazare Supe,Rural,308,1512,975,586,186,12,99,9,26,7,50,537
Pune,VILLAGE,Nazarekade Pathar,Rural,446,2277,1473,1096,159,31,123,40,7,1,16,804
Pune,VILLAGE,Ranamala,Rural,150,725,416,318,52,1,40,2,1,0,2,309
Pune,VILLAGE,Dhalewadi,Rural,332,1425,857,513,237,3,90,4,2,1,7,568
Pune,VILLAGE,Belsar,Rural,832,3741,2146,1298,367,65,341,36,13,4,22,1595
Pune,VILLAGE,Nilanj,Rural,106,489,332,305,3,0,22,2,0,0,0,157
Pune,VILLAGE,Walunj,Rural,235,1167,740,632,10,1,88,5,0,1,3,427
Pune,VILLAGE,Khalad,Rural,635,3104,1648,963,146,19,380,84,32,0,24,1456
Pune,VILLAGE,Ekhatpur,Rural,165,679,358,130,58,7,156,1,3,0,3,321
Pune,VILLAGE,Shivari,Rural,538,2586,1619,1152,258,24,180,1,1,0,3,967
Pune,VILLAGE,Takrarwadi,Rural,101,471,310,268,1,4,34,2,0,0,1,161
Pune,VILLAGE,Sakurde,Rural,475,2143,1008,697,90,6,166,22,8,4,15,1135
Pune,VILLAGE,Jejuri Rural,Rural,575,2720,1278,447,175,14,526,80,11,1,24,1442
Pune,VILLAGE,Devadi,Rural,246,1201,499,144,177,4,166,0,1,0,7,702
Pune,VILLAGE,Chivhewadi,Rural,160,738,371,54,83,6,55,49,105,4,15,367
Pune,VILLAGE,Panvadi,Rural,139,560,350,267,32,2,40,4,1,1,3,210
Pune,VILLAGE,Supe  Kh.,Rural,443,2124,1267,782,205,20,184,29,26,2,19,857
Pune,VILLAGE,Borhalewadi,Rural,141,674,425,334,14,0,36,21,6,7,7,249
Pune,VILLAGE,Pimpale,Rural,364,1635,1115,732,106,16,163,60,16,0,22,520
Pune,VILLAGE,Pangare,Rural,363,1472,784,410,59,13,163,118,17,1,3,688
Pune,VILLAGE,Shindewadi,Rural,70,265,175,97,35,1,41,0,0,0,1,90
Pune,VILLAGE,Khaigarwadi,Rural,86,358,116,92,8,0,12,0,0,0,4,242
Pune,VILLAGE,Satalwadi,Rural,411,1898,1298,912,55,3,56,230,29,2,11,600
Pune,VILLAGE,Hargude,Rural,279,1162,571,315,120,0,106,13,14,0,3,591
Pune,VILLAGE,Dawanewadi,Rural,82,372,222,59,39,1,23,18,68,4,10,150
Pune,VILLAGE,Bandhalwadi,Rural,95,406,261,154,65,3,34,2,1,1,1,145
Pune,VILLAGE,Bhairavwadi,Rural,129,624,235,52,15,0,150,3,11,0,4,389
Pune,VILLAGE,Gherapurandhar,Rural,136,706,328,212,65,0,32,13,2,0,4,378
Pune,VILLAGE,Misalawadi (nv),Rural,112,609,387,24,330,0,33,0,0,0,0,222
Pune,VILLAGE,Ketkawale,Rural,275,1250,643,236,54,7,259,15,31,2,39,607
Pune,VILLAGE,Kumbhoshi,Rural,98,458,264,26,48,2,101,1,72,5,9,194
Pune,VILLAGE,Kaldari,Rural,328,1363,815,516,60,15,176,13,3,3,29,548
Pune,VILLAGE,Dhanakwadi,Rural,119,521,297,252,15,0,30,0,0,0,0,224
Pune,VILLAGE,Mandhar,Rural,368,1631,859,484,60,6,27,218,37,19,8,772
Pune,VILLAGE,Mahur,Rural,562,2729,1606,1115,258,10,179,24,3,1,16,1123
Pune,VILLAGE,Parinche,Rural,721,3093,1603,870,179,32,370,11,38,7,96,1490
Pune,VILLAGE,Harni,Rural,317,1566,887,704,71,0,102,2,3,0,5,679
Pune,VILLAGE,Nawalewadi,Rural,141,621,411,380,16,0,7,6,0,1,1,210
Pune,VILLAGE,Malawadi,Rural,685,3184,1591,444,631,160,287,12,26,5,26,1593
Pune,VILLAGE,Tondal,Rural,280,1285,645,348,149,12,130,1,2,0,3,640
Pune,VILLAGE,Veer,Rural,531,2375,1091,452,336,63,177,10,23,4,26,1284
Pune,VILLAGE,Samagirwasti,Rural,95,444,278,229,10,1,34,3,0,0,1,166
Pune,VILLAGE,Laptalewadi,Rural,147,692,289,221,39,0,27,1,1,0,0,403
Pune,VILLAGE,Pingori,Rural,276,1112,618,449,44,0,119,1,1,0,4,494
Pune,VILLAGE,Daundaj,Rural,505,2378,1173,577,113,6,323,78,45,4,27,1205
Pune,VILLAGE,Kolvihire,Rural,849,3784,2024,973,548,25,422,12,16,0,28,1760
Pune,VILLAGE,Mawadikade Pathar,Rural,488,2281,1346,778,196,12,259,46,25,2,28,935
Pune,VILLAGE,Nawali,Rural,216,1065,538,355,60,32,88,2,1,0,0,527
Pune,VILLAGE,Rakh,Rural,508,2576,1512,832,316,4,233,88,28,0,11,1064
Pune,VILLAGE,Wagdarwadi,Rural,353,1542,910,764,68,3,69,3,1,1,1,632
Pune,VILLAGE,Adachiwadi,Rural,356,1574,861,571,228,3,58,1,0,0,0,713
Pune,VILLAGE,Walhe,Rural,1088,4747,2420,775,720,152,715,15,27,2,14,2327
Pune,VILLAGE,Sukalwadi,Rural,369,1635,951,631,160,10,132,4,3,1,10,684
Pune,VILLAGE,Karnalwadi,Rural,314,1382,623,329,238,0,49,2,3,0,2,759
Pune,VILLAGE,Gulunche,Rural,626,2754,1371,516,605,27,197,4,4,3,15,1383
Pune,VILLAGE,Thopatewadi,Rural,195,872,482,353,74,4,49,2,0,0,0,390
Pune,VILLAGE,Pisurti,Rural,296,1368,805,651,41,4,78,8,17,2,4,563
Pune,VILLAGE,Mandaki,Rural,764,3678,1804,1122,358,18,194,16,68,4,24,1874
Pune,VILLAGE,Jeur,Rural,469,2339,1352,751,173,16,97,196,95,3,21,987
Pune,VILLAGE,Pimpre Kh.,Rural,598,3020,1619,602,286,2,424,191,74,0,40,1401
Pune,CD BLOCK,Velhe,Rural,11428,54516,27625,15464,3010,475,4880,1475,1353,157,811,26891
Pune,VILLAGE,Dapsare,Rural,30,121,82,70,0,0,12,0,0,0,0,39
Pune,VILLAGE,Kurtavadi,Rural,9,35,30,30,0,0,0,0,0,0,0,5
Pune,VILLAGE,Gondekhal,Rural,20,73,45,34,8,0,3,0,0,0,0,28
Pune,VILLAGE,Ghodkhal,Rural,7,16,13,13,0,0,0,0,0,0,0,3
Pune,VILLAGE,Kasedi,Rural,21,139,63,35,17,0,11,0,0,0,0,76
Pune,VILLAGE,Chikhali Kh.,Rural,0,0,0,0,0,0,0,0,0,0,0,0
Pune,VILLAGE,Balvadi,Rural,22,111,52,27,12,0,13,0,0,0,0,59
Pune,VILLAGE,Koshimghar,Rural,22,90,66,55,1,4,2,4,0,0,0,24
Pune,VILLAGE,Kambegi,Rural,12,55,37,36,0,1,0,0,0,0,0,18
Pune,VILLAGE,Gholapghar,Rural,0,0,0,0,0,0,0,0,0,0,0,0
Pune,VILLAGE,Ambegaon Kh.,Rural,33,129,77,14,5,3,24,18,6,0,7,52
Pune,VILLAGE,Kuravati,Rural,8,38,25,2,7,0,5,0,11,0,0,13
Pune,VILLAGE,Mose Bk,Rural,79,330,174,27,139,0,8,0,0,0,0,156
Pune,VILLAGE,Saiv Bk.,Rural,105,468,203,77,38,5,24,28,30,1,0,265
Pune,VILLAGE,Varasgaon,Rural,74,298,211,128,4,14,2,49,0,6,8,87
Pune,VILLAGE,Panshet,Rural,348,1570,480,56,3,21,295,14,7,13,71,1090
Pune,VILLAGE,Kuran Bk,Rural,171,742,517,326,21,0,31,96,41,1,1,225
Pune,VILLAGE,Kuran Kh,Rural,52,213,98,35,19,0,40,1,3,0,0,115
Pune,VILLAGE,Ranvadi,Rural,68,380,142,12,7,0,122,0,0,0,1,238
Pune,VILLAGE,Osade,Rural,177,847,364,76,18,1,212,7,34,2,14,483
Pune,VILLAGE,Nigade Mose,Rural,185,911,586,229,131,11,110,8,81,1,15,325
Pune,VILLAGE,Kondgaon,Rural,96,463,206,133,6,1,57,4,1,0,4,257
Pune,VILLAGE,Ranjane,Rural,197,1049,345,215,8,0,91,2,12,1,16,704
Pune,VILLAGE,Khamgaon,Rural,87,450,230,160,11,2,54,2,0,0,1,220
Pune,VILLAGE,Ambed,Rural,130,496,176,111,5,1,53,0,4,0,2,320
Pune,VILLAGE,Rule,Rural,354,1550,795,421,25,22,230,56,11,4,26,755
Pune,VILLAGE,Kadhve,Rural,193,991,441,127,3,2,85,144,50,2,28,550
Pune,VILLAGE,Vanjalwadi,Rural,18,83,37,10,14,0,10,0,0,0,3,46
Pune,VILLAGE,Dhindali,Rural,2,14,7,4,1,0,1,0,0,0,1,7
Pune,VILLAGE,Vadghar,Rural,46,236,94,39,18,1,34,1,0,0,1,142
Pune,VILLAGE,Ambegaon Bk,Rural,31,175,64,30,23,0,11,0,0,0,0,111
Pune,VILLAGE,Givashi,Rural,31,107,69,29,19,0,21,0,0,0,0,38
Pune,VILLAGE,Shirkoli,Rural,83,276,204,116,39,3,41,3,1,0,1,72
Pune,VILLAGE,Ghodshet,Rural,3,9,8,8,0,0,0,0,0,0,0,1
Pune,VILLAGE,Thangaon,Rural,11,38,30,29,1,0,0,0,0,0,0,8
Pune,VILLAGE,Pole,Rural,55,197,109,108,0,0,1,0,0,0,0,88
Pune,VILLAGE,Mangaon,Rural,52,254,134,77,13,10,30,0,1,2,1,120
Pune,VILLAGE,Tekpole,Rural,58,229,135,97,5,1,7,15,6,0,4,94
Pune,VILLAGE,Ghol,Rural,40,99,87,85,1,0,1,0,0,0,0,12
Pune,VILLAGE,Khanu,Rural,28,104,73,73,0,0,0,0,0,0,0,31
Pune,VILLAGE,Chandar,Rural,45,243,139,135,1,0,1,2,0,0,0,104
Pune,VILLAGE,Mohari,Rural,8,26,17,17,0,0,0,0,0,0,0,9
Pune,VILLAGE,Ghisar,Rural,104,491,281,274,1,0,4,1,0,0,1,210
Pune,VILLAGE,Nivi,Rural,72,334,210,152,7,13,18,3,0,0,17,124
Pune,VILLAGE,Kanand,Rural,93,390,254,26,186,8,13,1,14,1,5,136
Pune,VILLAGE,Bopalghar,Rural,0,0,0,0,0,0,0,0,0,0,0,0
Pune,VILLAGE,Chapet,Rural,0,0,0,0,0,0,0,0,0,0,0,0
Pune,VILLAGE,Vihir,Rural,79,293,199,80,94,0,18,2,4,0,1,94
Pune,VILLAGE,Dhanep,Rural,127,589,231,75,47,0,77,1,11,0,20,358
Pune,VILLAGE,Kondhavale Kh.,Rural,62,282,185,24,14,2,29,7,58,1,50,97
Pune,VILLAGE,Kondhavale Bk,Rural,74,330,162,80,6,1,13,28,4,0,30,168
Pune,VILLAGE,Hirpodi,Rural,77,434,147,92,21,2,24,2,0,1,5,287
Pune,VILLAGE,Pabe,Rural,263,1334,615,518,35,8,49,2,1,0,2,719
Pune,VILLAGE,Dapode,Rural,259,1271,759,596,5,17,69,38,29,0,5,512
Pune,VILLAGE,Khodad,Rural,52,285,132,126,0,0,5,0,0,0,1,153
Pune,VILLAGE,Brahmanghar,Rural,21,126,58,57,0,0,0,1,0,0,0,68
Pune,VILLAGE,Velhe Bk. Ghera,Rural,195,940,300,10,3,2,129,20,104,4,28,640
Pune,VILLAGE,Velhe Bk.,Rural,322,1480,576,142,50,32,215,8,86,5,38,904
Pune,VILLAGE,Bhatti Wagdra,Rural,81,302,174,63,40,2,67,1,1,0,0,128
Pune,VILLAGE,Charhat Wadi,Rural,40,214,119,84,2,0,33,0,0,0,0,95
Pune,VILLAGE,Gevhande,Rural,74,350,197,188,5,0,4,0,0,0,0,153
Pune,VILLAGE,Jadhavwadi,Rural,24,128,74,48,22,0,1,0,2,1,0,54
Pune,VILLAGE,Kolambi,Rural,85,433,124,94,1,1,9,14,5,0,0,309
Pune,VILLAGE,Varoti Bk,Rural,74,323,207,97,93,1,13,1,0,0,2,116
Pune,VILLAGE,Harpud,Rural,32,152,100,75,20,0,3,1,0,0,1,52
Pune,VILLAGE,Singapur,Rural,16,101,53,23,0,0,24,2,0,0,4,48
Pune,VILLAGE,Ekalgaon,Rural,10,59,27,16,0,0,8,3,0,0,0,32
Pune,VILLAGE,Bhordi,Rural,49,211,111,97,4,0,2,8,0,0,0,100
Pune,VILLAGE,Varoti Kh.,Rural,29,128,79,54,23,0,0,0,2,0,0,49
Pune,VILLAGE,Barshicha Mal,Rural,44,153,96,40,48,0,8,0,0,0,0,57
Pune,VILLAGE,Metpilaware,Rural,71,406,100,76,2,0,21,0,0,0,1,306
Pune,VILLAGE,Velhe Kh. Ghera,Rural,118,498,149,71,4,30,10,22,1,10,1,349
Pune,VILLAGE,Vajeghar Bk.,Rural,43,184,114,68,1,6,20,14,1,0,4,70
Pune,VILLAGE,Pal Bk.,Rural,130,658,329,116,12,0,13,14,154,3,17,329
Pune,VILLAGE,Pal Kh.,Rural,61,314,180,97,57,1,13,8,3,0,1,134
Pune,VILLAGE,Khopde Wadi,Rural,45,194,127,92,30,1,4,0,0,0,0,67
Pune,VILLAGE,Bhalvadi,Rural,81,343,205,154,19,0,10,13,7,0,2,138
Pune,VILLAGE,Shenavadi,Rural,55,254,119,48,8,2,16,31,10,0,4,135
Pune,VILLAGE,Pasali,Rural,45,199,115,87,2,2,23,1,0,0,0,84
Pune,VILLAGE,Majgaon,Rural,32,143,73,52,6,0,13,0,0,0,2,70
Pune,VILLAGE,Nigde Kh,Rural,59,274,157,105,17,1,3,27,3,0,1,117
Pune,VILLAGE,Kelad,Rural,97,562,338,277,21,4,17,11,6,2,0,224
Pune,VILLAGE,Pishawi,Rural,9,52,25,21,1,0,2,0,0,0,1,27
Pune,VILLAGE,Gugulshi,Rural,11,61,35,31,0,0,0,4,0,0,0,26
Pune,VILLAGE,Pangari,Rural,4,14,8,7,1,0,0,0,0,0,0,6
Pune,VILLAGE,Karnavadi,Rural,51,250,165,162,0,0,3,0,0,0,0,85
Pune,VILLAGE,Antroli,Rural,186,855,487,228,251,0,8,0,0,0,0,368
Pune,VILLAGE,Khariv,Rural,58,292,120,47,1,2,32,34,0,1,3,172
Pune,VILLAGE,Vanjale,Rural,154,737,430,301,16,23,85,1,3,0,1,307
Pune,VILLAGE,Lashirgaon,Rural,151,793,278,103,124,4,41,3,2,0,1,515
Pune,VILLAGE,Malavali,Rural,131,643,377,309,3,1,64,0,0,0,0,266
Pune,VILLAGE,Vinzar,Rural,407,2083,1055,522,214,21,101,49,137,0,11,1028
Pune,VILLAGE,Kolavadi,Rural,208,977,473,403,3,7,42,16,0,0,2,504
Pune,VILLAGE,Wanganichi Wadi,Rural,216,998,550,57,46,10,80,23,260,26,48,448
Pune,VILLAGE,Wangani,Rural,223,1004,482,137,145,13,133,3,7,0,44,522
Pune,VILLAGE,Boravale,Rural,103,544,332,253,2,2,40,6,5,6,18,212
Pune,VILLAGE,Nigde Bk.,Rural,132,701,456,363,10,0,65,2,2,2,12,245
Pune,VILLAGE,Mangdari,Rural,116,622,391,280,14,1,80,8,1,0,7,231
Pune,VILLAGE,Katavadi,Rural,121,542,290,129,67,1,91,2,0,0,0,252
Pune,VILLAGE,Khambavadi,Rural,149,713,424,162,7,19,74,102,10,34,16,289
Pune,VILLAGE,Margasani,Rural,186,800,519,435,7,34,35,8,0,0,0,281
Pune,VILLAGE,Askavadi,Rural,99,605,371,344,7,9,6,3,1,0,1,234
Pune,VILLAGE,Sakhar,Rural,155,737,350,199,9,21,100,3,1,0,17,387
Pune,VILLAGE,Kondhavali,Rural,71,375,210,114,1,0,0,95,0,0,0,165
Pune,VILLAGE,Meravane,Rural,107,610,285,254,18,0,11,1,1,0,0,325
Pune,VILLAGE,Lavhi Bk,Rural,85,471,142,69,0,0,73,0,0,0,0,329
Pune,VILLAGE,Vajeghar Kh,Rural,63,265,86,67,2,1,9,2,1,0,4,179
Pune,VILLAGE,Pimpri,Rural,44,238,70,36,13,0,21,0,0,0,0,168
Pune,VILLAGE,Dadvadi,Rural,33,171,76,33,3,0,24,3,2,0,11,95
Pune,VILLAGE,Lavhi Kh,Rural,34,178,89,43,7,0,21,0,2,0,16,89
Pune,VILLAGE,Phanshi,Rural,55,271,143,98,1,1,27,14,0,0,2,128
Pune,VILLAGE,Chitmodi,Rural,154,831,459,125,67,13,70,107,38,10,29,372
Pune,VILLAGE,Ghavar,Rural,76,396,192,143,2,0,11,0,0,0,36,204
Pune,VILLAGE,Bhaginghar,Rural,85,432,233,98,1,7,126,1,0,0,0,199
Pune,VILLAGE,Adavali,Rural,156,705,435,291,52,17,62,3,5,0,5,270
Pune,VILLAGE,Ketkavane,Rural,45,222,149,99,5,1,4,21,11,4,4,73
Pune,VILLAGE,Karan Jawane,Rural,192,978,325,211,3,2,101,1,1,1,5,653
Pune,VILLAGE,Chinchale Bk,Rural,0,0,0,0,0,0,0,0,0,0,0,0
Pune,VILLAGE,Chinchale Kh,Rural,0,0,0,0,0,0,0,0,0,0,0,0
Pune,VILLAGE,Ambavane,Rural,209,954,452,193,50,14,141,16,9,5,24,502
Pune,VILLAGE,Sonde Haroji,Rural,84,480,261,216,1,2,39,0,0,0,3,219
Pune,VILLAGE,Sonde Karla,Rural,72,358,208,102,64,1,41,0,0,0,0,150
Pune,VILLAGE,Sonde Sarfal,Rural,114,552,301,197,8,5,71,0,4,5,11,251
Pune,VILLAGE,Sonde Mathana,Rural,69,321,184,159,2,0,12,4,7,0,0,137
Pune,VILLAGE,Vadgaon (Zanje),Rural,104,451,254,56,128,1,61,0,0,1,7,197
Pune,VILLAGE,Surawad,Rural,89,459,282,139,4,0,35,103,1,0,0,177
Pune,VILLAGE,Kodavadi,Rural,89,422,215,90,10,1,98,6,2,0,8,207
Pune,VILLAGE,Asani Damgunda,Rural,115,476,274,149,57,2,42,4,9,1,10,202
Pune,VILLAGE,Asani Manjai,Rural,87,357,213,184,6,0,14,2,3,0,4,144
Pune,VILLAGE,Gunjavane,Rural,120,703,328,125,48,0,44,86,23,0,2,375
Pune,CD BLOCK,Bhor,Rural,34948,167663,82445,39033,9787,1491,20515,4912,4177,332,2198,85218
Pune,VILLAGE,Sasewadi,Rural,228,1198,548,68,3,6,327,109,13,12,10,650
Pune,VILLAGE,Shindewadi,Rural,461,2054,896,235,31,23,544,13,27,4,19,1158
Pune,VILLAGE,Velu,Rural,908,4256,1999,877,131,44,874,11,33,1,28,2257
Pune,VILLAGE,Kasurdi (Khedebare),Rural,350,1512,688,181,17,10,391,46,30,3,10,824
Pune,VILLAGE,Ranje,Rural,285,1386,708,152,23,10,186,134,146,7,50,678
Pune,VILLAGE,Kusagaon,Rural,349,1780,1033,397,114,20,343,30,57,4,68,747
Pune,VILLAGE,Khopi,Rural,285,1351,671,330,111,25,202,1,1,0,1,680
Pune,VILLAGE,Shivare,Rural,485,2412,1197,684,79,30,386,2,4,2,10,1215
Pune,VILLAGE,Varve Kh.,Rural,514,2230,1156,381,133,17,505,5,10,0,105,1074
Pune,VILLAGE,Kambare,Rural,268,1317,675,477,65,0,117,4,0,5,7,642
Pune,VILLAGE,Varve Bk.,Rural,215,926,532,201,88,7,193,7,15,1,20,394
Pune,VILLAGE,Kanjale,Rural,243,1185,674,451,82,19,116,1,0,1,4,511
Pune,VILLAGE,Parwadi,Rural,214,1130,652,445,54,2,88,35,26,1,1,478
Pune,VILLAGE,Sonavadi,Rural,80,391,237,141,5,0,30,48,1,0,12,154
Pune,VILLAGE,Kurungvadi,Rural,316,1414,874,627,110,22,101,9,0,2,3,540
Pune,VILLAGE,Salavade,Rural,148,750,359,254,14,0,79,0,3,0,9,391
Pune,VILLAGE,Kelawade,Rural,598,2888,1457,605,175,22,262,266,72,12,43,1431
Pune,VILLAGE,Naygaon,Rural,82,402,244,110,8,4,51,54,16,0,1,158
Pune,VILLAGE,Degaon,Rural,219,1035,563,306,41,7,169,20,19,0,1,472
Pune,VILLAGE,Karandi (Khedebar),Rural,245,1093,683,406,167,3,106,0,0,0,1,410
Pune,VILLAGE,Ketkavane (Nimme),Rural,45,206,99,78,11,2,8,0,0,0,0,107
Pune,VILLAGE,Kamthadi,Rural,526,2452,1315,858,80,31,328,4,4,1,9,1137
Pune,VILLAGE,Malegaon,Rural,222,936,413,161,85,24,126,7,6,0,4,523
Pune,VILLAGE,Nasrapur,Rural,822,3812,1415,156,82,103,932,13,15,15,99,2397
Pune,VILLAGE,Virwadi,Rural,72,347,128,56,15,6,51,0,0,0,0,219
Pune,VILLAGE,Jambhali,Rural,260,1120,644,489,34,0,120,0,0,0,1,476
Pune,VILLAGE,Kolavadi,Rural,85,332,216,173,3,0,40,0,0,0,0,116
Pune,VILLAGE,Sangvi Bk.,Rural,94,432,265,192,29,4,37,2,0,0,1,167
Pune,VILLAGE,Tambhad,Rural,331,1493,953,517,203,17,134,56,14,6,6,540
Pune,VILLAGE,Hatave Kh.,Rural,165,805,316,208,16,6,83,0,1,0,2,489
Pune,VILLAGE,Hatave Bk.,Rural,270,1400,806,551,95,3,124,20,9,0,4,594
Pune,VILLAGE,Bhilarewadi ,Rural,107,547,285,221,13,0,51,0,0,0,0,262
Pune,VILLAGE,Didghar,Rural,53,228,125,88,17,1,15,2,0,1,1,103
Pune,VILLAGE,Nidhan,Rural,60,273,160,95,26,0,38,0,1,0,0,113
Pune,VILLAGE,Sangvi Kh.,Rural,89,456,203,153,8,0,31,5,0,0,6,253
Pune,VILLAGE,Khadki,Rural,88,429,181,126,3,0,50,2,0,0,0,248
Pune,VILLAGE,Umbare,Rural,234,1176,409,294,23,31,60,0,0,0,1,767
Pune,VILLAGE,Mohari Bk.,Rural,310,1530,780,590,69,2,75,10,1,3,30,750
Pune,VILLAGE,Kasurdi (Gunjan Mawal),Rural,164,852,423,136,8,1,98,9,123,0,48,429
Pune,VILLAGE,Mohari Kh.,Rural,126,684,375,346,4,5,19,1,0,0,0,309
Pune,VILLAGE,Harishchandri,Rural,189,904,384,207,63,20,73,12,6,1,2,520
Pune,VILLAGE,Divale,Rural,281,1269,699,241,170,13,166,79,20,7,3,570
Pune,VILLAGE,Kapurhop,Rural,327,1533,637,246,28,15,309,13,3,3,20,896
Pune,VILLAGE,Nigade,Rural,307,1470,613,317,48,7,222,1,1,3,14,857
Pune,VILLAGE,Dhangawadi,Rural,287,1413,817,365,312,9,107,9,4,1,10,596
Pune,VILLAGE,Kikavi,Rural,445,1859,1043,284,161,60,478,5,6,6,43,816
Pune,VILLAGE,Morwadi ,Rural,230,1037,621,395,29,4,154,3,4,2,30,416
Pune,VILLAGE,Wagajwadi ,Rural,181,840,556,423,3,6,108,4,2,0,10,284
Pune,VILLAGE,Sarole,Rural,594,2470,1019,253,153,36,547,9,7,3,11,1451
Pune,VILLAGE,Savardare,Rural,145,725,365,280,26,2,56,1,0,0,0,360
Pune,VILLAGE,Bhongvali,Rural,562,2539,1528,1056,116,21,291,10,3,3,28,1011
Pune,VILLAGE,Panjalwadi,Rural,185,854,526,451,11,3,61,0,0,0,0,328
Pune,VILLAGE,Taprewadi,Rural,162,702,355,264,29,7,45,6,0,2,2,347
Pune,VILLAGE,Gunand,Rural,133,570,373,320,20,0,33,0,0,0,0,197
Pune,VILLAGE,Vatharhinge,Rural,140,719,410,330,54,2,24,0,0,0,0,309
Pune,VILLAGE,Nhavi,Rural,429,2090,1069,673,167,3,216,6,1,0,3,1021
Pune,VILLAGE,Rajapur,Rural,177,897,555,187,196,0,56,82,34,0,0,342
Pune,VILLAGE,Bhambavade,Rural,145,701,410,125,67,0,100,82,22,3,11,291
Pune,VILLAGE,Pande,Rural,214,937,377,164,37,14,155,0,1,0,6,560
Pune,VILLAGE,Kenjal,Rural,376,1882,992,511,93,6,266,35,36,4,41,890
Pune,VILLAGE,Telavadi,Rural,71,376,212,132,2,0,54,19,4,0,1,164
Pune,VILLAGE,Alande,Rural,185,915,494,234,110,7,122,1,10,2,8,421
Pune,VILLAGE,Bhairavnathnagar ,Rural,157,723,216,81,32,1,92,0,5,0,5,507
Pune,VILLAGE,Ingavali,Rural,238,1026,579,212,224,5,103,2,2,2,29,447
Pune,VILLAGE,Sangamner,Rural,418,1959,979,203,443,13,284,3,15,2,16,980
Pune,VILLAGE,Narhe,Rural,265,1354,354,99,13,5,190,12,21,0,14,1000
Pune,VILLAGE,Brahmanghar,Rural,120,497,280,5,1,2,41,189,38,1,3,217
Pune,VILLAGE,Guhini,Rural,82,404,230,14,206,0,5,0,5,0,0,174
Pune,VILLAGE,Khulshi,Rural,63,335,194,17,149,26,1,0,1,0,0,141
Pune,VILLAGE,Bhutonde,Rural,59,272,163,100,47,0,15,0,0,1,0,109
Pune,VILLAGE,Dere,Rural,35,218,131,110,3,1,15,0,0,2,0,87
Pune,VILLAGE,Bhandravali,Rural,12,60,28,21,7,0,0,0,0,0,0,32
Pune,VILLAGE,Male,Rural,182,1034,557,276,11,3,76,170,17,0,4,477
Pune,VILLAGE,Kurunji,Rural,99,564,278,208,56,1,8,2,3,0,0,286
Pune,VILLAGE,Kambare Kh.,Rural,50,249,95,50,2,0,33,3,4,0,3,154
Pune,VILLAGE,Kambare Bk.,Rural,54,265,98,54,3,0,27,0,2,0,12,167
Pune,VILLAGE,Karandi Bk.,Rural,156,827,276,78,4,3,84,64,7,0,36,551
Pune,VILLAGE,Vadhane,Rural,93,439,256,0,0,0,38,139,53,0,26,183
Pune,VILLAGE,Karandi Kh.,Rural,99,575,275,99,2,1,38,123,11,0,1,300
Pune,VILLAGE,Vakambe,Rural,61,313,122,0,0,0,62,33,25,0,2,191
Pune,VILLAGE,Tale Mhashivali,Rural,80,438,186,27,0,0,23,105,12,1,18,252
Pune,VILLAGE,Gorad Mhashivali,Rural,134,804,377,2,0,0,61,164,99,1,50,427
Pune,VILLAGE,Jogawadi,Rural,109,402,264,5,5,0,73,159,13,1,8,138
Pune,VILLAGE,Majgaon,Rural,109,656,326,258,47,1,18,0,1,0,1,330
Pune,VILLAGE,Lavheri,Rural,69,347,204,49,1,0,29,71,48,1,5,143
Pune,VILLAGE,Harnas,Rural,176,769,401,95,12,16,137,82,26,5,28,368
Pune,VILLAGE,Kumbale,Rural,55,283,157,154,0,0,3,0,0,0,0,126
Pune,VILLAGE,Chandavane,Rural,52,264,165,165,0,0,0,0,0,0,0,99
Pune,VILLAGE,Bope,Rural,32,205,112,96,16,0,0,0,0,0,0,93
Pune,VILLAGE,Sangvi (Velavade Khore),Rural,64,321,195,187,3,0,5,0,0,0,0,126
Pune,VILLAGE,Salungan,Rural,52,203,107,102,0,1,3,1,0,0,0,96
Pune,VILLAGE,Kondgaon,Rural,76,338,147,140,4,0,2,0,0,0,1,191
Pune,VILLAGE,Nanavale,Rural,21,82,32,24,6,0,2,0,0,0,0,50
Pune,VILLAGE,Dehen,Rural,49,266,177,176,0,0,0,1,0,0,0,89
Pune,VILLAGE,Pangari,Rural,70,420,163,36,21,0,49,2,54,0,1,257
Pune,VILLAGE,Jayatpad,Rural,111,583,303,95,66,2,50,1,86,2,1,280
Pune,VILLAGE,Nandghur,Rural,59,354,173,127,6,0,5,20,14,0,1,181
Pune,VILLAGE,Velvand,Rural,96,410,253,243,2,1,7,0,0,0,0,157
Pune,VILLAGE,Rajaghar,Rural,62,323,200,93,40,0,11,3,53,0,0,123
Pune,VILLAGE,Pasure,Rural,168,790,368,200,57,0,81,29,1,0,0,422
Pune,VILLAGE,Taljainagar ,Rural,122,571,304,4,0,2,54,144,96,4,0,267
Pune,VILLAGE,Karnvadi,Rural,61,253,140,14,25,0,29,23,36,1,12,113
Pune,VILLAGE,Mhalavadi,Rural,152,776,376,174,87,4,107,2,1,0,1,400
Pune,VILLAGE,Bare Bk.,Rural,173,814,384,44,3,1,139,141,12,0,44,430
Pune,VILLAGE,Bare  Kh.,Rural,144,727,313,48,13,3,120,116,9,0,4,414
Pune,VILLAGE,Basarapur,Rural,92,406,255,53,56,3,81,36,24,0,2,151
Pune,VILLAGE,Sangvi (Hirdas Mawal),Rural,201,901,335,109,3,14,197,0,2,0,10,566
Pune,VILLAGE,Yevali,Rural,157,872,392,146,46,3,132,40,21,0,4,480
Pune,VILLAGE,Bholavade,Rural,798,3867,1324,246,128,56,805,11,2,20,56,2543
Pune,VILLAGE,Kiwat,Rural,197,999,536,111,34,0,216,77,89,0,9,463
Pune,VILLAGE,Gavadi,Rural,160,768,461,69,49,2,178,90,65,1,7,307
Pune,VILLAGE,Shind,Rural,337,1687,827,214,82,24,182,38,162,6,119,860
Pune,VILLAGE,Nand,Rural,158,786,441,220,29,6,82,32,17,10,45,345
Pune,VILLAGE,Mahude Bk.,Rural,303,1478,838,399,77,28,174,60,23,20,57,640
Pune,VILLAGE,Brahmanghar,Rural,69,380,239,142,8,1,85,0,0,1,2,141
Pune,VILLAGE,Mahude Kh.,Rural,180,936,670,264,40,51,184,89,8,7,27,266
Pune,VILLAGE,Bhanusdara,Rural,61,346,209,120,2,0,81,3,0,0,3,137
Pune,VILLAGE,Kund,Rural,32,180,59,25,2,0,26,2,0,0,4,121
Pune,VILLAGE,Rajivadi,Rural,18,101,34,33,0,0,1,0,0,0,0,67
Pune,VILLAGE,Shilimb,Rural,54,369,96,79,0,0,17,0,0,0,0,273
Pune,VILLAGE,Dhamunashi,Rural,0,0,0,0,0,0,0,0,0,0,0,0
Pune,VILLAGE,Kondhari,Rural,97,524,255,42,206,0,4,0,3,0,0,269
Pune,VILLAGE,Mhasar Bk.,Rural,134,587,249,86,139,5,18,0,1,0,0,338
Pune,VILLAGE,Mhasar Kh.,Rural,103,524,214,102,77,4,28,0,1,0,2,310
Pune,VILLAGE,Karanjgaon,Rural,85,318,80,45,13,1,14,2,5,0,0,238
Pune,VILLAGE,Pisavare,Rural,277,1397,513,279,14,4,161,10,17,5,23,884
Pune,VILLAGE,Vathar (Hirda Mawal),Rural,161,924,481,254,30,0,58,92,25,0,22,443
Pune,VILLAGE,Apati,Rural,333,1492,720,429,73,7,173,9,10,1,18,772
Pune,VILLAGE,Nandagaon,Rural,252,1259,496,251,49,5,144,1,10,4,32,763
Pune,VILLAGE,Nigudaghar,Rural,142,636,382,266,43,10,58,5,0,0,0,254
Pune,VILLAGE,Devghar,Rural,42,239,150,116,0,0,34,0,0,0,0,89
Pune,VILLAGE,Venupuri,Rural,41,195,102,7,30,0,16,1,48,0,0,93
Pune,VILLAGE,Hirdoshi,Rural,133,747,235,72,80,2,70,0,2,0,9,512
Pune,VILLAGE,Varavand,Rural,39,174,56,25,13,0,3,13,1,0,1,118
Pune,VILLAGE,Karungan,Rural,24,127,57,18,15,0,8,10,6,0,0,70
Pune,VILLAGE,Ashimpi,Rural,35,114,77,76,0,0,1,0,0,0,0,37
Pune,VILLAGE,Umbarde,Rural,24,133,70,70,0,0,0,0,0,0,0,63
Pune,VILLAGE,Shirgaon,Rural,56,322,169,68,4,0,30,45,17,0,5,153
Pune,VILLAGE,Abhepuri,Rural,26,134,59,52,0,1,6,0,0,0,0,75
Pune,VILLAGE,Durgadi,Rural,66,402,134,127,5,1,1,0,0,0,0,268
Pune,VILLAGE,Shirvali (Hirdas Maval),Rural,77,408,114,89,0,1,11,0,3,1,9,294
Pune,VILLAGE,Mazari,Rural,38,191,53,47,0,0,4,0,2,0,0,138
Pune,VILLAGE,Pavhar Bk.,Rural,55,267,155,21,3,0,8,52,71,0,0,112
Pune,VILLAGE,Bhambatmal,Rural,41,163,101,23,3,0,9,21,44,0,1,62
Pune,VILLAGE,Salav,Rural,72,357,219,94,77,5,9,16,14,1,3,138
Pune,VILLAGE,Rayari,Rural,243,1140,646,431,120,3,77,12,2,1,0,494
Pune,VILLAGE,Dapakeghar,Rural,123,728,284,136,54,3,89,0,0,0,2,444
Pune,VILLAGE,Pavhar Kh.,Rural,5,25,6,4,2,0,0,0,0,0,0,19
Pune,VILLAGE,Dhanivali,Rural,59,361,160,85,71,0,3,1,0,0,0,201
Pune,VILLAGE,Nivangan,Rural,69,370,105,58,46,0,0,1,0,0,0,265
Pune,VILLAGE,Gudhe,Rural,90,372,117,81,8,0,11,4,9,1,3,255
Pune,VILLAGE,Kudali Kh.,Rural,50,274,109,98,0,0,9,0,0,0,2,165
Pune,VILLAGE,Kudali Bk.,Rural,55,317,153,123,0,1,29,0,0,0,0,164
Pune,VILLAGE,Pombardi,Rural,146,730,250,100,8,2,92,14,3,8,23,480
Pune,VILLAGE,Venavadi,Rural,272,1373,683,324,178,32,148,1,0,0,0,690
Pune,VILLAGE,Shirvali Tarf Bhor,Rural,91,500,276,153,63,0,60,0,0,0,0,224
Pune,VILLAGE,Ambeghar,Rural,137,673,308,14,31,1,106,37,84,6,29,365
Pune,VILLAGE,Natambi,Rural,186,829,436,115,74,9,125,29,55,7,22,393
Pune,VILLAGE,Chikhalavade,Rural,126,530,294,141,93,5,33,6,10,3,3,236
Pune,VILLAGE,Chikhalavade Kh. ,Rural,89,403,235,132,48,10,29,9,3,3,1,168
Pune,VILLAGE,Karanje,Rural,151,822,425,248,31,23,64,50,6,2,1,397
Pune,VILLAGE,Panvhal,Rural,101,597,314,135,11,0,168,0,0,0,0,283
Pune,VILLAGE,Sangvi Tarf Bhor,Rural,66,290,112,75,4,0,29,3,1,0,0,178
Pune,VILLAGE,Bhavekhal,Rural,92,509,267,50,53,4,8,86,65,0,1,242
Pune,VILLAGE,Angasule,Rural,172,960,551,159,6,79,24,245,30,2,6,409
Pune,VILLAGE,Kari,Rural,379,1822,897,380,216,40,114,12,12,24,99,925
Pune,VILLAGE,Ambavade,Rural,402,1690,749,260,81,15,108,78,180,5,22,941
Pune,VILLAGE,Nazare,Rural,310,1255,386,227,24,0,121,7,3,0,4,869
Pune,VILLAGE,Karnawad,Rural,178,791,398,16,170,6,19,3,169,7,8,393
Pune,VILLAGE,Kudpanewadi ,Rural,163,674,391,306,66,2,17,0,0,0,0,283
Pune,VILLAGE,Vaveghar,Rural,15,73,47,47,0,0,0,0,0,0,0,26
Pune,VILLAGE,Mhakoshi,Rural,94,497,201,152,33,2,7,5,1,0,1,296
Pune,VILLAGE,Vadtumbi,Rural,175,858,260,197,20,0,29,1,13,0,0,598
Pune,VILLAGE,Shivnagari ,Rural,135,705,298,183,68,1,41,0,2,0,3,407
Pune,VILLAGE,Korle,Rural,186,1070,475,327,27,2,116,1,1,1,0,595
Pune,VILLAGE,Titeghar,Rural,259,1368,667,433,34,13,186,1,0,0,0,701
Pune,VILLAGE,Chikhalgaon,Rural,410,1779,855,569,69,49,155,7,1,2,3,924
Pune,VILLAGE,Ravadi,Rural,134,556,176,69,83,0,23,1,0,0,0,380
Pune,VILLAGE,Vadgaon Dal,Rural,307,1573,798,344,91,4,231,10,97,0,21,775
Pune,VILLAGE,Utroli,Rural,670,3175,1428,499,66,14,470,49,136,18,176,1747
Pune,VILLAGE,Khanapur,Rural,397,2047,985,375,97,34,255,20,191,9,4,1062
Pune,VILLAGE,Bhabavadi,Rural,113,513,414,79,123,43,46,99,18,3,3,99
Pune,VILLAGE,Hatnoshi,Rural,132,807,269,73,87,2,92,2,4,0,9,538
Pune,VILLAGE,Nilakanth,Rural,71,321,177,39,0,0,36,2,100,0,0,144
Pune,VILLAGE,Gokavadi,Rural,126,635,403,106,4,4,58,10,220,0,1,232
Pune,VILLAGE,Bajarwadi,Rural,285,1375,726,425,31,4,80,28,136,1,21,649
Pune,VILLAGE,Dhavadi,Rural,139,691,378,107,37,0,44,4,185,0,1,313
Pune,VILLAGE,Palsoshi,Rural,156,760,359,75,6,1,111,114,42,3,7,401
Pune,VILLAGE,Nere,Rural,274,1251,492,278,9,6,101,20,31,1,46,759
Pune,VILLAGE,Balawadi,Rural,203,890,397,246,55,0,84,6,6,0,0,493
Pune,VILLAGE,Pale,Rural,145,659,326,237,13,1,63,0,0,1,11,333
Pune,VILLAGE,Varodi Kh.,Rural,132,536,277,94,89,0,18,53,22,0,1,259
Pune,VILLAGE,Varodi Daymukh,Rural,104,432,247,182,1,5,52,0,0,2,5,185
Pune,VILLAGE,Varodi Bk.,Rural,115,428,215,130,12,0,21,0,52,0,0,213
Pune,VILLAGE,Ambade,Rural,326,1484,816,568,57,3,151,19,13,0,5,668
Pune,CD BLOCK,Baramati,Rural,74920,355839,173032,68598,49133,3595,37011,3243,5352,1320,4780,182807
Pune,VILLAGE,Vadhane,Rural,348,1893,1102,891,39,11,157,1,0,0,3,791
Pune,VILLAGE,Dandwadi,Rural,411,1958,1120,843,105,2,135,18,8,1,8,838
Pune,VILLAGE,Naroli,Rural,275,1288,763,527,153,1,75,1,6,0,0,525
Pune,VILLAGE,Kololi,Rural,219,1083,594,335,108,3,59,44,32,1,12,489
Pune,VILLAGE,Pansarewadi,Rural,328,1708,1083,971,18,33,44,10,0,0,7,625
Pune,VILLAGE,Supe,Rural,1017,5008,2149,455,539,115,933,8,40,4,55,2859
Pune,VILLAGE,Kutwalwadi,Rural,368,2000,1145,967,73,4,80,15,0,1,5,855
Pune,VILLAGE,Bhondvewadi,Rural,369,1757,1012,689,152,4,85,37,36,1,8,745
Pune,VILLAGE,Ambi Kh,Rural,235,1091,636,363,162,17,68,18,1,2,5,455
Pune,VILLAGE,Ambi Bk,Rural,258,1184,640,210,263,8,137,4,10,1,7,544
Pune,VILLAGE,Jogwadi,Rural,294,1464,884,587,221,0,32,29,8,0,7,580
Pune,VILLAGE,Morgaon,Rural,1083,5321,2635,1227,572,83,641,22,25,9,56,2686
Pune,VILLAGE,Chandgude Wadi,Rural,194,981,580,312,111,3,112,16,5,1,20,401
Pune,VILLAGE,Khadukhairewadi ,Rural,155,712,418,298,49,0,56,0,0,0,15,294
Pune,VILLAGE,Kalkhairewadi,Rural,375,1738,1067,909,43,0,85,6,23,0,1,671
Pune,VILLAGE,Sherechiwadi,Rural,198,1091,662,478,117,2,59,2,1,1,2,429
Pune,VILLAGE,Baburdi,Rural,401,1889,1042,538,122,16,123,7,10,209,17,847
Pune,VILLAGE,Karhati,Rural,738,3333,1765,767,581,22,272,19,53,4,47,1568
Pune,VILLAGE,Deulgaon Rasal,Rural,552,2711,1539,1087,327,5,106,5,2,1,6,1172
Pune,VILLAGE,Jalgaon Supe,Rural,574,2859,1554,1071,310,11,128,10,10,1,13,1305
Pune,VILLAGE,Kharade Wadi,Rural,235,1104,702,582,39,5,35,6,9,4,22,402
Pune,VILLAGE,Shirsuphal,Rural,1161,5512,2978,1943,706,32,255,22,9,2,9,2534
Pune,VILLAGE,Sabalewadi,Rural,339,1663,936,604,213,0,93,19,4,0,3,727
Pune,VILLAGE,Parwadi,Rural,1043,5477,3266,2107,858,33,206,6,28,3,25,2211
Pune,VILLAGE,Nimbodi,Rural,506,2437,894,270,438,2,170,0,14,0,0,1543
Pune,VILLAGE,Gadikhelwadi,Rural,248,1159,616,270,259,1,74,2,1,0,9,543
Pune,VILLAGE,Jaradwadi,Rural,335,1666,958,785,35,4,129,2,1,1,1,708
Pune,VILLAGE,Undavadisupe,Rural,336,1536,824,499,121,10,105,29,33,5,22,712
Pune,VILLAGE,Karkhel,Rural,553,2590,1603,1005,76,4,183,144,158,6,27,987
Pune,VILLAGE,Sonvadisupe,Rural,335,1624,1022,801,108,5,95,8,2,0,3,602
Pune,VILLAGE,Undavadi Kade Pathar,Rural,469,2298,1347,775,364,13,173,3,1,2,16,951
Pune,VILLAGE,Gojubavi,Rural,447,2108,1135,510,134,3,285,14,175,3,11,973
Pune,VILLAGE,Katphal,Rural,534,2540,1259,464,547,35,190,4,14,0,5,1281
Pune,VILLAGE,Jainakwadi,Rural,262,1279,620,178,42,2,300,21,39,1,37,659
Pune,VILLAGE,Sawantwadi,Rural,129,647,365,114,114,0,135,0,0,0,2,282
Pune,VILLAGE,Barhanpur,Rural,353,1722,790,333,207,12,214,3,18,0,3,932
Pune,VILLAGE,Nepat Valan,Rural,66,303,198,112,56,2,12,5,9,1,1,105
Pune,VILLAGE,Medad,Rural,767,3773,1739,838,382,44,429,11,20,2,13,2034
Pune,VILLAGE,Tandulwadi,Rural,2027,9159,3654,628,596,110,2134,16,19,4,147,5505
Pune,VILLAGE,Murti,Rural,784,3355,1920,903,571,72,272,63,12,3,24,1435
Pune,VILLAGE,Tardoli,Rural,588,2469,1467,1088,274,15,80,2,2,1,5,1002
Pune,VILLAGE,Loni Bhapkar,Rural,946,3964,2132,1162,456,46,248,23,132,14,51,1832
Pune,VILLAGE,Sayambachiwadi,Rural,322,1311,729,454,134,3,127,5,4,0,2,582
Pune,VILLAGE,Malwadi,Rural,260,1193,553,293,40,6,75,13,116,4,6,640
Pune,VILLAGE,Jalgaon Kade Pathar,Rural,277,1264,507,221,84,10,180,1,8,0,3,757
Pune,VILLAGE,Anjangaon,Rural,373,1755,1080,712,159,18,111,58,11,3,8,675
Pune,VILLAGE,Karhavagaj,Rural,716,3368,1843,641,196,68,386,174,329,3,46,1525
Pune,VILLAGE,Bhilarwadi,Rural,227,1180,656,228,26,7,75,270,44,0,6,524
Pune,VILLAGE,Dhakale,Rural,330,1554,679,366,151,6,97,11,36,2,10,875
Pune,VILLAGE,Kamagalwadi ,Rural,244,1184,664,390,121,5,129,15,3,0,1,520
Pune,VILLAGE,Mudhale,Rural,848,4383,2676,1485,587,31,280,47,105,4,137,1707
Pune,VILLAGE,Jalakewadi Mudhale ,Rural,142,675,334,241,48,6,38,0,1,0,0,341
Pune,VILLAGE,Palshiwadi,Rural,407,2038,1197,972,70,12,78,17,38,0,10,841
Pune,VILLAGE,Masalwadi ,Rural,259,1296,746,549,98,1,85,3,5,0,5,550
Pune,VILLAGE,Moralwadi,Rural,215,1065,605,346,194,10,43,0,4,0,8,460
Pune,VILLAGE,Modhave,Rural,417,2231,1179,657,236,43,219,15,7,0,2,1052
Pune,VILLAGE,Umbarwadi,Rural,155,736,395,186,168,3,35,0,0,0,3,341
Pune,VILLAGE,Chaudhar Wadi,Rural,181,922,577,403,42,4,122,1,0,0,5,345
Pune,VILLAGE,Waki,Rural,352,1761,784,386,172,73,136,7,5,1,4,977
Pune,VILLAGE,Kanadwadi,Rural,134,706,468,296,40,0,117,2,10,0,3,238
Pune,VILLAGE,Chopadaj,Rural,557,2491,1471,759,587,5,99,3,12,0,6,1020
Pune,VILLAGE,Vadgaon Nimbalkar,Rural,1737,7646,3824,676,1914,112,924,42,56,27,73,3822
Pune,VILLAGE,Korhale Bk,Rural,1301,5625,2510,667,1163,53,530,18,62,2,15,3115
Pune,VILLAGE,Thopatewadi,Rural,409,1969,1079,272,345,2,251,37,129,2,41,890
Pune,VILLAGE,Malshikare Wadi,Rural,185,797,403,145,203,0,38,8,9,0,0,394
Pune,VILLAGE,Hol,Rural,684,3302,1719,766,583,5,153,33,137,2,40,1583
Pune,VILLAGE,Sastewadi,Rural,485,2468,1409,836,397,24,130,2,11,5,4,1059
Pune,VILLAGE,Magarwadi,Rural,260,1149,703,523,129,0,30,8,5,0,8,446
Pune,VILLAGE,Deulwadi,Rural,175,829,303,129,51,1,114,3,1,0,4,526
Pune,VILLAGE,Karanje,Rural,322,1416,442,77,203,6,72,5,69,4,6,974
Pune,VILLAGE,Khandobachiwadi,Rural,288,1429,783,347,101,18,72,64,52,80,49,646
Pune,VILLAGE,Gadadarwadi,Rural,277,1384,898,446,134,12,158,120,21,1,6,486
Pune,VILLAGE,Nimbut,Rural,1252,6052,2960,650,1048,103,663,48,159,24,265,3092
Pune,VILLAGE,Soratewadi,Rural,364,1662,980,493,355,21,103,1,4,0,3,682
Pune,VILLAGE,Karanjepul,Rural,690,3273,1506,426,304,57,371,26,137,31,154,1767
Pune,VILLAGE,Waghalwadi,Rural,1222,5391,2434,324,1094,102,693,29,42,10,140,2957
Pune,VILLAGE,Wanewadi,Rural,1283,5932,2385,457,964,39,763,10,73,11,68,3547
Pune,VILLAGE,Murum,Rural,1232,5744,2441,662,920,26,577,65,152,0,39,3303
Pune,VILLAGE,Sadobachiwadi,Rural,448,2208,1124,488,413,31,164,4,7,6,11,1084
Pune,VILLAGE,Korhale Kh,Rural,678,3086,1586,638,646,95,121,29,34,10,13,1500
Pune,VILLAGE,Sonkaswadi,Rural,443,2233,1192,620,439,11,111,2,1,0,8,1041
Pune,VILLAGE,Malegaon Kh.,Rural,490,2432,1097,246,537,17,150,9,21,69,48,1335
Pune,VILLAGE,Malegaon Bk,Rural,3945,18470,7195,772,2148,185,2783,52,289,138,828,11275
Pune,VILLAGE,Pawnewadi,Rural,665,2951,1318,313,565,38,338,17,19,9,19,1633
Pune,VILLAGE,Yelewasti,Rural,533,2814,1193,395,518,4,270,3,0,1,2,1621
Pune,VILLAGE,Pandare,Rural,1494,7440,2900,626,1159,70,782,15,134,15,99,4540
Pune,VILLAGE,Pawaimal ,Rural,420,1912,877,378,387,3,103,1,2,0,3,1035
Pune,VILLAGE,Dhumalwadi,Rural,482,2659,1036,501,305,6,208,5,2,0,9,1623
Pune,VILLAGE,Manappawasti,Rural,763,3716,1668,608,688,30,285,17,18,2,20,2048
Pune,VILLAGE,Kurnewadi,Rural,331,1445,753,249,211,11,99,72,31,8,72,692
Pune,VILLAGE,Sirshane,Rural,113,533,274,64,120,8,75,2,2,1,2,259
Pune,VILLAGE,Pimpalewasti,Rural,248,1137,472,305,79,10,45,19,3,2,9,665
Pune,VILLAGE,Malwadi,Rural,275,1231,626,212,338,6,66,1,1,1,1,605
Pune,VILLAGE,Bajrangwadi,Rural,199,879,342,81,188,1,52,0,13,0,7,537
Pune,VILLAGE,Late,Rural,233,1050,445,193,132,3,102,9,0,0,6,605
Pune,VILLAGE,Pandharwadi,Rural,111,541,262,145,80,4,29,2,2,0,0,279
Pune,VILLAGE,Kambleshwar,Rural,783,3736,1602,455,761,10,263,25,45,4,39,2134
Pune,VILLAGE,Sangavi,Rural,1499,7331,3587,1120,1370,61,646,51,205,40,94,3744
Pune,VILLAGE,Shirawali,Rural,809,3827,2060,534,980,20,408,13,37,11,57,1767
Pune,VILLAGE,Khandaj,Rural,1180,5793,2851,818,889,55,277,324,332,23,133,2942
Pune,VILLAGE,Nirvagaj,Rural,1383,7241,3680,1827,1216,30,341,80,103,5,78,3561
Pune,VILLAGE,Vanjarwadi,Rural,560,2451,1032,252,78,23,634,4,5,0,36,1419
Pune,VILLAGE,Sawal,Rural,394,2020,1181,727,216,1,110,93,28,1,5,839
Pune,VILLAGE,Rui,Rural,1714,6975,2579,276,102,95,1884,22,11,25,164,4396
Pune,VILLAGE,Kanheri,Rural,301,1578,785,166,91,14,46,47,127,197,97,793
Pune,VILLAGE,Katewadi,Rural,1444,6981,3658,1165,1488,42,405,211,283,6,58,3323
Pune,VILLAGE,Pimpali,Rural,930,4603,1882,487,798,33,428,32,38,10,56,2721
Pune,VILLAGE,Gunwadi,Rural,1746,8420,3609,712,1420,71,1297,10,55,6,38,4811
Pune,VILLAGE,Baramati Rural,Rural,4215,19387,7255,725,916,278,4373,69,246,110,538,12132
Pune,VILLAGE,Malad (baramati),Rural,1099,5628,2515,519,1135,7,701,18,57,7,71,3113
Pune,VILLAGE,Dorlewadi,Rural,1352,6666,3776,841,1175,511,776,37,217,84,135,2890
Pune,VILLAGE,Zaragadwadi,Rural,1389,6185,2854,1063,1203,75,367,25,73,8,40,3331
Pune,VILLAGE,Dhekalwadi,Rural,725,3826,2016,1145,603,13,232,5,12,0,6,1810
Pune,VILLAGE,Songaon,Rural,929,4515,2279,679,1048,20,463,10,26,12,21,2236
Pune,VILLAGE,Mekhali,Rural,821,3765,1946,868,704,18,223,64,26,3,40,1819
Pune,VILLAGE,Ghadagewadi,Rural,339,1539,788,408,265,3,76,8,20,1,7,751
Pune,CD BLOCK,Indapur,Rural,74455,357668,173235,76355,58721,2355,24848,3600,4686,416,2254,184433
Pune,VILLAGE,Shetphalgadhe,Rural,851,4123,1819,802,538,33,277,90,63,0,16,2304
Pune,VILLAGE,Pimpale,Rural,264,1337,694,498,113,14,64,1,3,0,1,643
Pune,VILLAGE,Madanwadi,Rural,1204,5954,2668,847,1068,25,591,29,72,3,33,3286
Pune,VILLAGE,Takrarwadi,Rural,493,2166,909,256,142,35,424,12,34,0,6,1257
Pune,VILLAGE,Bhigvan,Rural,1576,7673,2507,380,582,130,1306,10,14,7,78,5166
Pune,VILLAGE,Bhigvanstaion,Rural,567,2858,1082,220,342,15,466,22,14,0,3,1776
Pune,VILLAGE,Dikasal,Rural,339,1710,834,315,245,8,257,1,0,0,8,876
Pune,VILLAGE,Kumbhargaon,Rural,293,1330,636,235,245,0,156,0,0,0,0,694
Pune,VILLAGE,Bandgarwadi ,Rural,117,622,269,168,61,2,37,0,0,0,1,353
Pune,VILLAGE,Poundhawadi,Rural,355,1792,896,483,142,5,46,15,132,21,52,896
Pune,VILLAGE,Lamjewadi,Rural,142,662,252,154,19,25,45,5,2,0,2,410
Pune,VILLAGE,Nirgude,Rural,433,2095,978,549,293,9,108,2,8,0,9,1117
Pune,VILLAGE,Mhasobachiwadi,Rural,397,2000,1012,714,175,6,70,1,38,1,7,988
Pune,VILLAGE,Vaysewadi,Rural,126,577,185,167,8,0,2,1,5,0,2,392
Pune,VILLAGE,Akole,Rural,678,3273,1298,687,455,13,135,2,1,0,5,1975
Pune,VILLAGE,Bhadalwadi,Rural,622,2628,1097,232,265,5,522,44,17,0,12,1531
Pune,VILLAGE,Dalaj No.1,Rural,262,1204,585,144,238,17,179,0,0,1,6,619
Pune,VILLAGE,Dalaj No.2,Rural,298,1455,489,212,190,2,84,0,0,0,1,966
Pune,VILLAGE,Dalaj No.3,Rural,196,895,377,163,75,4,134,0,0,0,1,518
Pune,VILLAGE,Kalewadi,Rural,307,1477,840,575,152,6,76,11,11,8,1,637
Pune,VILLAGE,Bandewadi,Rural,72,342,102,74,17,1,10,0,0,0,0,240
Pune,VILLAGE,Palasdeo,Rural,793,3621,1500,458,476,39,438,19,54,1,15,2121
Pune,VILLAGE,Malewadi,Rural,377,1818,1090,666,256,9,139,3,3,1,13,728
Pune,VILLAGE,Bhawadi,Rural,225,907,443,152,234,5,44,0,7,0,1,464
Pune,VILLAGE,Loni,Rural,560,2667,1352,642,258,1,197,227,23,0,4,1315
Pune,VILLAGE,Varkute Bk.,Rural,641,2915,1636,1034,507,19,62,4,9,0,1,1279
Pune,VILLAGE,Balpudi,Rural,148,743,434,304,86,0,36,8,0,0,0,309
Pune,VILLAGE,Karewadi,Rural,302,1466,667,493,140,2,31,0,1,0,0,799
Pune,VILLAGE,Lakadi,Rural,526,2547,1037,287,363,11,150,8,205,0,13,1510
Pune,VILLAGE,Shindewadi,Rural,375,1883,854,665,122,1,58,0,0,0,8,1029
Pune,VILLAGE,Kazad,Rural,576,3139,1865,1233,283,10,88,108,138,0,5,1274
Pune,VILLAGE,Nimbodi,Rural,383,1922,1032,555,372,10,89,2,4,0,0,890
Pune,VILLAGE,Bori,Rural,1237,5861,3040,1517,1119,26,304,14,56,0,4,2821
Pune,VILLAGE,Sansar,Rural,1339,6632,2659,747,1092,34,494,32,189,3,68,3973
Pune,VILLAGE,Bhawaninagar,Rural,896,4011,1506,184,661,61,506,6,28,9,51,2505
Pune,VILLAGE,Jachakvasti,Rural,247,1300,689,343,248,11,76,3,1,2,5,611
Pune,VILLAGE,Kardanwadi,Rural,212,917,400,180,157,2,50,5,2,2,2,517
Pune,VILLAGE,Jankshan,Rural,1081,4855,1685,301,261,20,1031,34,14,3,21,3170
Pune,VILLAGE,Lasurne,Rural,1780,8803,3927,902,2341,43,481,23,67,10,60,4876
Pune,VILLAGE,Pawarwadi,Rural,405,2202,1063,425,350,63,183,2,12,14,14,1139
Pune,VILLAGE,Belewadi,Rural,1022,5056,3009,1530,984,176,115,70,43,11,80,2047
Pune,VILLAGE,Sapkalwadi,Rural,280,1305,575,234,219,3,61,28,27,0,3,730
Pune,VILLAGE,Hinganewadi,Rural,243,1218,555,261,190,2,57,9,30,1,5,663
Pune,VILLAGE,Udhat,Rural,428,2023,947,230,446,4,160,27,70,1,9,1076
Pune,VILLAGE,Paritwadi,Rural,260,1245,552,295,239,0,17,1,0,0,0,693
Pune,VILLAGE,Thoratwadi,Rural,156,812,446,233,155,6,42,2,2,1,5,366
Pune,VILLAGE,Chavhanwadi,Rural,83,396,235,73,34,1,24,56,44,2,1,161
Pune,VILLAGE,Bambadwadi,Rural,154,688,359,118,116,0,39,72,11,0,3,329
Pune,VILLAGE,Mankarwadi,Rural,190,986,443,218,98,9,115,1,1,0,1,543
Pune,VILLAGE,Gholapwadi,Rural,322,1407,820,85,652,23,56,1,3,0,0,587
Pune,VILLAGE,Tawashi,Rural,639,3046,1302,463,513,12,228,5,16,35,30,1744
Pune,VILLAGE,Jamb,Rural,342,1459,649,260,319,1,61,1,4,0,3,810
Pune,VILLAGE,Kurawali,Rural,535,2925,1535,721,346,63,237,56,89,7,16,1390
Pune,VILLAGE,Chikhali,Rural,283,1426,642,287,239,8,62,0,45,0,1,784
Pune,VILLAGE,Pilewadi,Rural,215,1150,737,577,102,13,36,5,1,0,3,413
Pune,VILLAGE,Maradwadi,Rural,139,571,310,140,140,0,29,0,1,0,0,261
Pune,VILLAGE,Nhavi,Rural,695,3222,1793,895,646,2,95,143,8,3,1,1429
Pune,VILLAGE,Rui,Rural,710,3232,1706,1104,363,86,139,5,1,2,6,1526
Pune,VILLAGE,Gosaviwadi,Rural,215,1157,695,447,215,1,30,0,2,0,0,462
Pune,VILLAGE,Kalas,Rural,855,4141,2173,1185,609,49,161,7,129,25,8,1968
Pune,VILLAGE,Thoratwadi,Rural,86,473,285,181,93,1,7,2,1,0,0,188
Pune,VILLAGE,Birgundwadi,Rural,162,792,461,280,148,0,16,2,15,0,0,331
Pune,VILLAGE,Shelgaon,Rural,1825,8215,4576,1902,1851,63,462,94,173,18,13,3639
Pune,VILLAGE,Bharnewadi,Rural,847,4358,2023,1485,363,5,156,4,1,0,9,2335
Pune,VILLAGE,Anthurne,Rural,1245,6100,2811,814,1089,50,523,44,245,8,38,3289
Pune,VILLAGE,Kadbanwadi,Rural,425,1636,841,470,324,0,40,0,6,0,1,795
Pune,VILLAGE,Hangarwadi,Rural,376,1807,1107,557,132,12,174,64,73,4,91,700
Pune,VILLAGE,Pitkeshwar,Rural,427,2065,1293,873,340,6,68,4,1,0,1,772
Pune,VILLAGE,Sarafwadi,Rural,413,2038,1224,826,274,1,71,37,7,0,8,814
Pune,VILLAGE,Ghorpadwadi,Rural,304,1401,775,347,318,21,72,4,4,3,6,626
Pune,VILLAGE,Sirsatwadi,Rural,433,2100,1131,793,197,4,133,0,1,0,3,969
Pune,VILLAGE,Ranmodwadi,Rural,725,3468,1356,376,495,64,383,7,10,1,20,2112
Pune,VILLAGE,Kalamb,Rural,3576,16338,6190,1056,1733,119,2914,75,127,21,145,10148
Pune,VILLAGE,Nimsakhar,Rural,1284,6000,2868,1085,865,24,406,280,178,0,30,3132
Pune,VILLAGE,Nirwangi,Rural,753,3601,1982,1554,228,15,134,15,26,7,3,1619
Pune,VILLAGE,Kauthali,Rural,543,2764,1585,1114,359,12,96,0,1,2,1,1179
Pune,VILLAGE,Vyahali,Rural,366,1698,875,396,331,14,64,20,18,6,26,823
Pune,VILLAGE,Kacharewadi,Rural,163,829,373,109,171,2,24,39,28,0,0,456
Pune,VILLAGE,Gotandi,Rural,877,4650,2620,1932,586,0,90,4,4,0,4,2030
Pune,VILLAGE,Nimgaon Ketki,Rural,2450,12397,5664,2133,2212,39,1228,6,23,3,20,6733
Pune,VILLAGE,Varkute Kh.,Rural,980,4811,1901,903,848,1,132,4,8,1,4,2910
Pune,VILLAGE,Kati,Rural,1149,5353,3166,1626,1291,20,197,13,6,2,11,2187
Pune,VILLAGE,Jadhavwadi,Rural,101,472,280,235,31,3,4,1,3,1,2,192
Pune,VILLAGE,Reda,Rural,534,2415,884,480,243,11,98,6,18,5,23,1531
Pune,VILLAGE,Redani,Rural,795,3938,1834,955,585,110,112,10,14,18,30,2104
Pune,VILLAGE,Khorochi,Rural,786,3637,2126,1250,571,69,134,18,64,3,17,1511
Pune,VILLAGE,Boratwadi,Rural,340,1715,843,655,102,2,75,2,5,1,1,872
Pune,VILLAGE,Chandgaon,Rural,185,797,372,151,175,0,41,3,1,0,1,425
Pune,VILLAGE,Agoti No.1,Rural,282,1261,391,261,89,2,30,4,4,0,1,870
Pune,VILLAGE,Agoti No.2,Rural,149,719,350,159,138,2,46,1,2,0,2,369
Pune,VILLAGE,Ganjewalan,Rural,193,840,410,177,102,0,80,21,24,0,6,430
Pune,VILLAGE,Kalashi,Rural,384,1819,952,408,233,1,116,148,36,0,10,867
Pune,VILLAGE,Kalthan No.1,Rural,483,2135,1007,318,506,4,153,6,2,0,18,1128
Pune,VILLAGE,Shirsadi,Rural,383,1938,963,365,480,4,107,2,1,1,3,975
Pune,VILLAGE,Padasthal,Rural,291,1405,448,272,93,2,68,9,4,0,0,957
Pune,VILLAGE,Takali,Rural,0,0,0,0,0,0,0,0,0,0,0,0
Pune,VILLAGE,Ajoti,Rural,204,864,413,113,119,6,170,1,0,1,3,451
Pune,VILLAGE,Sugaon,Rural,72,301,199,86,73,1,31,6,2,0,0,102
Pune,VILLAGE,Pimpri Kh.,Rural,242,1380,642,481,85,0,35,1,37,1,2,738
Pune,VILLAGE,Malwadi,Rural,848,4263,2332,1328,757,29,112,76,21,3,6,1931
Pune,VILLAGE,Galand Wadi No.1,Rural,370,1873,892,531,166,24,142,12,7,1,9,981
Pune,VILLAGE,Narutwadi,Rural,224,1331,693,390,222,5,45,28,2,0,1,638
Pune,VILLAGE,Kalthan No.2,Rural,256,1188,408,162,151,2,68,1,1,0,23,780
Pune,VILLAGE,Gagargaon,Rural,152,709,302,100,78,0,71,0,48,0,5,407
Pune,VILLAGE,Bijwadi,Rural,755,3369,1425,292,720,12,321,6,57,1,16,1944
Pune,VILLAGE,Rajwadi,Rural,104,508,285,87,161,14,14,1,4,3,1,223
Pune,VILLAGE,Vangali,Rural,265,1251,584,262,245,1,67,2,3,0,4,667
Pune,VILLAGE,Pondkulwadi,Rural,249,1330,701,461,102,4,129,0,0,0,5,629
Pune,VILLAGE,Shaha,Rural,390,2364,1105,404,301,23,300,34,21,3,19,1259
Pune,VILLAGE,Kandalgaon,Rural,416,2069,1060,563,394,27,52,3,6,7,8,1009
Pune,VILLAGE,Taratgaon,Rural,63,288,151,60,78,0,13,0,0,0,0,137
Pune,VILLAGE,Hingangaon,Rural,381,1846,1000,335,345,5,149,19,37,0,110,846
Pune,VILLAGE,Sardewadi,Rural,604,3187,1768,789,571,31,290,4,31,5,47,1419
Pune,VILLAGE,Galand Wadi No.2,Rural,470,2299,1194,638,320,0,216,3,8,0,9,1105
Pune,VILLAGE,Gokhali,Rural,373,1608,842,617,126,0,97,2,0,0,0,766
Pune,VILLAGE,Tarangwadi,Rural,513,2557,1503,589,681,24,167,14,17,1,10,1054
Pune,VILLAGE,Zagadewadi,Rural,231,1193,654,411,92,2,54,82,10,0,3,539
Pune,VILLAGE,Pandharwadi,Rural,235,1198,741,177,442,2,29,81,7,0,3,457
Pune,VILLAGE,Vadapuri,Rural,919,4401,2510,528,1198,12,173,20,341,17,221,1891
Pune,VILLAGE,Bedshinge,Rural,183,759,486,328,111,6,33,4,1,0,3,273
Pune,VILLAGE,Babhulgaon,Rural,608,2505,1273,623,500,8,55,21,53,1,12,1232
Pune,VILLAGE,Awasari,Rural,496,2011,1199,693,368,7,75,39,14,0,3,812
Pune,VILLAGE,Bhat Nimgaon,Rural,337,1547,848,395,413,0,36,0,2,1,1,699
Pune,VILLAGE,Shetphal Haveli,Rural,652,3006,1843,674,886,29,142,28,44,8,32,1163
Pune,VILLAGE,Surwad,Rural,587,2639,1256,558,592,13,86,1,4,0,2,1383
Pune,VILLAGE,Bhandgaon,Rural,632,2993,1646,865,554,13,68,29,48,8,61,1347
Pune,VILLAGE,Vakilwasti,Rural,435,2144,1155,228,690,10,95,12,110,1,9,989
Pune,VILLAGE,Bawada,Rural,2347,10734,4945,1461,2641,44,644,27,66,17,45,5789
Pune,VILLAGE,Bhodani,Rural,545,2488,1394,462,631,5,122,93,71,3,7,1094
Pune,VILLAGE,Lakhewadi,Rural,946,4540,2413,717,953,20,203,331,100,10,79,2127
Pune,VILLAGE,Chakati,Rural,247,1316,763,221,315,1,23,120,82,0,1,553
Pune,VILLAGE,Pithewadi,Rural,219,1080,606,387,163,9,36,5,5,1,0,474
Pune,VILLAGE,Nirnimgaon,Rural,585,2863,1624,466,932,5,89,7,26,0,99,1239
Pune,VILLAGE,Kacharewadi,Rural,219,1141,628,433,132,2,32,11,13,4,1,513
Pune,VILLAGE,Sarati,Rural,414,2160,1006,407,226,5,216,69,40,0,43,1154
Pune,VILLAGE,Lumewadi,Rural,620,3067,1118,371,391,42,182,22,50,28,32,1949
Pune,VILLAGE,Gondi,Rural,232,1116,556,334,191,10,19,1,1,0,0,560
Pune,VILLAGE,Ganeshwadi,Rural,243,1346,819,550,229,0,36,0,2,0,2,527
Pune,VILLAGE,Pimpri Bk.,Rural,463,2251,1161,613,338,8,33,24,103,7,35,1090
Pune,VILLAGE,Tannu,Rural,433,2117,737,339,285,4,64,30,9,1,5,1380
Pune,VILLAGE,Narsingpur,Rural,468,2231,1024,298,512,6,122,57,19,0,10,1207
Pune,VILLAGE,Giravi,Rural,308,1766,1038,379,258,17,15,90,275,4,0,728
Pune,VILLAGE,Ozare,Rural,124,639,435,332,71,3,13,1,0,0,15,204
Latur,CD BLOCK,Latur,Rural,56550,286711,130484,43865,56244,947,24450,1589,2242,94,1053,156227
Latur,VILLAGE,Pimpalgaon Amba,Rural,226,1133,574,351,115,23,66,9,1,2,7,559
Latur,VILLAGE,Bhosa,Rural,344,1847,914,310,520,2,67,5,8,0,2,933
Latur,VILLAGE,Wadi Wagholi,Rural,146,692,428,278,135,0,10,2,0,0,3,264
Latur,VILLAGE,Nilkanth,Rural,80,412,231,129,76,2,11,12,1,0,0,181
Latur,VILLAGE,Wagholi,Rural,687,3646,1789,858,689,24,191,13,11,1,2,1857
Latur,VILLAGE,Shirala,Rural,683,3285,1583,619,715,33,166,24,19,2,5,1702
Latur,VILLAGE,Khuntephal,Rural,155,691,428,226,192,3,3,1,2,1,0,263
Latur,VILLAGE,Matephal,Rural,488,2335,1405,653,694,7,48,0,2,0,1,930
Latur,VILLAGE,Murud Bk.,Rural,5259,25978,10254,1328,4517,164,3886,52,158,22,127,15724
Latur,VILLAGE,Gumphawadi,Rural,302,1383,661,352,212,0,97,0,0,0,0,722
Latur,VILLAGE,Karkatta,Rural,390,1842,1017,477,350,5,105,43,36,0,1,825
Latur,VILLAGE,Khandala,Rural,208,1036,537,263,241,3,26,0,4,0,0,499
Latur,VILLAGE,Hisori,Rural,190,904,504,217,262,0,24,1,0,0,0,400
Latur,VILLAGE,Borgaon Bk.,Rural,914,4635,2047,535,1315,20,153,6,10,1,7,2588
Latur,VILLAGE,Niwali,Rural,1102,5268,2887,1487,1183,14,173,15,9,2,4,2381
Latur,VILLAGE,Dhakani,Rural,265,1317,779,254,376,8,27,96,15,2,1,538
Latur,VILLAGE,Ekurga,Rural,619,3209,1609,691,632,15,116,90,59,1,5,1600
Latur,VILLAGE,Chata,Rural,389,1888,894,485,357,1,50,0,0,0,1,994
Latur,VILLAGE,Bhoyara,Rural,310,1805,944,624,301,0,13,6,0,0,0,861
Latur,VILLAGE,Takali Shiradhon,Rural,310,1387,807,524,238,0,29,6,7,0,3,580
Latur,VILLAGE,Bopala,Rural,308,1530,690,227,390,2,62,2,7,0,0,840
Latur,VILLAGE,Kanadi Borgaon,Rural,392,1707,799,221,526,0,40,4,6,1,1,908
Latur,VILLAGE,Takalgaon,Rural,227,1043,559,278,205,1,75,0,0,0,0,484
Latur,VILLAGE,Sevadasnagar,Rural,118,810,311,233,44,0,32,2,0,0,0,499
Latur,VILLAGE,Tandulja,Rural,856,4252,2119,688,1102,9,290,8,20,0,2,2133
Latur,VILLAGE,Sarsa,Rural,447,2302,1269,610,554,2,97,1,4,0,1,1033
Latur,VILLAGE,Wanjarkheda,Rural,688,3155,1867,791,993,0,72,3,6,0,2,1288
Latur,VILLAGE,Wanjarkheda Tanda,Rural,161,860,430,174,233,0,18,1,4,0,0,430
Latur,VILLAGE,Gadhawad,Rural,758,3964,1737,857,735,3,125,5,9,0,3,2227
Latur,VILLAGE,Masala,Rural,308,1454,768,437,242,2,63,18,4,0,2,686
Latur,VILLAGE,Pimpri Amba,Rural,394,2011,1152,829,310,0,3,6,3,0,1,859
Latur,VILLAGE,Jawala Bk.,Rural,534,2437,1049,368,500,12,158,5,4,0,2,1388
Latur,VILLAGE,Bodkha,Rural,234,1087,603,348,190,3,49,8,2,0,3,484
Latur,VILLAGE,Wakadi,Rural,100,499,150,112,29,0,7,0,1,1,0,349
Latur,VILLAGE,Ganjur,Rural,180,867,490,235,218,1,28,0,7,1,0,377
Latur,VILLAGE,Tadki,Rural,77,386,203,9,193,0,0,1,0,0,0,183
Latur,VILLAGE,Rui,Rural,285,1321,728,416,268,6,32,0,4,0,2,593
Latur,VILLAGE,Rameshwar,Rural,339,1562,728,374,218,3,106,18,5,0,4,834
Latur,VILLAGE,Dindegaon,Rural,112,521,288,204,55,0,13,11,4,0,1,233
Latur,VILLAGE,Kasar Jawala,Rural,395,1845,1014,320,426,5,168,55,33,1,6,831
Latur,VILLAGE,Dhoki,Rural,237,1144,415,312,79,0,23,1,0,0,0,729
Latur,VILLAGE,Yeli,Rural,328,1725,789,339,347,2,86,4,8,0,3,936
Latur,VILLAGE,Chincholi Ballalnath,Rural,1077,5053,2251,739,1174,20,260,26,27,0,5,2802
Latur,VILLAGE,Gondegaon,Rural,380,2119,757,271,427,6,47,0,4,0,2,1362
Latur,VILLAGE,Ramegaon,Rural,386,2062,1063,537,381,33,97,10,4,0,1,999
Latur,VILLAGE,Karsa,Rural,237,1043,435,151,224,4,50,4,1,0,1,608
Latur,VILLAGE,Katgaon,Rural,670,3252,1430,648,632,0,103,4,39,1,3,1822
Latur,VILLAGE,Krishnanagar (N.V.),Rural,125,712,338,46,227,7,30,17,9,0,2,374
Latur,VILLAGE,Takali Bardpur,Rural,567,2702,1430,840,540,0,25,22,2,0,1,1272
Latur,VILLAGE,Jewali,Rural,424,2308,1181,362,488,3,152,14,150,6,6,1127
Latur,VILLAGE,Nagzari,Rural,282,1503,713,269,422,0,18,0,3,0,1,790
Latur,VILLAGE,Bhuisamudraga,Rural,498,2710,1463,583,694,11,153,5,9,4,4,1247
Latur,VILLAGE,Tandulwadi,Rural,208,1102,488,291,133,5,58,0,1,0,0,614
Latur,VILLAGE,Samangaon,Rural,263,1393,717,534,158,0,23,1,1,0,0,676
Latur,VILLAGE,Manjari,Rural,400,2118,1228,353,412,18,74,292,73,4,2,890
Latur,VILLAGE,Gategaon,Rural,687,3216,1626,565,812,9,202,11,14,2,11,1590
Latur,VILLAGE,Murud  Akola,Rural,529,2573,1181,578,358,7,159,35,42,0,2,1392
Latur,VILLAGE,Chikhurda,Rural,411,2380,961,249,499,11,116,11,68,0,7,1419
Latur,VILLAGE,Akharwai,Rural,333,1866,890,425,313,3,146,1,1,0,1,976
Latur,VILLAGE,Sakhara,Rural,377,1954,899,410,393,9,65,0,5,1,16,1055
Latur,VILLAGE,Chincholi Rao,Rural,479,2468,1111,300,707,6,81,6,6,0,5,1357
Latur,VILLAGE,Vilasnagar (N.V.) ,Rural,503,2415,965,35,92,0,829,1,4,0,4,1450
Latur,VILLAGE,Akoli,Rural,543,2703,1407,710,400,4,274,6,9,0,4,1296
Latur,VILLAGE,Sawargaon,Rural,323,1640,748,421,234,6,73,8,5,0,1,892
Latur,VILLAGE,Dhanori,Rural,159,847,400,178,147,2,38,29,3,1,2,447
Latur,VILLAGE,Uti Kh.,Rural,85,526,239,118,78,4,36,3,0,0,0,287
Latur,VILLAGE,Shiur,Rural,349,1877,1018,489,449,14,56,6,2,0,2,859
Latur,VILLAGE,Chincholi Raowadi,Rural,400,1899,846,216,191,3,413,10,3,1,9,1053
Latur,VILLAGE,Sai,Rural,414,2039,973,499,346,3,102,11,11,0,1,1066
Latur,VILLAGE,Mahapur,Rural,610,3449,1199,482,481,26,183,7,2,4,14,2250
Latur,VILLAGE,Borwati,Rural,359,1779,753,252,274,15,207,2,0,0,3,1026
Latur,VILLAGE,Nandgaon,Rural,603,2947,1293,377,713,5,180,7,8,1,2,1654
Latur,VILLAGE,Raiwadi,Rural,256,1285,560,260,234,0,66,0,0,0,0,725
Latur,VILLAGE,Harangul Kh.,Rural,751,3772,1681,324,830,11,445,40,28,0,3,2091
Latur,VILLAGE,Warwanti,Rural,405,1976,770,116,310,6,324,1,3,0,10,1206
Latur,VILLAGE,Baswantpur,Rural,288,1370,421,46,194,5,163,0,12,0,1,949
Latur,VILLAGE,Kasargaon,Rural,241,1325,413,185,210,0,10,1,7,0,0,912
Latur,VILLAGE,Hanamantwadi,Rural,145,710,200,92,96,0,6,2,4,0,0,510
Latur,VILLAGE,Latur (rural),Rural,0,0,0,0,0,0,0,0,0,0,0,0
Latur,VILLAGE,Maharanapratapnagar,Rural,1878,9330,3107,82,1098,30,1751,11,54,7,74,6223
Latur,VILLAGE,Babhalgaon,Rural,1449,7353,2908,441,1389,29,1013,7,15,0,14,4445
Latur,VILLAGE,Sikandarpur,Rural,295,1554,747,146,201,6,387,0,2,1,4,807
Latur,VILLAGE,Khopegaon,Rural,368,1830,747,232,285,6,211,5,2,0,6,1083
Latur,VILLAGE,Wasangaon,Rural,405,2097,917,260,386,3,190,8,61,0,9,1180
Latur,VILLAGE,Khadgaon,Rural,309,1538,606,129,350,8,110,2,3,0,4,932
Latur,VILLAGE,Harangul  Bk,Rural,1477,8123,2768,652,1311,39,698,14,17,2,35,5355
Latur,VILLAGE,Shyamnagar (N.V.),Rural,592,3216,1031,95,207,12,368,12,21,1,315,2185
Latur,VILLAGE,Pakharsangvi,Rural,1697,8580,3372,524,964,19,1773,6,14,2,70,5208
Latur,VILLAGE,Khandapur,Rural,751,4701,2925,403,458,20,1979,6,34,1,24,1776
Latur,VILLAGE,Gangapur,Rural,1156,5902,2330,700,1293,4,321,6,5,0,1,3572
Latur,VILLAGE,Peth,Rural,413,2196,962,400,353,9,191,4,3,0,2,1234
Latur,VILLAGE,Chandeshwar,Rural,421,2023,892,183,590,2,110,0,4,0,3,1131
Latur,VILLAGE,Kavha,Rural,550,3067,1440,336,803,3,282,3,7,2,4,1627
Latur,VILLAGE,Katpur,Rural,396,2019,969,287,529,6,116,0,30,0,1,1050
Latur,VILLAGE,Sirsi,Rural,180,994,315,138,138,5,31,0,3,0,0,679
Latur,VILLAGE,Khulgapur,Rural,285,1471,667,157,272,7,73,23,131,1,3,804
Latur,VILLAGE,Malwati,Rural,351,1777,805,237,353,0,187,18,8,0,2,972
Latur,VILLAGE,Kasarkheda,Rural,531,2611,1330,453,747,6,92,7,21,1,3,1281
Latur,VILLAGE,Chikhal Thana,Rural,350,1703,764,217,483,1,52,0,10,0,1,939
Latur,VILLAGE,Bamni,Rural,353,1956,1019,419,524,6,62,4,2,0,2,937
Latur,VILLAGE,Bhadi,Rural,245,1242,571,259,197,4,68,1,41,0,1,671
Latur,VILLAGE,Bhatangali,Rural,743,4084,1872,431,1215,13,182,5,19,3,4,2212
Latur,VILLAGE,Shriramnagar (N.V.) ,Rural,251,1258,490,88,132,0,155,28,65,0,22,768
Latur,VILLAGE,Bhatkheda,Rural,436,2283,931,174,405,3,270,15,52,0,12,1352
Latur,VILLAGE,Kolpa,Rural,270,1384,695,176,431,2,80,1,5,0,0,689
Latur,VILLAGE,Sarola,Rural,397,1957,826,150,274,4,282,8,86,0,22,1131
Latur,VILLAGE,Sonavati,Rural,564,2813,1493,533,410,9,397,48,80,3,13,1320
Latur,VILLAGE,Anandwadi,Rural,0,0,0,0,0,0,0,0,0,0,0,0
Latur,VILLAGE,Bhadgaon,Rural,339,1743,944,333,377,1,112,49,64,1,7,799
Latur,VILLAGE,Mahamdapur,Rural,220,1167,599,139,398,7,50,4,1,0,0,568
Latur,VILLAGE,Ramzanpur,Rural,112,668,366,50,311,0,5,0,0,0,0,302
Latur,VILLAGE,Umarga,Rural,281,1447,574,121,388,4,50,5,4,0,2,873
Latur,VILLAGE,Dhanegaon,Rural,407,2148,888,343,459,18,54,2,10,0,2,1260
Latur,VILLAGE,Shelu Bk.,Rural,220,1076,539,223,222,2,88,2,1,0,1,537
Latur,VILLAGE,Shivani Kh.,Rural,292,1452,639,237,173,2,43,12,163,0,9,813
Latur,VILLAGE,Bori,Rural,717,3797,1920,565,1044,12,199,17,45,3,35,1877
Latur,VILLAGE,Mushirabad,Rural,314,1605,823,247,376,1,91,51,45,0,12,782
Latur,VILLAGE,Salgara Kh.,Rural,170,938,522,225,233,2,48,5,9,0,0,416
Latur,VILLAGE,Dagadwadi,Rural,85,493,245,133,91,0,20,1,0,0,0,248
Latur,VILLAGE,Salgara Bk.,Rural,415,1978,1122,381,638,6,81,8,4,1,3,856
Latur,VILLAGE,Bokangaon,Rural,344,1685,740,336,221,2,54,59,64,2,2,945
Latur,VILLAGE,Bindgihal,Rural,209,1184,566,236,265,3,52,5,4,0,1,618
Latur,CD BLOCK,Renapur,Rural,28821,142187,66435,24099,30315,630,7333,1005,2466,88,499,75752
Latur,VILLAGE,Chatgaon,Rural,209,1043,427,185,188,5,28,3,18,0,0,616
Latur,VILLAGE,Morwad,Rural,334,1686,892,529,217,11,53,10,69,0,3,794
Latur,VILLAGE,Lakhamapur,Rural,253,1158,650,484,141,3,19,0,2,0,1,508
Latur,VILLAGE,Palsi,Rural,290,1350,639,203,320,20,78,4,7,1,6,711
Latur,VILLAGE,Bhokaramba,Rural,503,2289,1179,513,501,16,114,11,18,1,5,1110
Latur,VILLAGE,Motegaon,Rural,511,2459,1109,388,600,9,54,17,36,0,5,1350
Latur,VILLAGE,Wangdari,Rural,362,1650,917,456,305,2,55,64,25,2,8,733
Latur,VILLAGE,Dighol Deshmukh,Rural,497,2390,968,352,287,22,111,3,147,0,46,1422
Latur,VILLAGE,Dighol Deshpande,Rural,109,486,239,33,188,7,10,0,0,0,1,247
Latur,VILLAGE,Sevalalnagar,Rural,104,406,230,58,161,0,9,0,1,0,1,176
Latur,VILLAGE,Itti,Rural,286,1231,649,181,213,2,121,57,56,0,19,582
Latur,VILLAGE,Khanapur,Rural,139,586,303,232,24,5,41,1,0,0,0,283
Latur,VILLAGE,Dawangaon,Rural,335,1541,874,663,145,15,51,0,0,0,0,667
Latur,VILLAGE,Kumbhari,Rural,119,650,309,101,120,3,51,2,25,2,5,341
Latur,VILLAGE,Nagapur ,Rural,69,299,155,68,59,2,20,1,1,0,4,144
Latur,VILLAGE,Shera,Rural,402,2159,913,260,394,11,74,20,138,6,10,1246
Latur,VILLAGE,Pohregaon,Rural,722,3498,1338,527,575,33,164,9,14,7,9,2160
Latur,VILLAGE,Poharegaon Tanda,Rural,109,491,241,61,166,2,11,0,0,0,1,250
Latur,VILLAGE,Andalgaon,Rural,160,735,380,179,165,0,19,1,8,0,8,355
Latur,VILLAGE,Sangvi,Rural,302,1525,615,343,190,1,68,1,6,0,6,910
Latur,VILLAGE,Sindhgaon,Rural,472,2506,1013,265,606,16,104,2,10,0,10,1493
Latur,VILLAGE,Niwada,Rural,460,2131,1134,249,657,7,200,9,8,1,3,997
Latur,VILLAGE,Bawchi,Rural,211,963,462,178,205,2,24,13,31,3,6,501
Latur,VILLAGE,Kolgaon,Rural,405,2119,874,161,288,3,92,45,267,2,16,1245
Latur,VILLAGE,Brahmawadi,Rural,108,559,320,168,135,0,13,4,0,0,0,239
Latur,VILLAGE,Darji Borgaon,Rural,356,1815,775,236,401,4,82,2,1,4,45,1040
Latur,VILLAGE,Indarthana,Rural,330,1499,620,130,226,1,193,25,42,0,3,879
Latur,VILLAGE,Arajkheda,Rural,315,1691,613,281,210,1,109,3,0,0,9,1078
Latur,VILLAGE,Garsuli,Rural,431,2183,778,292,377,2,75,4,21,2,5,1405
Latur,VILLAGE,Tattapur,Rural,281,1287,761,466,217,3,59,2,9,1,4,526
Latur,VILLAGE,Wala,Rural,320,1589,719,288,286,0,127,8,7,0,3,870
Latur,VILLAGE,Seva Nagar,Rural,140,811,423,104,282,1,29,1,5,0,1,388
Latur,VILLAGE,Faradpur,Rural,161,832,458,362,82,0,8,5,0,0,1,374
Latur,VILLAGE,Vanjarwadi,Rural,239,1273,562,248,30,3,68,183,27,0,3,711
Latur,VILLAGE,Kamkheda,Rural,651,3133,1462,391,852,22,166,14,10,4,3,1671
Latur,VILLAGE,Ramwadi (Pangaon),Rural,106,543,282,136,99,3,39,1,2,1,1,261
Latur,VILLAGE,Pangaon,Rural,2294,11661,5081,715,3133,64,955,15,159,1,39,6580
Latur,VILLAGE,Phawde Wadi,Rural,314,1585,660,370,159,7,91,4,17,1,11,925
Latur,VILLAGE,Muslewadi,Rural,311,1534,861,542,256,1,51,6,3,0,2,673
Latur,VILLAGE,Narvatwadi,Rural,97,464,264,143,70,0,49,1,0,0,1,200
Latur,VILLAGE,Manusmarwadi,Rural,271,1387,674,311,293,3,55,7,4,1,0,713
Latur,VILLAGE,Patharwadi,Rural,295,1500,675,284,289,2,92,0,4,1,3,825
Latur,VILLAGE,Bhandarwadi,Rural,307,1633,705,361,264,1,72,3,1,0,3,928
Latur,VILLAGE,Takalgaon,Rural,200,954,428,108,284,2,15,2,9,0,8,526
Latur,VILLAGE,Bitargaon,Rural,479,2509,1216,431,628,3,66,41,38,1,8,1293
Latur,VILLAGE,Sumthana,Rural,223,1147,624,273,312,10,24,3,2,0,0,523
Latur,VILLAGE,Samsapur,Rural,371,1840,675,239,275,20,99,7,33,2,0,1165
Latur,VILLAGE,Kalewadi,Rural,119,506,325,58,74,0,33,34,122,0,4,181
Latur,VILLAGE,Ghansargaon,Rural,527,2507,1220,225,787,8,94,18,71,4,13,1287
Latur,VILLAGE,Murdhav,Rural,310,1549,840,329,456,0,50,1,4,0,0,709
Latur,VILLAGE,Hanumantwadi,Rural,201,1246,694,215,455,0,19,0,5,0,0,552
Latur,VILLAGE,Renapur,Rural,3088,14953,6063,1230,3062,160,1387,33,125,8,58,8890
Latur,VILLAGE,Rupchand Nagar,Rural,301,1711,628,73,498,1,54,0,0,0,2,1083
Latur,VILLAGE,Gavhan,Rural,251,1306,749,279,286,1,75,23,71,1,13,557
Latur,VILLAGE,Nehru Nagar,Rural,96,455,215,32,146,0,37,0,0,0,0,240
Latur,VILLAGE,Harwadi,Rural,396,1981,993,448,481,4,54,3,2,0,1,988
Latur,VILLAGE,Jawalga,Rural,416,2079,967,321,354,7,85,93,89,3,15,1112
Latur,VILLAGE,Shelu Kh.,Rural,227,936,497,118,322,2,25,3,22,0,5,439
Latur,VILLAGE,Kharola,Rural,1517,7469,3507,837,2290,23,288,10,21,17,21,3962
Latur,VILLAGE,Ramwadi,Rural,246,1052,656,374,239,0,37,4,0,0,2,396
Latur,VILLAGE,Kumbharwadi,Rural,256,1324,586,177,365,1,40,1,2,0,0,738
Latur,VILLAGE,Anandwadi,Rural,147,708,279,147,65,3,27,18,10,1,8,429
Latur,VILLAGE,Sukani,Rural,72,341,145,47,6,0,14,0,75,2,1,196
Latur,VILLAGE,Kostagaon,Rural,663,3094,1590,1005,366,14,167,28,8,0,2,1504
Latur,VILLAGE,Lahanewadi,Rural,56,284,169,153,0,0,14,1,0,0,1,115
Latur,VILLAGE,Divegaon,Rural,149,663,387,151,200,0,30,2,3,0,1,276
Latur,VILLAGE,Makegaon,Rural,374,1592,947,15,836,2,93,0,0,0,1,645
Latur,VILLAGE,Godhala,Rural,394,2052,906,507,248,3,70,11,65,1,1,1146
Latur,VILLAGE,Saygaon,Rural,67,344,120,54,37,1,21,3,3,0,1,224
Latur,VILLAGE,Hoti,Rural,301,1635,801,343,203,5,52,3,195,0,0,834
Latur,VILLAGE,Khalangri,Rural,295,1469,625,278,264,6,48,4,17,4,4,844
Latur,VILLAGE,Sarola,Rural,226,1078,620,321,240,0,47,4,2,1,5,458
Latur,VILLAGE,Asrachiwadi,Rural,124,778,435,344,75,1,7,0,7,0,1,343
Latur,VILLAGE,Kadepur,Rural,746,4011,1914,796,707,19,165,27,196,0,4,2097
Latur,VILLAGE,Yeshwant Wadi,Rural,116,592,340,304,16,1,12,0,7,0,0,252
Latur,VILLAGE,Talni,Rural,478,2197,1348,692,585,4,64,0,2,0,1,849
Latur,VILLAGE,Mohgaon (talni),Rural,191,952,530,169,328,3,24,0,3,0,3,422
Latur,VILLAGE,Sayyadpur Bk.,Rural,214,1043,485,174,234,0,39,12,23,0,3,558
Latur,VILLAGE,Dhaweli,Rural,294,1500,708,335,215,11,53,55,35,2,2,792
Latur,CD BLOCK,Ahmadpur,Rural,39154,192232,91208,32086,38578,1253,12186,1860,3417,209,1619,101024
Latur,VILLAGE,Devkara,Rural,306,1753,790,294,301,2,147,43,1,0,2,963
Latur,VILLAGE,Hingangaon,Rural,187,838,380,182,107,4,82,3,1,0,1,458
Latur,VILLAGE,Molwan,Rural,204,853,466,248,98,0,110,7,1,0,2,387
Latur,VILLAGE,Kolwadi,Rural,228,1096,377,126,112,0,40,11,85,0,3,719
Latur,VILLAGE,Gudalewadi,Rural,237,1185,655,206,309,3,50,24,52,1,10,530
Latur,VILLAGE,Yeldarwadi,Rural,191,1006,409,236,62,0,87,3,0,0,21,597
Latur,VILLAGE,Narwatwadi,Rural,138,674,347,212,110,0,25,0,0,0,0,327
Latur,VILLAGE,Andhori.,Rural,945,4546,1912,313,637,34,296,65,469,46,52,2634
Latur,VILLAGE,Chikhali,Rural,663,3538,1853,1139,424,16,193,38,12,3,28,1685
Latur,VILLAGE,Kingaon,Rural,2157,11286,4557,1243,1602,129,1180,45,158,23,177,6729
Latur,VILLAGE,Dagadwadi,Rural,182,874,432,286,47,2,80,11,3,0,3,442
Latur,VILLAGE,Mohgaon,Rural,256,1171,588,195,309,6,76,0,1,0,1,583
Latur,VILLAGE,Gunjoti,Rural,406,1830,807,299,392,11,81,13,7,0,4,1023
Latur,VILLAGE,Khanapur (Mohgaon),Rural,152,738,366,74,189,5,40,1,41,3,13,372
Latur,VILLAGE,Kopra,Rural,436,2154,896,238,382,35,129,18,61,19,14,1258
Latur,VILLAGE,Kendrewadi,Rural,182,1012,357,182,73,0,94,2,4,0,2,655
Latur,VILLAGE,Sonkhed,Rural,136,701,318,114,128,20,55,1,0,0,0,383
Latur,VILLAGE,Vilegaon,Rural,377,1876,969,410,452,10,47,19,15,3,13,907
Latur,VILLAGE,Vhotala,Rural,75,389,228,179,39,0,9,0,0,1,0,161
Latur,VILLAGE,Mankhed,Rural,210,994,542,123,227,3,85,4,6,0,94,452
Latur,VILLAGE,Dhanora Bk.,Rural,692,3202,1538,457,722,30,218,73,17,0,21,1664
Latur,VILLAGE,Satala,Rural,667,3253,1356,480,632,10,155,23,41,0,15,1897
Latur,VILLAGE,Hipparga (Kopdev),Rural,327,1399,703,199,436,3,53,4,0,3,5,696
Latur,VILLAGE,Patoda,Rural,213,826,402,99,228,4,61,5,4,0,1,424
Latur,VILLAGE,Parchanda,Rural,400,1933,983,311,379,4,61,24,198,1,5,950
Latur,VILLAGE,Takalgaon (Kam),Rural,604,3106,1507,467,677,10,201,62,48,1,41,1599
Latur,VILLAGE,Nagthana,Rural,178,895,491,215,233,5,19,1,4,3,11,404
Latur,VILLAGE,Dhaswadi,Rural,543,2511,1181,389,637,3,137,5,7,0,3,1330
Latur,VILLAGE,Khandali,Rural,835,4417,2031,634,1220,17,104,13,36,0,7,2386
Latur,VILLAGE,Nagzari,Rural,239,1049,488,285,159,0,39,0,5,0,0,561
Latur,VILLAGE,Ujana,Rural,818,3616,1713,540,958,7,155,14,23,0,16,1903
Latur,VILLAGE,Wadarwadi,Rural,73,353,172,89,72,0,9,0,2,0,0,181
Latur,VILLAGE,Ralga,Rural,245,1240,746,32,570,9,30,4,93,0,8,494
Latur,VILLAGE,Rui,Rural,326,1591,854,287,301,3,192,5,23,1,42,737
Latur,VILLAGE,Sangvi (sunegaon),Rural,381,1843,926,363,292,11,92,69,90,2,7,917
Latur,VILLAGE,Gangahipparga,Rural,472,2208,1044,425,218,9,89,27,165,6,105,1164
Latur,VILLAGE,Wanjarwadi,Rural,134,566,201,64,95,0,38,1,0,0,3,365
Latur,VILLAGE,Dhalegaon,Rural,657,3320,1679,732,718,9,198,10,1,1,10,1641
Latur,VILLAGE,Lendhegaon,Rural,190,815,449,135,275,1,37,0,0,0,1,366
Latur,VILLAGE,Wairagadh,Rural,158,740,348,173,100,5,62,6,0,1,1,392
Latur,VILLAGE,Borgaon Kh.,Rural,83,460,276,153,87,0,28,1,7,0,0,184
Latur,VILLAGE,Par,Rural,109,474,236,79,85,0,27,31,10,0,4,238
Latur,VILLAGE,Yertar,Rural,211,1029,509,182,229,0,81,9,6,0,2,520
Latur,VILLAGE,Takalgaon (senkud),Rural,104,506,256,126,85,0,40,2,2,0,1,250
Latur,VILLAGE,Sumthana,Rural,285,1297,737,457,63,9,44,17,125,7,15,560
Latur,VILLAGE,Shendri,Rural,31,152,85,66,13,0,6,0,0,0,0,67
Latur,VILLAGE,Sunegaon (shendri),Rural,151,729,402,258,40,0,56,28,13,0,7,327
Latur,VILLAGE,Rudha,Rural,268,1374,749,382,223,31,79,10,6,2,16,625
Latur,VILLAGE,Sunegaon (sangvi),Rural,120,637,345,126,172,1,32,8,2,0,4,292
Latur,VILLAGE,Rui Tanda,Rural,52,262,134,54,73,0,6,0,0,0,1,128
Latur,VILLAGE,Warwanti Tanda,Rural,130,533,247,153,63,0,28,2,0,0,1,286
Latur,VILLAGE,Warwanti,Rural,176,808,386,193,39,2,18,9,118,0,7,422
Latur,VILLAGE,Hagdal,Rural,242,998,605,207,153,169,62,2,7,1,4,393
Latur,VILLAGE,Gugdal,Rural,158,783,322,79,221,0,19,2,1,0,0,461
Latur,VILLAGE,Mawalgaon,Rural,270,1277,700,365,245,7,56,10,11,1,5,577
Latur,VILLAGE,Sora,Rural,139,645,292,171,81,2,38,0,0,0,0,353
Latur,VILLAGE,Chilkha,Rural,203,875,449,137,238,6,44,9,12,0,3,426
Latur,VILLAGE,Senkud,Rural,170,874,469,263,175,0,31,0,0,0,0,405
Latur,VILLAGE,Shenni,Rural,123,501,176,18,78,1,75,1,3,0,0,325
Latur,VILLAGE,Marshiwani Tanda,Rural,81,392,220,83,124,0,8,0,5,0,0,172
Latur,VILLAGE,Thodga,Rural,536,2587,1088,481,389,23,88,42,34,6,25,1499
Latur,VILLAGE,Brahmawadi,Rural,127,621,349,112,31,3,52,107,24,0,20,272
Latur,VILLAGE,Sindgi Kh.,Rural,216,1175,666,274,217,1,33,110,22,2,7,509
Latur,VILLAGE,Mangdari,Rural,177,694,402,217,87,17,30,15,13,4,19,292
Latur,VILLAGE,Sindgi Bk.,Rural,356,1817,1057,586,385,0,51,9,15,3,8,760
Latur,VILLAGE,Mogha,Rural,259,1197,708,365,233,3,82,15,4,0,6,489
Latur,VILLAGE,Temburni,Rural,245,1062,358,104,169,5,50,2,17,0,11,704
Latur,VILLAGE,Kalegaon,Rural,303,1788,815,243,308,6,68,9,112,2,67,973
Latur,VILLAGE,Anandwadi,Rural,128,606,323,189,31,2,91,9,0,0,1,283
Latur,VILLAGE,Tambat Sangvi,Rural,153,768,313,188,91,8,25,0,1,0,0,455
Latur,VILLAGE,Lanji,Rural,312,1529,743,151,420,3,133,9,14,2,11,786
Latur,VILLAGE,Hipparga Kajal,Rural,427,2144,1063,355,515,6,152,15,12,0,8,1081
Latur,VILLAGE,Ugilewadi,Rural,81,390,221,164,32,0,4,1,0,1,19,169
Latur,VILLAGE,Halni.,Rural,266,1370,719,244,377,2,69,7,7,1,12,651
Latur,VILLAGE,Malegaon Kh.,Rural,232,1153,554,127,343,9,65,2,5,0,3,599
Latur,VILLAGE,Talegaon,Rural,265,1359,676,237,275,1,55,15,80,5,8,683
Latur,VILLAGE,Nandura Kh.,Rural,170,973,548,79,358,10,40,9,34,0,18,425
Latur,VILLAGE,Brahmapuri,Rural,150,838,467,126,252,37,49,0,2,0,1,371
Latur,VILLAGE,Sawargaon Rokda,Rural,790,3626,1957,637,899,54,296,20,21,5,25,1669
Latur,VILLAGE,Gothala,Rural,242,1246,746,449,269,1,21,3,3,0,0,500
Latur,VILLAGE,Nandura Bk.,Rural,340,1666,949,321,434,1,50,105,29,0,9,717
Latur,VILLAGE,Bhutekarwadi,Rural,134,654,363,135,144,7,7,38,25,0,7,291
Latur,VILLAGE,Hasarni,Rural,209,1002,486,159,113,13,121,4,24,1,51,516
Latur,VILLAGE,Jamb,Rural,115,547,324,143,103,1,16,22,32,2,5,223
Latur,VILLAGE,Unni,Rural,135,670,259,126,59,2,62,6,0,0,4,411
Latur,VILLAGE,Kokanga,Rural,241,1140,494,162,200,22,43,20,31,3,13,646
Latur,VILLAGE,Jawalga,Rural,82,351,196,106,71,0,14,2,1,0,2,155
Latur,VILLAGE,Thorliwadi,Rural,183,744,458,86,310,8,31,1,5,0,17,286
Latur,VILLAGE,Mandni,Rural,334,1570,740,283,278,4,107,8,40,2,18,830
Latur,VILLAGE,Himppalgaon,Rural,421,2186,1123,291,687,15,99,6,12,2,11,1063
Latur,VILLAGE,Walsangi,Rural,542,2743,1472,475,870,20,90,4,9,2,2,1271
Latur,VILLAGE,Mahadeowadi,Rural,149,702,340,64,204,0,16,15,33,0,8,362
Latur,VILLAGE,Belur,Rural,335,1565,729,226,238,5,80,17,138,3,22,836
Latur,VILLAGE,Lingdhal,Rural,167,906,287,88,91,8,45,11,32,0,12,619
Latur,VILLAGE,Methi,Rural,191,919,394,192,166,0,28,1,0,0,7,525
Latur,VILLAGE,Fattepur,Rural,75,348,118,81,19,1,12,0,1,0,4,230
Latur,VILLAGE,Mulki,Rural,186,910,479,122,306,0,32,8,5,0,6,431
Latur,VILLAGE,Umarga Kort,Rural,417,2120,1165,231,795,6,121,1,5,2,4,955
Latur,VILLAGE,Telgaon,Rural,417,1989,894,329,392,2,169,1,1,0,0,1095
Latur,VILLAGE,Salgara,Rural,158,721,337,88,182,0,37,1,14,0,15,384
Latur,VILLAGE,Ajani Kh,Rural,289,1178,692,245,336,1,30,18,57,1,4,486
Latur,VILLAGE,Shirur Tajband,Rural,2074,10577,3851,651,1313,94,1418,63,162,10,140,6726
Latur,VILLAGE,Ambegaon,Rural,210,1003,324,96,99,9,79,8,13,4,16,679
Latur,VILLAGE,Bodkha,Rural,223,1259,629,339,186,1,87,9,0,0,7,630
Latur,VILLAGE,Sayyadpur (kh),Rural,207,1048,503,251,204,5,41,0,2,0,0,545
Latur,VILLAGE,Waigaon,Rural,406,2081,966,292,558,3,94,1,15,0,3,1115
Latur,VILLAGE,Chopali,Rural,279,1486,670,265,264,5,76,19,29,1,11,816
Latur,VILLAGE,Morewadi,Rural,131,631,306,62,60,0,48,65,64,0,7,325
Latur,VILLAGE,Gadewadi,Rural,173,847,441,144,210,6,57,2,17,0,5,406
Latur,VILLAGE,Kharabwadi,Rural,303,1468,723,421,221,5,30,15,12,1,18,745
Latur,VILLAGE,Makani,Rural,393,2033,1050,544,396,9,70,13,16,0,2,983
Latur,VILLAGE,Umarga Yelladevi,Rural,380,2067,832,338,365,10,106,5,1,0,7,1235
Latur,VILLAGE,Dhanora Kh.,Rural,231,1175,508,103,332,5,56,4,1,0,7,667
Latur,VILLAGE,Tirth,Rural,315,1439,805,275,408,19,61,15,24,1,2,634
Latur,VILLAGE,Kinikadu,Rural,305,1248,653,365,213,0,61,6,2,0,6,595
Latur,VILLAGE,Sawargaon Thot,Rural,350,1776,823,222,430,1,94,63,7,0,6,953
Latur,VILLAGE,Hangarga,Rural,210,951,438,119,256,5,32,9,10,4,3,513
Latur,VILLAGE,Hadolti,Rural,1559,8053,3351,429,1730,98,884,42,103,10,55,4702
Latur,VILLAGE,Anandwadi,Rural,189,823,468,196,250,1,17,2,2,0,0,355
Latur,VILLAGE,Babaldara,Rural,220,1077,499,188,193,8,97,4,5,0,4,578
Latur,VILLAGE,Kumtha (bk),Rural,766,3726,1640,581,705,9,292,26,12,0,15,2086
Latur,VILLAGE,Kaudgaon,Rural,136,678,357,235,93,0,24,3,1,0,1,321
Latur,VILLAGE,Shivankhed (kh),Rural,613,3209,1643,462,1004,5,164,3,3,0,2,1566
Latur,CD BLOCK,Jalkot,Rural,16621,87201,37595,11438,16822,353,4655,1124,2422,55,726,49606
Latur,VILLAGE,Sheldara,Rural,244,1331,587,289,230,2,56,5,3,0,2,744
Latur,VILLAGE,Sorga,Rural,69,320,167,106,36,1,11,5,6,1,1,153
Latur,VILLAGE,Wadgaon,Rural,115,574,316,97,55,0,29,112,17,0,6,258
Latur,VILLAGE,Hokarna,Rural,430,2145,992,325,510,14,92,35,10,0,6,1153
Latur,VILLAGE,Umardara,Rural,249,1342,740,302,150,13,43,150,72,5,5,602
Latur,VILLAGE,Kekat Sindgi,Rural,385,1686,692,150,397,2,78,13,42,0,10,994
Latur,VILLAGE,Wanjarwada,Rural,816,3908,1831,545,1046,14,202,1,14,1,8,2077
Latur,VILLAGE,Chera,Rural,540,2807,1340,433,773,18,95,2,10,4,5,1467
Latur,VILLAGE,Umarga Retu,Rural,321,1760,869,410,166,8,66,16,197,1,5,891
Latur,VILLAGE,Jagalpur Bk.,Rural,505,2679,1030,402,385,14,132,7,81,1,8,1649
Latur,VILLAGE,Domgaon,Rural,199,882,479,157,179,3,18,46,72,0,4,403
Latur,VILLAGE,Dhamangaon,Rural,459,2340,1106,260,510,3,196,89,31,1,16,1234
Latur,VILLAGE,Jirga,Rural,103,443,260,75,75,13,27,30,16,2,22,183
Latur,VILLAGE,Hawarga,Rural,223,1073,557,274,198,2,52,10,16,0,5,516
Latur,VILLAGE,Yeldara,Rural,225,888,440,192,182,4,34,7,19,0,2,448
Latur,VILLAGE,Dhorsangvi,Rural,182,1014,593,183,45,2,67,56,107,5,128,421
Latur,VILLAGE,Viral,Rural,195,1060,346,131,136,8,42,5,19,0,5,714
Latur,VILLAGE,Kunki,Rural,437,2381,1158,457,524,1,132,3,31,0,10,1223
Latur,VILLAGE,Jalkot,Rural,1743,9356,3305,558,1047,58,1044,18,468,11,101,6051
Latur,VILLAGE,Patoda Bk.,Rural,547,2933,1196,316,595,28,220,7,22,5,3,1737
Latur,VILLAGE,Karanji,Rural,267,1444,709,147,446,4,91,0,6,0,15,735
Latur,VILLAGE,Lali Bk.,Rural,224,1178,497,147,269,8,64,6,1,0,2,681
Latur,VILLAGE,Sonwala,Rural,413,2264,1031,391,330,15,246,17,10,1,21,1233
Latur,VILLAGE,Kolnoor,Rural,384,1710,862,310,388,7,130,17,8,0,2,848
Latur,VILLAGE,Patoda Kh.,Rural,186,986,417,112,213,3,70,12,6,0,1,569
Latur,VILLAGE,Malihapparga,Rural,628,3425,1378,370,644,6,185,92,72,2,7,2047
Latur,VILLAGE,Halad Wadhavana,Rural,173,994,454,142,139,0,18,114,38,0,3,540
Latur,VILLAGE,Rawankola,Rural,586,2895,1349,201,752,8,106,9,267,0,6,1546
Latur,VILLAGE,Marsangvi,Rural,413,2249,1187,254,743,1,43,9,122,1,14,1062
Latur,VILLAGE,Dongargaon,Rural,243,1253,396,140,220,5,21,3,5,0,2,857
Latur,VILLAGE,Tiruka,Rural,438,2234,825,229,420,7,82,27,31,1,28,1409
Latur,VILLAGE,Ghonsi,Rural,603,3119,1171,379,602,27,143,9,5,0,6,1948
Latur,VILLAGE,Dhondwadi (Ghonsi),Rural,105,605,231,78,122,0,29,1,0,0,1,374
Latur,VILLAGE,Sulhali,Rural,249,1418,468,77,323,2,50,4,9,0,3,950
Latur,VILLAGE,Chincholi,Rural,117,607,291,74,175,13,24,0,3,0,2,316
Latur,VILLAGE,Atnoor,Rural,595,3226,1287,160,211,12,173,127,376,9,219,1939
Latur,VILLAGE,Gawhan,Rural,343,1750,568,173,325,1,50,2,13,1,3,1182
Latur,VILLAGE,Mewapur,Rural,186,1100,569,229,266,2,28,8,26,1,9,531
Latur,VILLAGE,Shivajinagar Tanda,Rural,121,771,206,125,65,0,15,0,0,0,1,565
Latur,VILLAGE,Gutti,Rural,706,4051,1521,395,978,3,105,15,24,0,1,2530
Latur,VILLAGE,Yeori,Rural,211,1197,542,152,325,0,26,0,34,0,5,655
Latur,VILLAGE,Belsangvi,Rural,231,1189,494,121,274,2,42,14,40,0,1,695
Latur,VILLAGE,Lali Kh.,Rural,235,1135,286,133,89,0,53,10,0,0,1,849
Latur,VILLAGE,Mangrul,Rural,432,2560,1297,467,678,3,76,5,63,1,4,1263
Latur,VILLAGE,Konali Dongar,Rural,225,1162,659,349,252,4,51,1,0,0,2,503
Latur,VILLAGE,Borgaon Kh.,Rural,136,724,375,244,54,2,65,2,4,0,4,349
Latur,VILLAGE,Ekurka Kh.,Rural,184,1033,521,177,280,10,33,3,6,1,11,512
Latur,CD BLOCK,Chakur,Rural,34801,177956,84174,30149,37663,828,10088,1872,2275,84,1215,93782
Latur,VILLAGE,Rajewadi,Rural,68,335,190,186,0,0,4,0,0,0,0,145
Latur,VILLAGE,Raiwadi,Rural,322,1592,919,513,188,0,69,122,19,2,6,673
Latur,VILLAGE,Kendrewadi,Rural,135,723,467,141,310,2,10,0,1,0,3,256
Latur,VILLAGE,Mahalungi,Rural,405,1899,1129,440,534,7,49,78,15,1,5,770
Latur,VILLAGE,Hadoli,Rural,238,1130,462,257,184,7,14,0,0,0,0,668
Latur,VILLAGE,Jathala,Rural,577,2903,1401,714,583,5,51,10,36,1,1,1502
Latur,VILLAGE,Belgaon,Rural,252,1246,633,164,450,0,15,1,3,0,0,613
Latur,VILLAGE,Zari Bk,Rural,780,3624,1892,609,1142,41,67,9,15,3,6,1732
Latur,VILLAGE,Zari Kh.,Rural,333,1596,853,402,428,0,21,0,2,0,0,743
Latur,VILLAGE,Ramwadi,Rural,83,370,224,114,17,0,30,54,4,0,5,146
Latur,VILLAGE,Janwal,Rural,1212,6171,3180,1033,1419,33,289,279,100,6,21,2991
Latur,VILLAGE,Bramhawadi,Rural,190,1111,547,87,346,0,35,22,53,1,3,564
Latur,VILLAGE,Wagholi,Rural,169,896,434,236,162,0,31,1,1,0,3,462
Latur,VILLAGE,Hali Kh,Rural,486,2540,1282,556,630,3,59,9,23,0,2,1258
Latur,VILLAGE,Kadmuli,Rural,273,1397,616,252,300,0,48,8,5,0,3,781
Latur,VILLAGE,Wadwal Nagnath,Rural,1431,7841,3467,1146,1737,57,400,27,49,0,51,4374
Latur,VILLAGE,Dapkyal,Rural,240,1293,469,167,233,5,59,2,1,1,1,824
Latur,VILLAGE,Shiwani Majra,Rural,139,579,310,143,152,0,15,0,0,0,0,269
Latur,VILLAGE,Kawathali,Rural,232,1212,662,405,229,1,25,1,0,0,1,550
Latur,VILLAGE,Jagalpur Kh.,Rural,246,1298,548,238,276,2,26,1,3,0,2,750
Latur,VILLAGE,Shiwankheda Bk.,Rural,674,3377,1579,893,448,16,122,67,29,1,3,1798
Latur,VILLAGE,Ganjur,Rural,467,2370,1175,580,475,6,96,11,2,0,5,1195
Latur,VILLAGE,Ganjurwadi,Rural,224,1062,575,337,167,0,71,0,0,0,0,487
Latur,VILLAGE,Nandgaon,Rural,278,1429,642,300,284,1,49,1,4,0,3,787
Latur,VILLAGE,Gharola,Rural,368,1877,735,328,287,2,107,3,3,1,4,1142
Latur,VILLAGE,Gharni,Rural,885,4775,2262,725,1295,37,157,11,28,2,7,2513
Latur,VILLAGE,Hanmant Jawalga,Rural,304,1518,674,359,245,0,66,2,0,1,1,844
Latur,VILLAGE,Hipalner,Rural,472,2196,1104,436,603,7,49,3,3,0,3,1092
Latur,VILLAGE,Anandwadi,Rural,324,2173,1408,230,331,17,339,4,1,0,486,765
Latur,VILLAGE,Naigaon,Rural,431,2097,1042,371,531,14,88,10,11,3,14,1055
Latur,VILLAGE,Saranwadi,Rural,129,617,337,176,118,3,30,5,4,0,1,280
Latur,VILLAGE,Honali,Rural,0,0,0,0,0,0,0,0,0,0,0,0
Latur,VILLAGE,Chapoli,Rural,1435,7230,2910,720,1484,28,639,7,13,1,18,4320
Latur,VILLAGE,Bhakarwadi,Rural,135,541,191,74,84,2,28,0,2,0,1,350
Latur,VILLAGE,Anjansoda Bk.,Rural,670,3160,1504,455,771,10,175,12,57,1,23,1656
Latur,VILLAGE,Brahamwadi,Rural,139,704,367,130,148,29,19,12,24,0,5,337
Latur,VILLAGE,Nagadarwadi,Rural,182,797,321,124,141,2,37,12,5,0,0,476
Latur,VILLAGE,Hatkarwadi,Rural,69,330,154,26,124,0,2,1,0,0,1,176
Latur,VILLAGE,Wadgaon ,Rural,346,1853,955,453,422,0,61,4,9,0,6,898
Latur,VILLAGE,Shelgaon,Rural,374,1878,880,216,459,4,57,18,124,1,1,998
Latur,VILLAGE,Sangyachiwadi,Rural,88,365,178,75,72,1,24,2,4,0,0,187
Latur,VILLAGE,Chavlewadi,Rural,55,334,156,75,59,2,9,1,8,0,2,178
Latur,VILLAGE,Rachannawadi,Rural,341,1737,891,365,200,8,61,167,82,4,4,846
Latur,VILLAGE,Takalgaon (Shelgaon),Rural,169,831,494,257,201,6,17,9,3,0,1,337
Latur,VILLAGE,Borgaon Bk.,Rural,239,1235,650,270,228,2,59,25,54,0,12,585
Latur,VILLAGE,Kalkoti,Rural,243,1352,659,210,321,2,46,19,52,1,8,693
Latur,VILLAGE,Mashanerwadi,Rural,234,1015,537,149,364,1,16,0,6,1,0,478
Latur,VILLAGE,Shirnal,Rural,156,871,482,132,320,1,26,0,2,0,1,389
Latur,VILLAGE,Algarwadi,Rural,328,1761,1016,447,413,10,142,1,1,0,2,745
Latur,VILLAGE,Hanmantwadi,Rural,143,793,349,129,199,0,15,4,1,0,1,444
Latur,VILLAGE,Chakur,Rural,3510,18627,7293,1229,3225,111,2327,48,120,18,215,11334
Latur,VILLAGE,Tirthwadi,Rural,165,703,317,82,172,2,60,0,1,0,0,386
Latur,VILLAGE,Bothi,Rural,572,3119,1670,574,691,19,369,1,3,3,10,1449
Latur,VILLAGE,Mandurki,Rural,217,1012,452,117,216,1,27,25,65,1,0,560
Latur,VILLAGE,Talghal,Rural,46,244,99,33,61,0,5,0,0,0,0,145
Latur,VILLAGE,Tiwatghal,Rural,221,998,520,192,297,0,21,3,7,0,0,478
Latur,VILLAGE,Tiwghal,Rural,307,1653,690,224,278,5,88,28,48,0,19,963
Latur,VILLAGE,Mahalangra,Rural,449,2162,1060,392,533,15,90,7,14,1,8,1102
Latur,VILLAGE,Ashta,Rural,810,4039,2084,777,672,7,243,131,217,6,31,1955
Latur,VILLAGE,Mohadal,Rural,117,642,234,125,50,2,22,10,23,0,2,408
Latur,VILLAGE,Ambulga,Rural,298,1421,753,387,313,5,32,3,6,2,5,668
Latur,VILLAGE,Hatkarwadi,Rural,169,672,275,120,134,1,20,0,0,0,0,397
Latur,VILLAGE,Latur Road,Rural,567,2864,1228,207,721,11,227,31,9,2,20,1636
Latur,VILLAGE,Mohanal,Rural,176,856,492,225,236,0,27,0,2,0,2,364
Latur,VILLAGE,Bansawargaon,Rural,121,678,317,87,16,1,41,18,144,1,9,361
Latur,VILLAGE,Bhatsangvi,Rural,235,1181,601,260,298,12,24,2,1,2,2,580
Latur,VILLAGE,Ajansonda Kh.,Rural,279,1302,798,347,276,0,43,97,32,0,3,504
Latur,VILLAGE,Atola,Rural,606,3178,1347,440,632,4,89,64,111,0,7,1831
Latur,VILLAGE,Nageshwadi,Rural,301,1573,570,236,166,36,83,15,25,4,5,1003
Latur,VILLAGE,Mahadol,Rural,223,1122,584,155,252,0,52,84,32,1,8,538
Latur,VILLAGE,Sandol,Rural,147,760,442,269,136,0,10,19,8,0,0,318
Latur,VILLAGE,Dongraj,Rural,481,2652,1241,292,831,8,67,6,35,1,1,1411
Latur,VILLAGE,Rohina,Rural,757,3604,1897,980,724,3,129,45,9,0,7,1707
Latur,VILLAGE,Ujalamb,Rural,501,2612,1381,437,812,20,65,20,15,1,11,1231
Latur,VILLAGE,Kabansangvi,Rural,466,2419,1211,483,626,0,72,10,14,0,6,1208
Latur,VILLAGE,Bawalgaon,Rural,144,779,257,123,113,0,15,0,6,0,0,522
Latur,VILLAGE,Basawnal,Rural,0,0,0,0,0,0,0,0,0,0,0,0
Latur,VILLAGE,Bolegaon,Rural,127,586,179,69,73,0,26,0,9,0,2,407
Latur,VILLAGE,Nalegaon,Rural,2867,14901,6040,1584,2415,173,1438,44,289,5,92,8861
Latur,VILLAGE,Limbalwadi,Rural,179,1055,564,415,94,0,48,3,1,0,3,491
Latur,VILLAGE,Devangra,Rural,550,2850,1543,559,682,8,118,82,84,2,8,1307
Latur,VILLAGE,Devangrawadi,Rural,123,554,345,100,173,1,6,15,47,2,1,209
Latur,VILLAGE,Mahalangra  Wadi,Rural,178,825,464,281,152,1,30,0,0,0,0,361
Latur,VILLAGE,Sugaon,Rural,961,5208,2723,1250,1241,4,163,24,33,0,8,2485
Latur,VILLAGE,Murambi,Rural,218,1071,591,253,238,4,87,2,3,0,4,480
Latur,CD BLOCK,Shirur-Anantpal,Rural,16468,83528,40190,14826,16814,668,4497,849,1471,408,657,43338
Latur,VILLAGE,Sawargaon,Rural,47,252,133,48,1,0,13,66,4,0,1,119
Latur,VILLAGE,Hippalgaon,Rural,509,2583,1504,864,524,15,41,23,31,0,6,1079
Latur,VILLAGE,Shivpur,Rural,440,2282,1175,459,402,8,190,45,26,12,33,1107
Latur,VILLAGE,Dhamangaon,Rural,290,1534,725,309,338,6,44,7,8,2,11,809
Latur,VILLAGE,Karewadi,Rural,171,965,555,205,316,1,27,1,4,0,1,410
Latur,VILLAGE,Bolegaon Bk.,Rural,341,1843,971,441,440,19,59,7,1,1,3,872
Latur,VILLAGE,Chamarga,Rural,224,1206,684,275,266,4,82,8,19,5,25,522
Latur,VILLAGE,Yerol,Rural,897,4581,2144,676,986,40,205,23,191,8,15,2437
Latur,VILLAGE,Dighol,Rural,448,2331,1127,439,567,6,107,3,3,0,2,1204
Latur,VILLAGE,Sumthana,Rural,212,1045,521,255,129,1,57,14,57,2,6,524
Latur,VILLAGE,Daithana,Rural,380,2030,927,433,298,8,87,20,63,8,10,1103
Latur,VILLAGE,Shend (Daithana),Rural,300,1554,822,443,266,9,65,25,9,0,5,732
Latur,VILLAGE,Kanegaon,Rural,244,1306,710,253,379,14,47,6,3,0,8,596
Latur,VILLAGE,Tipral,Rural,211,912,529,105,209,41,54,48,62,1,9,383
Latur,VILLAGE,Sakol,Rural,1527,7696,3759,986,1822,163,515,53,135,21,64,3937
Latur,VILLAGE,Pandharwadi,Rural,132,697,398,197,180,0,17,4,0,0,0,299
Latur,VILLAGE,Nagewadi,Rural,164,798,477,231,155,4,13,2,52,10,10,321
Latur,VILLAGE,Shirur Anantpal,Rural,2147,10417,4163,1039,1902,54,957,34,128,4,45,6254
Latur,VILLAGE,Anandwadi,Rural,202,892,423,98,81,0,118,66,48,2,10,469
Latur,VILLAGE,Jogyal,Rural,117,690,250,95,135,0,14,3,2,0,1,440
Latur,VILLAGE,Lakkadjawalga ,Rural,245,1133,479,74,328,6,67,1,1,0,2,654
Latur,VILLAGE,Turukwadi,Rural,141,701,374,149,191,2,27,2,3,0,0,327
Latur,VILLAGE,Rapka,Rural,184,935,262,67,116,1,71,0,3,0,4,673
Latur,VILLAGE,Thergaon,Rural,441,2285,919,254,286,3,177,40,134,2,23,1366
Latur,VILLAGE,Ganeshwadi,Rural,241,1268,747,386,305,11,29,5,0,0,11,521
Latur,VILLAGE,Kambalga,Rural,305,1508,846,358,431,3,27,11,6,3,7,662
Latur,VILLAGE,Aari,Rural,159,829,417,204,157,2,47,3,1,3,0,412
Latur,VILLAGE,Sarpharajpur,Rural,48,267,145,114,20,0,11,0,0,0,0,122
Latur,VILLAGE,Talegaon Bori,Rural,408,2000,875,389,358,11,100,7,4,1,5,1125
Latur,VILLAGE,Halki,Rural,554,2628,1498,496,788,28,131,25,16,3,11,1130
Latur,VILLAGE,Fakranpur,Rural,69,351,203,89,82,0,19,5,1,0,7,148
Latur,VILLAGE,Wanjarkheda,Rural,225,1222,680,321,291,30,30,2,4,0,2,542
Latur,VILLAGE,Umardara,Rural,242,1313,691,337,294,2,21,5,26,3,3,622
Latur,VILLAGE,Bevanal,Rural,178,961,423,203,156,6,55,1,2,0,0,538
Latur,VILLAGE,Bevanalwadi,Rural,144,744,389,155,87,1,58,34,25,1,28,355
Latur,VILLAGE,Dongargaon (Bori),Rural,201,1089,639,198,2,4,2,16,110,283,24,450
Latur,VILLAGE,Ankulga (Syed),Rural,302,1742,662,164,337,18,135,1,2,0,5,1080
Latur,VILLAGE,Bhingoli,Rural,185,920,329,140,120,1,56,0,2,0,10,591
Latur,VILLAGE,Kalamgaon,Rural,309,1431,433,201,136,12,70,2,6,1,5,998
Latur,VILLAGE,Ajani Bk.,Rural,374,1744,975,458,336,19,50,50,56,3,3,769
Latur,VILLAGE,Honmal,Rural,153,618,261,19,47,0,13,58,102,0,22,357
Latur,VILLAGE,Talegaon (de),Rural,299,1525,629,275,202,11,60,42,22,1,16,896
Latur,VILLAGE,Ghugi (Sangvi),Rural,132,651,356,88,220,6,24,10,6,0,2,295
Latur,VILLAGE,Sangvi (Ghugi),Rural,142,764,363,303,41,0,11,5,3,0,0,401
Latur,VILLAGE,Ankulga (Rani),Rural,418,2051,989,343,478,7,90,15,44,1,11,1062
Latur,VILLAGE,Bakali,Rural,426,2024,983,336,558,43,37,3,1,3,2,1041
Latur,VILLAGE,Bibral,Rural,181,1013,566,329,191,8,34,0,0,1,3,447
Latur,VILLAGE,Hisamabad,Rural,759,4197,2060,525,860,40,333,48,45,23,186,2137
Latur,CD BLOCK,Ausa,Rural,57792,273453,131841,52459,56358,1531,11998,3034,4529,348,1584,141612
Latur,VILLAGE,Bheta,Rural,728,3725,1808,996,594,18,83,32,60,10,15,1917
Latur,VILLAGE,Naholi,Rural,29,167,97,78,14,0,5,0,0,0,0,70
Latur,VILLAGE,Kawtha Kej,Rural,187,952,440,265,136,0,29,4,6,0,0,512
Latur,VILLAGE,Kalmata,Rural,384,1897,973,470,308,13,52,62,53,3,12,924
Latur,VILLAGE,Uti Bk.,Rural,436,2054,988,211,739,0,33,2,1,0,2,1066
Latur,VILLAGE,Lakhangaon,Rural,419,1893,774,315,310,3,83,3,48,6,6,1119
Latur,VILLAGE,Satdharwadi,Rural,464,2223,1170,156,885,9,96,5,9,0,10,1053
Latur,VILLAGE,Satdharwadi Laman Tanda,Rural,70,363,200,131,58,4,7,0,0,0,0,163
Latur,VILLAGE,Haldurg,Rural,71,294,147,7,65,0,27,8,21,4,15,147
Latur,VILLAGE,Barhanpur,Rural,181,867,414,189,105,54,46,4,2,8,6,453
Latur,VILLAGE,Bhada,Rural,1232,5938,3192,1543,1212,34,172,15,178,1,37,2746
Latur,VILLAGE,Borgaon,Rural,459,2182,1020,540,386,11,77,3,1,0,2,1162
Latur,VILLAGE,Wadji,Rural,234,1157,699,426,226,4,23,11,8,0,1,458
Latur,VILLAGE,Andora,Rural,480,2324,1315,929,299,19,44,16,5,2,1,1009
Latur,VILLAGE,Jayphal,Rural,254,1251,737,450,81,6,43,125,16,1,15,514
Latur,VILLAGE,Shivli,Rural,989,4114,2103,779,1145,20,119,9,27,1,3,2011
Latur,VILLAGE,Warwada,Rural,377,1732,1012,652,302,10,32,5,10,0,1,720
Latur,VILLAGE,Yeloriwadi,Rural,131,641,330,116,184,0,26,1,3,0,0,311
Latur,VILLAGE,Korangala,Rural,426,2256,1029,338,595,3,63,19,4,1,6,1227
Latur,VILLAGE,Samdarga,Rural,405,1695,939,544,334,6,22,21,9,0,3,756
Latur,VILLAGE,Sindalwadi,Rural,218,1168,609,306,278,0,24,0,1,0,0,559
Latur,VILLAGE,Wanwada,Rural,475,2133,1114,373,621,9,60,12,29,3,7,1019
Latur,VILLAGE,Sindala Lohara,Rural,416,2959,925,368,389,10,113,6,13,2,24,2034
Latur,VILLAGE,Yelori,Rural,413,1819,949,351,559,2,28,3,6,0,0,870
Latur,VILLAGE,Ringani,Rural,65,315,206,157,27,4,10,1,3,0,4,109
Latur,VILLAGE,Birawali,Rural,548,2428,1310,620,484,17,57,75,39,2,16,1118
Latur,VILLAGE,Taka,Rural,812,3543,1849,876,469,33,209,30,120,19,93,1694
Latur,VILLAGE,Almala,Rural,892,4290,1824,540,903,18,332,3,20,1,7,2466
Latur,VILLAGE,Umbadga Bk.,Rural,282,1331,662,175,366,1,110,5,3,0,2,669
Latur,VILLAGE,Budhada,Rural,773,3762,1501,353,906,8,209,2,14,2,7,2261
Latur,VILLAGE,Hasala,Rural,142,729,315,93,136,3,54,10,15,0,4,414
Latur,VILLAGE,Sindala Jahagir,Rural,133,640,364,79,112,24,144,0,0,0,5,276
Latur,VILLAGE,Jamalpur,Rural,271,1158,553,166,100,3,22,22,237,2,1,605
Latur,VILLAGE,Hippar Soga,Rural,334,1647,736,301,380,2,48,1,4,0,0,911
Latur,VILLAGE,Dhanora,Rural,268,1477,551,215,245,10,50,4,15,2,10,926
Latur,VILLAGE,Bhusani,Rural,356,1666,665,207,217,0,102,3,110,0,26,1001
Latur,VILLAGE,Shivani Bk.,Rural,531,2473,1148,325,627,2,125,46,20,1,2,1325
Latur,VILLAGE,Tondoli,Rural,59,250,145,58,43,3,10,3,20,0,8,105
Latur,VILLAGE,Holi,Rural,326,1531,674,225,309,12,42,35,38,5,8,857
Latur,VILLAGE,Kawtha Latur,Rural,122,501,250,44,123,1,54,1,20,0,7,251
Latur,VILLAGE,Gondri,Rural,583,2623,1011,353,477,3,125,9,37,3,4,1612
Latur,VILLAGE,Hasegaon,Rural,514,2789,1212,357,618,10,147,21,52,1,6,1577
Latur,VILLAGE,Khuntegaon,Rural,526,2742,1251,385,738,16,100,5,1,0,6,1491
Latur,VILLAGE,Selu,Rural,654,3278,1671,779,515,30,167,11,11,9,149,1607
Latur,VILLAGE,Umbadga Kh.,Rural,231,1097,638,244,359,0,33,0,0,1,1,459
Latur,VILLAGE,Wagjewadi,Rural,0,0,0,0,0,0,0,0,0,0,0,0
Latur,VILLAGE,Khurdwadi,Rural,0,0,0,0,0,0,0,0,0,0,0,0
Latur,VILLAGE,Khanapur,Rural,88,460,234,5,227,0,2,0,0,0,0,226
Latur,VILLAGE,Ausa [rural],Rural,129,653,368,1,360,0,7,0,0,0,0,285
Latur,VILLAGE,Borphal,Rural,822,3733,1943,650,1065,22,99,72,26,2,7,1790
Latur,VILLAGE,Pirangaj Wadi,Rural,0,0,0,0,0,0,0,0,0,0,0,0
Latur,VILLAGE,Fattepur,Rural,297,1570,896,416,247,7,52,134,30,0,10,674
Latur,VILLAGE,Karajgaon,Rural,429,2139,1165,879,245,2,30,3,5,0,1,974
Latur,VILLAGE,Yakatpur,Rural,479,2441,1140,553,261,7,154,73,79,2,11,1301
Latur,VILLAGE,Yerandi,Rural,280,1298,535,233,163,4,76,6,44,0,9,763
Latur,VILLAGE,Sarola,Rural,508,2237,1261,678,410,15,94,21,37,1,5,976
Latur,VILLAGE,Hasegaon Wadi,Rural,491,2482,1371,895,288,3,68,9,98,4,6,1111
Latur,VILLAGE,Lodga,Rural,601,2872,1659,524,655,21,443,9,4,0,3,1213
Latur,VILLAGE,Kanheri,Rural,272,1349,456,273,101,2,74,2,3,0,1,893
Latur,VILLAGE,Jainagar,Rural,191,925,514,347,115,5,43,2,1,1,0,411
Latur,VILLAGE,Kinithot,Rural,519,2424,1247,363,634,29,75,19,35,8,84,1177
Latur,VILLAGE,Bhangewadi,Rural,340,1522,842,687,62,16,66,5,3,1,2,680
Latur,VILLAGE,Dewanga,Rural,174,798,342,77,111,6,51,19,78,0,0,456
Latur,VILLAGE,Yeli,Rural,401,1900,990,195,499,10,209,22,35,3,17,910
Latur,VILLAGE,Apchunda,Rural,517,2146,807,272,374,19,60,6,47,4,25,1339
Latur,VILLAGE,Wagholi,Rural,308,1388,669,320,244,8,20,26,45,3,3,719
Latur,VILLAGE,Chalburga,Rural,342,1643,824,382,213,5,105,94,17,0,8,819
Latur,VILLAGE,Mugalewadi,Rural,86,440,268,78,184,0,6,0,0,0,0,172
Latur,VILLAGE,Jawli,Rural,707,2856,1518,646,774,6,79,1,9,1,2,1338
Latur,VILLAGE,Kininawre,Rural,562,2472,1279,519,650,5,49,14,39,0,3,1193
Latur,VILLAGE,Ramegaon,Rural,533,2235,993,440,407,11,51,48,32,3,1,1242
Latur,VILLAGE,Kharosa,Rural,1187,5825,2765,985,1229,36,253,87,117,9,49,3060
Latur,VILLAGE,Jauwadi,Rural,152,729,344,112,206,3,16,1,4,0,2,385
Latur,VILLAGE,Anandwadi,Rural,190,900,499,201,241,0,40,6,2,0,9,401
Latur,VILLAGE,Shivani Lakh,Rural,513,2374,1143,563,499,7,38,10,14,1,11,1231
Latur,VILLAGE,Tambarwadi,Rural,313,1654,968,586,132,1,80,156,9,0,4,686
Latur,VILLAGE,Rajewadi,Rural,169,639,389,78,294,0,3,6,5,0,3,250
Latur,VILLAGE,Utka,Rural,500,2401,1182,404,607,11,72,15,53,2,18,1219
Latur,VILLAGE,Dautpur,Rural,509,2007,1163,462,661,7,28,3,0,2,0,844
Latur,VILLAGE,Gadhawewadi,Rural,222,1216,693,303,233,9,29,2,105,2,10,523
Latur,VILLAGE,Jawalga P D,Rural,578,2937,1357,513,600,23,192,18,4,3,4,1580
Latur,VILLAGE,Chincholi Tapse,Rural,675,3143,1578,945,504,21,57,24,21,2,4,1565
Latur,VILLAGE,Lamjana,Rural,1642,8595,3382,959,1586,20,710,47,35,2,23,5213
Latur,VILLAGE,Hatkarwadi,Rural,0,0,0,0,0,0,0,0,0,0,0,0
Latur,VILLAGE,Yekambiwadi,Rural,143,579,343,215,82,8,34,1,3,0,0,236
Latur,VILLAGE,Masurdi,Rural,413,1971,1085,798,189,2,76,7,8,1,4,886
Latur,VILLAGE,Gulkheda,Rural,432,2015,1084,623,315,16,26,54,47,0,3,931
Latur,VILLAGE,Belkund,Rural,616,2878,1404,393,706,30,233,9,26,0,7,1474
Latur,VILLAGE,Chincholi Son,Rural,218,1097,450,205,194,3,45,0,2,0,1,647
Latur,VILLAGE,Tungi Bk.,Rural,781,3591,1873,827,853,31,106,9,23,15,9,1718
Latur,VILLAGE,Tungi Kh.,Rural,69,333,130,108,4,0,7,8,2,0,1,203
Latur,VILLAGE,Nagarsoga,Rural,855,4129,2153,787,1235,10,88,4,21,3,5,1976
Latur,VILLAGE,Dapegaon,Rural,354,1696,871,234,383,36,99,24,58,0,37,825
Latur,VILLAGE,Masalga Kh.,Rural,130,643,326,172,126,0,23,0,4,0,1,317
Latur,VILLAGE,Malubra,Rural,187,723,398,223,150,2,22,0,1,0,0,325
Latur,VILLAGE,Hipparga,Rural,697,2766,1312,437,645,19,147,13,32,3,16,1454
Latur,VILLAGE,Tavshi Tad,Rural,444,2211,1234,412,388,4,198,36,27,0,169,977
Latur,VILLAGE,Chincholi Kajale,Rural,573,2643,1268,570,514,8,103,38,21,4,10,1375
Latur,VILLAGE,Yekambi Laman Tanda,Rural,447,2380,1016,363,536,2,49,13,31,1,21,1364
Latur,VILLAGE,Yekambi,Rural,316,1593,891,436,299,22,64,31,32,0,7,702
Latur,VILLAGE,Ujani,Rural,1453,7219,3287,1041,1417,70,420,77,214,13,35,3932
Latur,VILLAGE,Ashiv,Rural,1333,6018,2757,1108,1323,51,212,29,22,4,8,3261
Latur,VILLAGE,Wangji,Rural,314,1494,703,251,406,9,30,3,4,0,0,791
Latur,VILLAGE,Kawali,Rural,231,1166,417,245,127,0,45,0,0,0,0,749
Latur,VILLAGE,Matola,Rural,1464,7185,2871,785,1576,29,290,36,127,4,24,4314
Latur,VILLAGE,Lohta,Rural,280,1176,535,186,277,12,45,2,8,0,5,641
Latur,VILLAGE,Malkondji,Rural,608,2590,1158,350,473,9,166,76,65,1,18,1432
Latur,VILLAGE,Sankral,Rural,135,672,358,180,159,6,8,0,3,0,2,314
Latur,VILLAGE,Haregaon,Rural,714,3088,1593,924,277,49,189,4,108,10,32,1495
Latur,VILLAGE,Banegaon,Rural,247,1164,513,329,100,6,49,10,5,0,14,651
Latur,VILLAGE,Gotewadi,Rural,61,299,86,76,3,0,6,1,0,0,0,213
Latur,VILLAGE,Chincholi Jo,Rural,237,992,386,223,95,0,22,25,20,0,1,606
Latur,VILLAGE,Ramwadi,Rural,80,293,192,141,10,7,11,6,0,3,14,101
Latur,VILLAGE,Mogarga,Rural,523,2630,1413,705,295,14,98,248,36,3,14,1217
Latur,VILLAGE,Kumtha,Rural,363,1787,994,491,417,9,63,6,6,1,1,793
Latur,VILLAGE,Karla,Rural,849,3540,1785,856,718,8,105,34,57,3,4,1755
Latur,VILLAGE,Pardhewadi,Rural,212,1050,444,221,124,3,37,38,18,0,3,606
Latur,VILLAGE,Sirsal,Rural,393,1942,1044,558,418,8,49,4,2,2,3,898
Latur,VILLAGE,Limbala Dau,Rural,524,2576,1096,340,660,8,69,3,12,3,1,1480
Latur,VILLAGE,Nandurga,Rural,872,3966,1939,580,984,26,197,55,55,4,38,2027
Latur,VILLAGE,Hasalgan,Rural,743,3333,1680,746,706,38,144,11,21,3,11,1653
Latur,VILLAGE,sarni,Rural,272,1112,481,109,248,12,22,18,72,0,0,631
Latur,VILLAGE,Gubal,Rural,405,1790,716,204,328,0,40,9,127,2,6,1074
Latur,VILLAGE,Ganjankheda,Rural,145,692,362,70,116,0,13,84,78,0,1,330
Latur,VILLAGE,Talani,Rural,693,3212,1835,366,827,71,126,210,97,52,86,1377
Latur,VILLAGE,Yelavat,Rural,194,984,507,156,239,2,43,4,55,5,3,477
Latur,VILLAGE,Killari,Rural,3330,15958,6912,1244,3787,111,1102,94,435,56,83,9046
Latur,VILLAGE,Talani Laman Tanda,Rural,132,591,325,53,102,0,40,41,72,5,12,266
Latur,VILLAGE,Killariwadi,Rural,150,731,337,156,123,1,56,1,0,0,0,394
Latur,VILLAGE,Manjrul,Rural,534,2478,973,333,344,3,93,45,147,1,7,1505
Latur,CD BLOCK,Nilanga,Rural,57224,289083,137033,53399,56359,1451,14894,3910,5375,268,1377,152050
Latur,VILLAGE,Dhobalewadi,Rural,147,795,392,46,298,1,44,1,0,0,2,403
Latur,VILLAGE,Macharatwadi,Rural,89,398,132,55,58,0,19,0,0,0,0,266
Latur,VILLAGE,Dangewadi ,Rural,105,561,334,87,34,14,123,7,9,5,55,227
Latur,VILLAGE,Jau,Rural,216,1158,412,112,111,3,136,3,29,0,18,746
Latur,VILLAGE,Nanand,Rural,819,4061,1892,874,717,58,223,1,16,0,3,2169
Latur,VILLAGE,Anandwadi,Rural,52,363,119,12,103,0,4,0,0,0,0,244
Latur,VILLAGE,Dagadwadi,Rural,182,919,363,144,191,7,16,3,1,0,1,556
Latur,VILLAGE,Chincholi (pan),Rural,999,4922,2189,468,1286,29,362,9,13,7,15,2733
Latur,VILLAGE,Gaur,Rural,591,3053,1641,490,770,25,145,136,64,3,8,1412
Latur,VILLAGE,Anandwadi (gaur),Rural,90,524,181,82,77,0,21,0,1,0,0,343
Latur,VILLAGE,Tupdi,Rural,407,1866,810,391,306,11,86,9,4,0,3,1056
Latur,VILLAGE,Sonesangvi,Rural,44,200,112,41,63,0,8,0,0,0,0,88
Latur,VILLAGE,Masalga,Rural,428,2199,1168,393,688,10,65,3,6,0,3,1031
Latur,VILLAGE,Jotwadi,Rural,104,509,266,62,182,3,17,1,0,0,1,243
Latur,VILLAGE,Mugaon,Rural,279,1420,662,384,206,3,51,7,3,1,7,758
Latur,VILLAGE,Shend,Rural,273,1409,656,389,152,9,77,7,4,5,13,753
Latur,VILLAGE,Tajpur,Rural,161,686,374,257,66,1,14,1,32,0,3,312
Latur,VILLAGE,Hanmantwadi [mugaon],Rural,103,464,215,64,63,5,34,24,23,1,1,249
Latur,VILLAGE,Ambewadi Masalga,Rural,284,1398,835,268,430,7,47,10,17,51,5,563
Latur,VILLAGE,Ambulga Men,Rural,253,1166,531,303,172,5,46,2,2,0,1,635
Latur,VILLAGE,Shivani (ko),Rural,508,2650,1091,473,451,8,114,14,19,0,12,1559
Latur,VILLAGE,Gunewadi,Rural,3,15,5,3,1,0,1,0,0,0,0,10
Latur,VILLAGE,Anandwadi (sk.),Rural,93,499,245,161,67,0,15,1,1,0,0,254
Latur,VILLAGE,Wadi (shedol),Rural,148,893,447,364,65,2,10,0,0,1,5,446
Latur,VILLAGE,Shedol,Rural,797,3848,1847,1048,702,10,70,6,7,0,4,2001
Latur,VILLAGE,Wadgaon,Rural,305,1447,698,249,121,15,114,77,60,9,53,749
Latur,VILLAGE,Shindi Jawalga,Rural,408,2055,1102,504,541,1,42,2,7,0,5,953
Latur,VILLAGE,Umarga [hadga],Rural,519,2588,1302,638,502,10,101,26,6,2,17,1286
Latur,VILLAGE,Hadga,Rural,543,2735,1159,533,408,2,111,65,31,2,7,1576
Latur,VILLAGE,Rathoda,Rural,735,3624,1712,584,925,11,119,22,23,9,19,1912
Latur,VILLAGE,Bujrugwadi,Rural,179,965,377,142,119,0,36,12,57,1,10,588
Latur,VILLAGE,Kelgaon,Rural,827,4464,2319,1040,978,19,226,7,29,0,20,2145
Latur,VILLAGE,Zari,Rural,348,1816,1002,421,507,11,37,14,10,0,2,814
Latur,VILLAGE,Jajnur,Rural,431,2088,1144,643,209,4,43,131,100,1,13,944
Latur,VILLAGE,Sawangira,Rural,219,942,523,256,210,3,36,8,4,0,6,419
Latur,VILLAGE,Gurhal,Rural,242,1347,736,422,283,4,18,5,4,0,0,611
Latur,VILLAGE,Lambota,Rural,707,3856,1836,661,995,9,111,22,23,1,14,2020
Latur,VILLAGE,Dapka,Rural,1004,5031,1668,401,533,19,650,12,22,1,30,3363
Latur,VILLAGE,Mubarakpur,Rural,532,2688,1021,287,405,9,296,5,10,1,8,1667
Latur,VILLAGE,Nilanga Rural,Rural,0,0,0,0,0,0,0,0,0,0,0,0
Latur,VILLAGE,Manathpur,Rural,168,973,509,357,95,4,38,9,2,0,4,464
Latur,VILLAGE,Palapur,Rural,107,544,270,58,176,1,35,0,0,0,0,274
Latur,VILLAGE,Dadgi,Rural,411,2101,912,250,498,2,150,5,5,0,2,1189
Latur,VILLAGE,Sindhkhed,Rural,401,2334,1145,249,566,3,56,68,196,0,7,1189
Latur,VILLAGE,Ansarwada,Rural,571,2853,1431,516,583,17,236,34,24,5,16,1422
Latur,VILLAGE,Talikhed,Rural,331,1821,728,198,460,12,49,4,3,0,2,1093
Latur,VILLAGE,Masobawadi,Rural,94,507,253,104,24,0,8,91,23,0,3,254
Latur,VILLAGE,Makni,Rural,444,1969,813,443,241,11,79,21,14,0,4,1156
Latur,VILLAGE,Kamshetwadi,Rural,0,0,0,0,0,0,0,0,0,0,0,0
Latur,VILLAGE,Mangalwedwadi,Rural,0,0,0,0,0,0,0,0,0,0,0,0
Latur,VILLAGE,Dukrewadi,Rural,0,0,0,0,0,0,0,0,0,0,0,0
Latur,VILLAGE,Nitur,Rural,1303,6397,2916,703,936,18,276,90,829,10,54,3481
Latur,VILLAGE,Malradwadi,Rural,29,139,72,27,10,1,5,12,12,3,2,67
Latur,VILLAGE,Govindnagarwadi,Rural,0,0,0,0,0,0,0,0,0,0,0,0
Latur,VILLAGE,Kamshetwadi,Rural,0,0,0,0,0,0,0,0,0,0,0,0
Latur,VILLAGE,Kalandi,Rural,327,1593,722,299,330,11,56,21,4,0,1,871
Latur,VILLAGE,Khadak Umarga,Rural,199,998,529,322,153,4,38,8,1,0,3,469
Latur,VILLAGE,Baspur,Rural,255,1201,579,320,159,4,47,11,28,1,9,622
Latur,VILLAGE,Wanjarwada,Rural,209,920,428,153,236,3,33,0,3,0,0,492
Latur,VILLAGE,Shirol,Rural,689,3183,1700,498,1054,0,72,32,18,1,25,1483
Latur,VILLAGE,Girakchal,Rural,99,455,235,48,152,0,18,4,11,0,2,220
Latur,VILLAGE,Walsangvi,Rural,189,895,338,108,11,3,9,15,190,0,2,557
Latur,VILLAGE,Katejawalga  ,Rural,464,2453,1348,476,734,33,75,10,8,1,11,1105
Latur,VILLAGE,Kedarpur,Rural,133,660,300,168,122,1,5,0,4,0,0,360
Latur,VILLAGE,Ambewadi Ambulga Bk.,Rural,40,153,83,69,3,0,8,0,2,0,1,70
Latur,VILLAGE,Anandwadi Ambulga Bk.,Rural,235,1215,558,71,299,3,103,6,33,0,43,657
Latur,VILLAGE,Shiur,Rural,452,2048,958,280,516,15,127,7,7,1,5,1090
Latur,VILLAGE,Hanchnal,Rural,151,645,318,121,161,5,28,0,2,0,1,327
Latur,VILLAGE,Nadiwadi,Rural,224,889,516,273,208,0,32,1,1,0,1,373
Latur,VILLAGE,Ambulga Bk.,Rural,1008,4960,2230,865,996,18,187,77,67,0,20,2730
Latur,VILLAGE,Hanmantwadi,Rural,262,1287,672,238,226,4,55,94,43,2,10,615
Latur,VILLAGE,Pirwadi,Rural,0,0,0,0,0,0,0,0,0,0,0,0
Latur,VILLAGE,Chichondi,Rural,397,2025,773,316,356,5,86,6,3,0,1,1252
Latur,VILLAGE,Hosur,Rural,594,2954,1329,616,608,3,91,4,2,0,5,1625
Latur,VILLAGE,Botkul,Rural,332,1509,815,374,316,5,101,13,2,0,4,694
Latur,VILLAGE,Hanmantwadi Halgara,Rural,171,737,396,105,115,2,10,20,140,0,4,341
Latur,VILLAGE,Hagranga,Rural,423,2147,926,420,406,25,58,4,6,1,6,1221
Latur,VILLAGE,Sirshi  (Hangarga),Rural,286,1379,571,200,299,6,63,1,2,0,0,808
Latur,VILLAGE,Gunjarga,Rural,369,1806,1048,482,397,0,106,37,17,0,9,758
Latur,VILLAGE,Bendga,Rural,197,1035,490,232,139,9,101,4,4,0,1,545
Latur,VILLAGE,Jamga,Rural,219,1130,491,241,194,1,32,7,3,6,7,639
Latur,VILLAGE,Sangaraddiwadi,Rural,134,711,420,186,144,21,36,12,13,3,5,291
Latur,VILLAGE,Koyachiwadi,Rural,100,432,255,134,105,0,13,3,0,0,0,177
Latur,VILLAGE,Rajewadi,Rural,73,233,128,37,39,1,51,0,0,0,0,105
Latur,VILLAGE,Fattewadi,Rural,0,0,0,0,0,0,0,0,0,0,0,0
Latur,VILLAGE,Halgara,Rural,1280,6536,2991,907,1318,30,440,50,220,3,23,3545
Latur,VILLAGE,Tambarwadi,Rural,243,1223,637,214,372,3,38,4,6,0,0,586
Latur,VILLAGE,Halsi Tugaon,Rural,669,3285,1642,582,572,15,147,161,153,2,10,1643
Latur,VILLAGE,Tagarkheda,Rural,723,3707,1667,716,671,13,214,14,30,3,6,2040
Latur,VILLAGE,Aurad (sha),Rural,2674,14536,5387,595,2290,208,1988,63,137,15,91,9149
Latur,VILLAGE,Channachiwadi,Rural,90,448,290,83,64,0,94,7,4,0,38,158
Latur,VILLAGE,Sawari,Rural,743,3894,1854,641,831,33,150,4,187,1,7,2040
Latur,VILLAGE,Sonkhed,Rural,312,1515,722,282,279,6,57,44,33,7,14,793
Latur,VILLAGE,Borsuri,Rural,664,3388,1764,701,813,8,129,76,29,2,6,1624
Latur,VILLAGE,Borsuriwadi (N.V.) ,Rural,44,194,88,37,32,1,14,3,0,0,1,106
Latur,VILLAGE,Mane Jawalga,Rural,322,1715,881,418,339,2,110,1,7,0,4,834
Latur,VILLAGE,Shelgi,Rural,451,2255,1210,544,354,2,167,73,54,7,9,1045
Latur,VILLAGE,Tadmugli,Rural,454,2544,1097,537,385,0,124,15,24,0,12,1447
Latur,VILLAGE,Malegaon [je],Rural,269,1283,692,397,243,7,30,10,3,0,2,591
Latur,VILLAGE,Singnal,Rural,151,655,340,166,147,2,19,0,5,0,1,315
Latur,VILLAGE,Jewari,Rural,387,1803,953,444,443,1,41,9,15,0,0,850
Latur,VILLAGE,Anandwadi (je.),Rural,0,0,0,0,0,0,0,0,0,0,0,0
Latur,VILLAGE,Sangvi [je],Rural,599,2778,1340,622,385,8,94,186,27,1,17,1438
Latur,VILLAGE,Nadi Hattarga,Rural,567,2601,1157,203,557,11,110,19,241,0,16,1444
Latur,VILLAGE,Mudgad [ekoji],Rural,640,2692,1328,407,484,9,215,34,86,8,85,1364
Latur,VILLAGE,Sarwadi,Rural,641,3077,1632,862,633,8,101,7,15,2,4,1445
Latur,VILLAGE,Kokalgaon,Rural,658,2914,1422,556,621,25,142,57,17,0,4,1492
Latur,VILLAGE,Ramtirth,Rural,144,632,304,129,167,0,6,0,0,0,2,328
Latur,VILLAGE,Pimpalwadi [je],Rural,63,248,122,103,8,0,10,1,0,0,0,126
Latur,VILLAGE,Bamni,Rural,240,1252,602,337,161,2,82,15,3,0,2,650
Latur,VILLAGE,Dhanora,Rural,386,1966,977,363,441,5,78,46,34,0,10,989
Latur,VILLAGE,Yelamwadi,Rural,101,531,204,52,97,2,34,0,13,1,5,327
Latur,VILLAGE,Madansuri,Rural,926,4636,2365,798,1003,51,199,131,107,18,58,2271
Latur,VILLAGE,Anandwadi (ha.),Rural,39,221,112,54,49,0,4,1,1,1,2,109
Latur,VILLAGE,Hadoli,Rural,302,1432,844,420,404,2,17,1,0,0,0,588
Latur,VILLAGE,Anandwadi (a.v.),Rural,53,264,142,134,1,0,7,0,0,0,0,122
Latur,VILLAGE,Ambulga (v),Rural,326,1618,842,459,289,7,45,10,31,0,1,776
Latur,VILLAGE,Hanmantwadi [ha],Rural,301,1428,810,324,225,3,32,157,66,0,3,618
Latur,VILLAGE,Hanmantwadi [a.v.],Rural,0,0,0,0,0,0,0,0,0,0,0,0
Latur,VILLAGE,Limbala,Rural,252,1360,610,287,228,3,64,11,10,0,7,750
Latur,VILLAGE,Chincholi (bha),Rural,375,1895,886,418,396,12,37,17,4,2,0,1009
Latur,VILLAGE,Yelnur,Rural,426,2121,1148,368,648,4,27,73,12,2,14,973
Latur,VILLAGE,Barmachiwadi,Rural,55,265,141,113,18,0,9,1,0,0,0,124
Latur,VILLAGE,Bhutmugli,Rural,407,2191,1228,740,293,3,55,47,76,3,11,963
Latur,VILLAGE,Haidarwadi,Rural,32,185,82,55,15,8,0,2,0,1,1,103
Latur,VILLAGE,Nilkanthwadi,Rural,28,166,70,46,12,3,7,0,0,1,1,96
Latur,VILLAGE,Bolegaon Kh.,Rural,165,886,491,303,108,15,54,3,2,1,5,395
Latur,VILLAGE,Chincholi (s),Rural,511,2671,1170,382,718,4,48,4,12,0,2,1501
Latur,VILLAGE,Harijawalga,Rural,356,1730,920,513,281,33,67,5,8,7,6,810
Latur,VILLAGE,Sabitwadi,Rural,97,434,241,53,71,1,12,50,45,0,9,193
Latur,VILLAGE,Hasori Kh.,Rural,147,817,486,348,134,0,4,0,0,0,0,331
Latur,VILLAGE,Hasori Bk.,Rural,477,2582,1108,484,437,4,142,23,15,0,3,1474
Latur,VILLAGE,Wadi Hasori,Rural,8,47,24,9,6,0,2,0,7,0,0,23
Latur,VILLAGE,Halsi [ha],Rural,342,1733,772,300,417,2,49,1,1,0,2,961
Latur,VILLAGE,Handral,Rural,123,605,256,133,31,4,21,5,59,0,3,349
Latur,VILLAGE,Dongargaon [ha.],Rural,176,836,444,199,43,11,50,35,76,13,17,392
Latur,VILLAGE,Mudgad Ramling,Rural,860,4452,2431,705,1115,31,435,55,39,1,50,2021
Latur,VILLAGE,Hattarga [halsi],Rural,348,1744,820,383,366,5,31,10,24,0,1,924
Latur,VILLAGE,Kasarshirshi,Rural,1613,8916,3323,462,1605,70,942,88,100,10,46,5593
Latur,VILLAGE,Wadikasar Shirshi,Rural,228,1132,643,184,336,0,7,8,108,0,0,489
Latur,VILLAGE,Usturi,Rural,551,3137,1390,746,496,3,123,9,11,0,2,1747
Latur,VILLAGE,Waksa,Rural,160,985,422,228,174,0,11,1,2,0,6,563
Latur,VILLAGE,Chandori,Rural,356,1816,1069,644,361,8,54,1,0,0,1,747
Latur,VILLAGE,Chandoriwadi,Rural,84,427,200,134,52,1,12,0,1,0,0,227
Latur,VILLAGE,Takli,Rural,311,1545,720,322,342,3,46,0,5,1,1,825
Latur,VILLAGE,Kalmugali,Rural,371,1795,931,237,616,15,47,4,8,0,4,864
Latur,VILLAGE,Malegaon (kalyani),Rural,505,2525,1172,624,425,6,97,6,5,1,8,1353
Latur,VILLAGE,Tambalwadi,Rural,101,616,157,142,8,1,6,0,0,0,0,459
Latur,VILLAGE,Tambala,Rural,766,4330,1774,775,682,11,266,6,15,1,18,2556
Latur,VILLAGE,Sardarwadi,Rural,109,487,299,211,75,0,8,0,2,0,3,188
Latur,VILLAGE,Chilwantwadi,Rural,323,1672,697,338,255,5,92,4,3,0,0,975
Latur,VILLAGE,Kamalwadi (N.V.) ,Rural,99,511,286,36,80,0,28,55,81,0,6,225
Latur,VILLAGE,Pirupatelwadi,Rural,204,1115,668,423,201,0,40,3,0,1,0,447
Latur,VILLAGE,Kasar Balkunda,Rural,810,4178,1745,399,1056,45,217,8,10,1,9,2433
Latur,VILLAGE,Badur,Rural,654,3239,1701,788,494,35,147,131,87,2,17,1538
Latur,VILLAGE,Aundha,Rural,280,1523,881,489,209,3,26,17,122,0,15,642
Latur,VILLAGE,Shiradhon,Rural,406,2107,985,378,300,6,95,90,112,0,4,1122
Latur,VILLAGE,Korali,Rural,778,3774,1933,569,907,10,115,157,161,2,12,1841
Latur,VILLAGE,Nelwad,Rural,626,3314,1848,901,793,21,89,5,26,7,6,1466
Latur,VILLAGE,Mirgan Halli,Rural,340,1757,896,280,352,5,39,51,149,5,15,861
Latur,VILLAGE,Hallali,Rural,332,1750,1004,491,295,8,21,160,24,0,5,746
Latur,VILLAGE,Mamdapur,Rural,306,1528,820,363,168,9,53,181,46,0,0,708
Latur,CD BLOCK,Deoni,Rural,18793,97598,46643,16199,20385,662,5593,1328,1675,175,626,50955
Latur,VILLAGE,Mamdapur,Rural,32,163,73,50,12,0,6,3,0,0,2,90
Latur,VILLAGE,Dharmapuri,Rural,0,0,0,0,0,0,0,0,0,0,0,0
Latur,VILLAGE,Gurdhal (her),Rural,355,1895,994,598,294,5,77,5,12,0,3,901
Latur,VILLAGE,Kamaroddinpur,Rural,314,1552,789,349,349,0,61,0,4,0,26,763
Latur,VILLAGE,Talegaon (bhogeshwar),Rural,473,2501,1174,498,358,36,113,11,124,8,26,1327
Latur,VILLAGE,Nagtirthawadi,Rural,111,552,283,181,52,0,27,14,6,0,3,269
Latur,VILLAGE,Chawan Hipparga,Rural,460,2437,937,333,480,18,51,15,27,0,13,1500
Latur,VILLAGE,Sayyadpur,Rural,324,1632,857,435,370,9,29,4,2,6,2,775
Latur,VILLAGE,Kawathala,Rural,515,2554,1219,379,725,8,64,9,25,1,8,1335
Latur,VILLAGE,Darewadi,Rural,144,771,413,276,85,2,46,1,0,1,2,358
Latur,VILLAGE,Walandi,Rural,977,5262,2283,542,998,54,485,51,70,26,57,2979
Latur,VILLAGE,Ismailwadi,Rural,116,644,356,258,88,0,6,3,1,0,0,288
Latur,VILLAGE,Dhangarwadi,Rural,144,702,361,194,139,2,18,3,5,0,0,341
Latur,VILLAGE,Jawalga,Rural,956,4963,2560,717,1296,22,274,65,65,46,75,2403
Latur,VILLAGE,Wagnalwadi,Rural,130,575,318,110,181,2,12,3,10,0,0,257
Latur,VILLAGE,Hisamnagar,Rural,343,1758,942,345,411,38,124,5,2,1,16,816
Latur,VILLAGE,Helamb,Rural,596,2942,1497,556,686,14,235,1,2,3,0,1445
Latur,VILLAGE,Anantwadi,Rural,104,494,267,124,34,0,98,6,0,0,5,227
Latur,VILLAGE,Bombali Bk.,Rural,155,968,461,179,235,4,20,6,16,0,1,507
Latur,VILLAGE,Dhanegaon,Rural,612,3086,1488,387,793,4,240,21,26,2,15,1598
Latur,VILLAGE,Takali (walandi),Rural,413,1911,857,377,204,15,44,29,167,10,11,1054
Latur,VILLAGE,Bombli Kh,Rural,268,1246,542,317,130,1,54,3,17,3,17,704
Latur,VILLAGE,Mahadevwadi,Rural,90,378,264,224,17,5,12,4,0,0,2,114
Latur,VILLAGE,Dawan Hipparga,Rural,594,3037,1425,390,728,6,126,85,66,2,22,1612
Latur,VILLAGE,Ambanagar,Rural,184,1006,481,167,198,1,64,18,32,0,1,525
Latur,VILLAGE,Anandwadi,Rural,167,920,414,149,169,30,50,6,2,6,2,506
Latur,VILLAGE,Nagral,Rural,320,1604,779,144,593,1,35,0,5,0,1,825
Latur,VILLAGE,Konali (N),Rural,350,1971,919,290,316,3,41,80,155,0,34,1052
Latur,VILLAGE,Manki,Rural,142,700,361,82,163,9,3,37,63,3,1,339
Latur,VILLAGE,Bhopani,Rural,229,1357,562,102,351,5,46,17,10,1,30,795
Latur,VILLAGE,Sawargaon,Rural,305,1479,586,214,230,3,93,23,19,1,3,893
Latur,VILLAGE,Honali,Rural,378,2062,1044,275,238,4,127,170,218,4,8,1018
Latur,VILLAGE,Dongarewadi ,Rural,54,275,113,38,58,0,12,1,2,0,2,162
Latur,VILLAGE,Kamalwadi,Rural,272,1379,601,131,386,7,62,4,8,1,2,778
Latur,VILLAGE,Neknal,Rural,273,1404,635,206,287,17,59,48,14,1,3,769
Latur,VILLAGE,Achwala,Rural,254,1351,766,358,301,4,92,3,1,1,6,585
Latur,VILLAGE,Vilegaon,Rural,483,2831,1290,421,599,23,86,30,85,25,21,1541
Latur,VILLAGE,Deoni Bk.,Rural,2341,12899,5240,579,2752,153,1464,27,156,8,101,7659
Latur,VILLAGE,Hanchanal,Rural,279,1322,752,221,343,61,50,66,5,3,3,570
Latur,VILLAGE,Sangam,Rural,176,945,384,169,179,4,28,3,1,0,0,561
Latur,VILLAGE,Ajani,Rural,178,920,497,121,281,2,23,14,43,2,11,423
Latur,VILLAGE,Wagadari [walandi],Rural,231,1212,693,402,240,1,34,5,9,0,2,519
Latur,VILLAGE,Shivajinagar Tanda,Rural,89,413,236,165,64,0,6,0,1,0,0,177
Latur,VILLAGE,Borol,Rural,867,4159,2028,936,776,19,268,6,7,0,16,2131
Latur,VILLAGE,Devani Kh,Rural,324,1818,959,277,484,14,64,76,40,0,4,859
Latur,VILLAGE,Ambegaon,Rural,319,1465,704,285,281,10,112,4,4,1,7,761
Latur,VILLAGE,Wadmurambi,Rural,349,1682,891,302,320,9,49,137,64,3,7,791
Latur,VILLAGE,Bolegaon,Rural,223,910,430,123,243,3,55,1,4,1,0,480
Latur,VILLAGE,Indral,Rural,267,1367,803,483,294,3,22,0,0,1,0,564
Latur,VILLAGE,Gurnal,Rural,303,1592,865,419,316,1,77,13,25,0,14,727
Latur,VILLAGE,Sindhikamth,Rural,163,823,304,188,98,0,17,1,0,0,0,519
Latur,VILLAGE,Gaundgaon,Rural,366,2099,1107,391,495,13,143,22,9,3,31,992
Latur,VILLAGE,Lasona,Rural,490,2605,1283,508,439,17,113,155,42,1,8,1322
Latur,VILLAGE,Batanpur,Rural,191,1005,556,234,226,0,76,14,4,0,2,449
Latur,CD BLOCK,Udgir,Rural,37185,199267,91764,26859,41630,1252,12741,3350,4412,212,1308,107503
Latur,VILLAGE,Dhotarwadi,Rural,149,859,411,190,69,0,46,103,3,0,0,448
Latur,VILLAGE,Kumdhal (her),Rural,137,635,364,296,34,1,21,1,3,2,6,271
Latur,VILLAGE,Arasnal,Rural,260,1306,567,199,232,1,65,3,28,0,39,739
Latur,VILLAGE,Kiniyalladevi,Rural,463,2659,1153,284,536,0,186,26,100,2,19,1506
Latur,VILLAGE,Umarga Manna,Rural,197,924,503,160,305,1,35,0,1,0,1,421
Latur,VILLAGE,Anapwadi,Rural,87,555,294,195,82,1,14,2,0,0,0,261
Latur,VILLAGE,Honihipparga,Rural,155,881,421,243,151,1,16,4,1,2,3,460
Latur,VILLAGE,Kshetrafal,Rural,144,963,365,101,235,1,16,4,2,0,6,598
Latur,VILLAGE,Hangarga Kudar,Rural,280,1560,773,239,264,5,35,41,183,0,6,787
Latur,VILLAGE,Ismalpur,Rural,193,984,396,105,148,2,42,22,75,0,2,588
Latur,VILLAGE,Tondar,Rural,1063,5362,2186,585,859,49,300,134,220,5,34,3176
Latur,VILLAGE,Kumtha Kh.,Rural,628,3448,1635,435,736,10,145,145,145,1,18,1813
Latur,VILLAGE,Her,Rural,1094,5856,3058,928,1053,18,223,165,624,6,41,2798
Latur,VILLAGE,Boyachiwadi,Rural,96,556,209,139,11,2,37,8,3,0,9,347
Latur,VILLAGE,Karadkhed,Rural,664,3584,1632,465,775,12,254,40,43,6,37,1952
Latur,VILLAGE,Waigaon,Rural,405,2293,1162,505,470,8,61,81,27,5,5,1131
Latur,VILLAGE,Chimachiwadi,Rural,121,636,325,66,50,28,15,22,115,26,3,311
Latur,VILLAGE,Mortalwadi,Rural,249,1433,663,333,259,1,38,1,30,1,0,770
Latur,VILLAGE,Halli,Rural,1095,6003,2560,379,1404,119,530,9,77,8,34,3443
Latur,VILLAGE,Rudrawadi ,Rural,113,607,346,105,212,2,25,0,2,0,0,261
Latur,VILLAGE,Wanjarwadi ,Rural,68,317,172,15,120,0,32,0,4,0,1,145
Latur,VILLAGE,Handarguli,Rural,1243,6707,2754,401,1333,192,587,13,167,18,43,3953
Latur,VILLAGE,Adolwadi ,Rural,62,300,158,54,87,0,14,1,0,0,2,142
Latur,VILLAGE,Wadhawana Kh.,Rural,609,3140,1320,427,705,21,131,10,14,1,11,1820
Latur,VILLAGE,Sukani,Rural,288,1672,681,233,297,15,103,4,16,1,12,991
Latur,VILLAGE,Dangewadi,Rural,108,711,314,92,192,0,30,0,0,0,0,397
Latur,VILLAGE,Wadhawana Bk.,Rural,1631,8643,3545,607,2211,69,539,29,55,4,31,5098
Latur,VILLAGE,Ekurka Road,Rural,319,1774,779,228,371,8,136,5,22,1,8,995
Latur,VILLAGE,Kherda Kh.,Rural,287,1282,713,385,267,0,45,0,7,0,9,569
Latur,VILLAGE,Daul (H),Rural,196,1032,619,228,220,4,37,81,40,0,9,413
Latur,VILLAGE,Hipparga (D),Rural,153,869,409,217,150,3,33,0,6,0,0,460
Latur,VILLAGE,Kallur,Rural,329,1668,869,171,396,2,148,65,69,3,15,799
Latur,VILLAGE,Dongarshelki,Rural,525,2929,964,223,232,21,243,14,195,6,30,1965
Latur,VILLAGE,Nawandi,Rural,495,2958,1264,231,829,4,160,25,7,0,8,1694
Latur,VILLAGE,Gudsur,Rural,1037,5359,2523,457,1566,32,376,18,36,1,37,2836
Latur,VILLAGE,Mortalwadi (N),Rural,231,1428,599,257,244,10,73,5,8,0,2,829
Latur,VILLAGE,Nalgir,Rural,938,4808,2108,388,967,53,441,36,58,16,149,2700
Latur,VILLAGE,Mutalgaon,Rural,68,313,195,74,98,0,15,3,3,2,0,118
Latur,VILLAGE,Deulwadi,Rural,489,2306,1233,655,434,9,102,8,18,1,6,1073
Latur,VILLAGE,Chondi,Rural,280,1521,639,243,324,2,65,3,1,0,1,882
Latur,VILLAGE,Kodali,Rural,273,1372,733,365,276,4,71,7,5,1,4,639
Latur,VILLAGE,Manjari,Rural,171,942,485,178,257,6,40,0,2,0,2,457
Latur,VILLAGE,Sumthana,Rural,127,628,314,94,70,0,12,65,71,0,2,314
Latur,VILLAGE,Kasral,Rural,218,1250,595,150,334,2,93,3,3,0,10,655
Latur,VILLAGE,Takali (udgir),Rural,252,1459,697,118,455,13,77,5,13,3,13,762
Latur,VILLAGE,Dhadaknal,Rural,147,640,369,186,160,9,13,0,1,0,0,271
Latur,VILLAGE,Borgaon Bk.,Rural,275,1369,730,374,274,3,41,16,20,0,2,639
Latur,VILLAGE,Wagdari,Rural,187,1130,655,280,280,0,75,4,3,1,12,475
Latur,VILLAGE,Limbgaon,Rural,145,808,308,97,196,0,9,6,0,0,0,500
Latur,VILLAGE,Kumdal,Rural,169,902,440,136,210,2,85,3,1,0,3,462
Latur,VILLAGE,Mallapur,Rural,154,1001,461,118,233,2,62,8,30,0,8,540
Latur,VILLAGE,Chandegaon,Rural,296,1545,800,167,289,7,92,157,62,2,24,745
Latur,VILLAGE,Digras,Rural,413,2366,1041,323,376,4,119,90,121,1,7,1325
Latur,VILLAGE,Satala Bk,Rural,362,1764,985,288,509,13,77,13,79,0,6,779
Latur,VILLAGE,Shambhu Umarga,Rural,434,1867,856,290,393,7,87,49,15,2,13,1011
Latur,VILLAGE,Mahadevwadi,Rural,136,576,373,157,79,4,62,59,6,1,5,203
Latur,VILLAGE,Gangapur,Rural,197,1002,308,185,20,2,15,9,73,1,3,694
Latur,VILLAGE,Bhakaskheda,Rural,475,2268,1063,384,591,2,62,1,14,1,8,1205
Latur,VILLAGE,Lohara,Rural,1222,6442,2729,756,1511,19,347,18,52,4,22,3713
Latur,VILLAGE,Haibatpur,Rural,256,1448,676,273,272,1,118,8,0,0,4,772
Latur,VILLAGE,Shekapur,Rural,359,2215,1092,376,510,6,165,7,14,4,10,1123
Latur,VILLAGE,Dawangaon,Rural,500,2720,1438,528,757,9,89,13,36,0,6,1282
Latur,VILLAGE,Karkheli,Rural,250,1311,650,124,156,8,56,158,136,4,8,661
Latur,VILLAGE,Chighali,Rural,179,969,562,242,172,3,11,84,46,1,3,407
Latur,VILLAGE,Dewarjan,Rural,887,4329,2029,479,938,26,133,183,138,11,121,2300
Latur,VILLAGE,Hanmantwadi,Rural,148,685,382,233,135,2,8,3,0,0,1,303
Latur,VILLAGE,Karwandi,Rural,236,1089,421,189,185,0,42,1,4,0,0,668
Latur,VILLAGE,Haknakwadi,Rural,286,1620,573,174,322,3,66,6,0,0,2,1047
Latur,VILLAGE,Pimpri,Rural,319,1816,780,259,380,1,118,1,9,1,11,1036
Latur,VILLAGE,Avalkonda,Rural,570,2909,1329,302,737,10,189,11,63,7,10,1580
Latur,VILLAGE,Kashiram / Somlatanda,Rural,85,483,242,51,153,1,19,5,6,0,7,241
Latur,VILLAGE,Nagalgaon,Rural,645,3211,1742,340,726,42,215,202,206,3,8,1469
Latur,VILLAGE,Bortal Tanda,Rural,174,1032,340,50,105,0,31,12,109,0,33,692
Latur,VILLAGE,Udgir ,Rural,0,0,0,0,0,0,0,0,0,0,0,0
Latur,VILLAGE,Somnathpur,Rural,1010,5506,2168,147,968,82,874,6,29,2,60,3338
Latur,VILLAGE,Loni,Rural,729,3826,1513,245,952,49,235,5,18,0,9,2313
Latur,VILLAGE,Malkapur,Rural,1009,5512,2158,264,1093,49,673,14,28,13,24,3354
Latur,VILLAGE,Tiwatgyal,Rural,116,629,397,255,14,0,10,26,80,0,12,232
Latur,VILLAGE,Maroti Tanda,Rural,34,174,93,10,65,1,3,1,13,0,0,81
Latur,VILLAGE,Kaulkhed,Rural,297,1586,767,156,510,1,75,6,10,0,9,819
Latur,VILLAGE,Malewadi,Rural,251,1380,741,349,305,2,78,1,5,0,1,639
Latur,VILLAGE,Madlapur,Rural,478,2617,942,100,283,23,436,18,38,1,43,1675
Latur,VILLAGE,Banshelki,Rural,463,2230,1089,273,406,12,345,5,31,3,14,1141
Latur,VILLAGE,Netragaon,Rural,214,1252,737,425,220,1,72,7,1,1,10,515
Latur,VILLAGE,Jaknal,Rural,116,657,241,69,94,2,71,3,1,0,1,416
Latur,VILLAGE,Shelhal,Rural,445,2473,1574,566,624,8,120,190,51,3,12,899
Latur,VILLAGE,Gurdhal (udgir),Rural,146,700,569,187,197,0,21,94,67,0,3,131
Latur,VILLAGE,Shirol,Rural,522,2915,1376,410,433,22,414,64,21,0,12,1539
Latur,VILLAGE,Janapur,Rural,374,2669,1268,367,477,2,116,225,65,0,16,1401
Latur,VILLAGE,Tondchir,Rural,479,2828,1308,584,501,12,108,50,41,0,12,1520
Latur,VILLAGE,Mogha,Rural,416,2289,1237,409,399,10,192,141,70,2,14,1052
Latur,VILLAGE,Bamni,Rural,225,1261,662,148,313,3,54,103,32,1,8,599
Latur,VILLAGE,Yenki,Rural,288,1769,946,495,325,19,77,17,3,1,9,823
Latur,VILLAGE,Togari,Rural,632,3178,1358,383,686,12,224,9,17,17,10,1820
Latur,VILLAGE,Belshakarga,Rural,318,1604,801,374,327,1,78,12,0,1,8,803
Latur,VILLAGE,Dhondi Hipparga,Rural,414,2166,882,203,593,6,72,1,1,0,6,1284
Latur,VILLAGE,Tadlapur,Rural,170,1037,568,236,235,15,70,7,0,1,4,469
Latur,VILLAGE,Rawangaon,Rural,543,3000,1290,400,621,2,210,7,44,0,6,1710
